
> GLOKarts-realtime@0.1.0 dev
> node --watch src/index.js

{"ts":"2026-03-21T02:34:10.775Z","level":"info","event":"server_start","port":2567,"env":"development"}

       ___      _
      / __\___ | |_   _ ___  ___ _   _ ___
     / /  / _ \| | | | / __|/ _ \ | | / __|
    / /__| (_) | | |_| \__ \  __/ |_| \__ \
    \____/\___/|_|\__, |___/\___|\__,_|___/
                  |___/

     · Multiplayer Framework for Node.js ·

💖 Consider becoming a Sponsor on GitHub → https://github.com/sponsors/endel
🌟 Give us a star on GitHub → https://github.com/colyseus/colyseus
☁️  Deploy and scale your project on Colyseus Cloud → https://cloud.colyseus.io


Restarting 'src/index.js'
{"ts":"2026-03-21T02:34:14.900Z","level":"info","event":"server_start","port":2567,"env":"development"}

       ___      _
      / __\___ | |_   _ ___  ___ _   _ ___
     / /  / _ \| | | | / __|/ _ \ | | / __|
    / /__| (_) | | |_| \__ \  __/ |_| \__ \
    \____/\___/|_|\__, |___/\___|\__,_|___/
                  |___/

     · Multiplayer Framework for Node.js ·

💖 Consider becoming a Sponsor on GitHub → https://github.com/sponsors/endel
🌟 Give us a star on GitHub → https://github.com/colyseus/colyseus
☁️  Deploy and scale your project on Colyseus Cloud → https://cloud.colyseus.io


{"ts":"2026-03-21T02:35:54.588Z","level":"info","event":"room_join","room":"lobby_room","roomId":"5Py6_kqH4","sessionId":"ICaVyiunv","players":1}
{"ts":"2026-03-21T02:36:08.925Z","level":"info","event":"room_join","room":"lobby_room","roomId":"5Py6_kqH4","sessionId":"nHThUC0hO","players":2}
{"ts":"2026-03-21T02:36:21.836Z","level":"info","event":"room_leave","room":"lobby_room","roomId":"5Py6_kqH4","sessionId":"nHThUC0hO","players":1}
{"ts":"2026-03-21T02:36:21.840Z","level":"info","event":"room_leave","room":"lobby_room","roomId":"5Py6_kqH4","sessionId":"ICaVyiunv","players":0}
[battle_room] created roomId=_wYscVthO gameType=deathmatch scoreLimit=5 maxClients=12 patchRateMs=33
{"ts":"2026-03-21T02:36:31.724Z","level":"info","event":"room_create","room":"battle_room","roomId":"_wYscVthO","gameType":"deathmatch","scoreLimit":5,"maxClients":12,"patchRateMs":33.333333333333336,"staleInputMs":500,"authoritative":true}
[battle_room] join sessionId=K2KXog9bX name=Player_7921 team=red players=1
{"ts":"2026-03-21T02:36:32.086Z","level":"info","event":"room_join","room":"battle_room","roomId":"_wYscVthO","sessionId":"K2KXog9bX","name":"Player_7921","players":1}
[battle_room] join sessionId=2crmwgkuT name=Player_7238 team=blue players=2
{"ts":"2026-03-21T02:36:32.103Z","level":"info","event":"room_join","room":"battle_room","roomId":"_wYscVthO","sessionId":"2crmwgkuT","name":"Player_7238","players":2}
{"ts":"2026-03-21T02:36:35.618Z","level":"info","event":"battle_ready","room":"battle_room","roomId":"_wYscVthO","sessionId":"K2KXog9bX","readyCount":0,"players":2}
{"ts":"2026-03-21T02:36:35.728Z","level":"info","event":"battle_ready","room":"battle_room","roomId":"_wYscVthO","sessionId":"2crmwgkuT","readyCount":1,"players":2}
{"ts":"2026-03-21T02:45:26.812Z","level":"info","event":"room_leave","room":"battle_room","roomId":"_wYscVthO","sessionId":"2crmwgkuT","players":1}
[battle_room] leave sessionId=2crmwgkuT players=1
{"ts":"2026-03-21T02:45:26.986Z","level":"info","event":"room_leave","room":"battle_room","roomId":"_wYscVthO","sessionId":"K2KXog9bX","players":0}
[battle_room] leave sessionId=K2KXog9bX players=0
[battle_room] created roomId=XiL9mBT4l gameType=deathmatch scoreLimit=5 maxClients=12 patchRateMs=33
{"ts":"2026-03-21T02:45:28.514Z","level":"info","event":"room_create","room":"battle_room","roomId":"XiL9mBT4l","gameType":"deathmatch","scoreLimit":5,"maxClients":12,"patchRateMs":33.333333333333336,"staleInputMs":500,"authoritative":true}
[battle_room] join sessionId=SmCDdlLDM name=Player_7238 team=red players=1
{"ts":"2026-03-21T02:45:29.247Z","level":"info","event":"room_join","room":"battle_room","roomId":"XiL9mBT4l","sessionId":"SmCDdlLDM","name":"Player_7238","players":1}
{"ts":"2026-03-21T02:45:29.377Z","level":"info","event":"battle_ready","room":"battle_room","roomId":"XiL9mBT4l","sessionId":"SmCDdlLDM","readyCount":0,"players":1}
{"ts":"2026-03-21T02:45:31.383Z","level":"info","event":"room_leave","room":"battle_room","roomId":"XiL9mBT4l","sessionId":"SmCDdlLDM","players":0}
[battle_room] leave sessionId=SmCDdlLDM players=0
[battle_room] join sessionId=MLwgbJYfG name=Player_7921 team=red players=1
{"ts":"2026-03-21T02:45:31.737Z","level":"info","event":"room_join","room":"battle_room","roomId":"XiL9mBT4l","sessionId":"MLwgbJYfG","name":"Player_7921","players":1}
{"ts":"2026-03-21T02:45:31.805Z","level":"info","event":"battle_ready","room":"battle_room","roomId":"XiL9mBT4l","sessionId":"MLwgbJYfG","readyCount":0,"players":1}
{"ts":"2026-03-21T02:45:31.882Z","level":"info","event":"room_leave","room":"battle_room","roomId":"XiL9mBT4l","sessionId":"MLwgbJYfG","players":0}
[battle_room] leave sessionId=MLwgbJYfG players=0
[battle_room] created roomId=5NNdAMAm6 gameType=deathmatch scoreLimit=5 maxClients=12 patchRateMs=33
{"ts":"2026-03-21T02:45:32.209Z","level":"info","event":"room_create","room":"battle_room","roomId":"5NNdAMAm6","gameType":"deathmatch","scoreLimit":5,"maxClients":12,"patchRateMs":33.333333333333336,"staleInputMs":500,"authoritative":true}
[battle_room] join sessionId=-8GyBlffK name=Player_7238 team=red players=1
{"ts":"2026-03-21T02:45:32.228Z","level":"info","event":"room_join","room":"battle_room","roomId":"5NNdAMAm6","sessionId":"-8GyBlffK","name":"Player_7238","players":1}
{"ts":"2026-03-21T02:45:32.337Z","level":"info","event":"battle_ready","room":"battle_room","roomId":"5NNdAMAm6","sessionId":"-8GyBlffK","readyCount":0,"players":1}
[battle_room] join sessionId=6uQSnf9hA name=Player_7921 team=blue players=2
{"ts":"2026-03-21T02:45:32.497Z","level":"info","event":"room_join","room":"battle_room","roomId":"5NNdAMAm6","sessionId":"6uQSnf9hA","name":"Player_7921","players":2}
{"ts":"2026-03-21T02:45:35.473Z","level":"info","event":"battle_ready","room":"battle_room","roomId":"5NNdAMAm6","sessionId":"6uQSnf9hA","readyCount":1,"players":2}
{"ts":"2026-03-21T02:45:51.160Z","level":"info","event":"room_leave","room":"battle_room","roomId":"5NNdAMAm6","sessionId":"-8GyBlffK","players":1}
[battle_room] leave sessionId=-8GyBlffK players=1
{"ts":"2026-03-21T02:45:51.262Z","level":"info","event":"room_leave","room":"battle_room","roomId":"5NNdAMAm6","sessionId":"6uQSnf9hA","players":0}
[battle_room] leave sessionId=6uQSnf9hA players=0
[battle_room] created roomId=wVdCVyU4u gameType=deathmatch scoreLimit=5 maxClients=12 patchRateMs=33
{"ts":"2026-03-21T02:45:51.826Z","level":"info","event":"room_create","room":"battle_room","roomId":"wVdCVyU4u","gameType":"deathmatch","scoreLimit":5,"maxClients":12,"patchRateMs":33.333333333333336,"staleInputMs":500,"authoritative":true}
[battle_room] join sessionId=2LE37izsR name=Player_7921 team=red players=1
{"ts":"2026-03-21T02:45:51.883Z","level":"info","event":"room_join","room":"battle_room","roomId":"wVdCVyU4u","sessionId":"2LE37izsR","name":"Player_7921","players":1}
[battle_room] join sessionId=RaYX1WVTf name=Player_7238 team=blue players=2
{"ts":"2026-03-21T02:45:52.575Z","level":"info","event":"room_join","room":"battle_room","roomId":"wVdCVyU4u","sessionId":"RaYX1WVTf","name":"Player_7238","players":2}
{"ts":"2026-03-21T02:45:52.589Z","level":"info","event":"battle_ready","room":"battle_room","roomId":"wVdCVyU4u","sessionId":"RaYX1WVTf","readyCount":0,"players":2}
{"ts":"2026-03-21T02:45:54.744Z","level":"info","event":"battle_ready","room":"battle_room","roomId":"wVdCVyU4u","sessionId":"2LE37izsR","readyCount":1,"players":2}
{"ts":"2026-03-21T02:46:59.092Z","level":"info","event":"room_leave","room":"battle_room","roomId":"wVdCVyU4u","sessionId":"RaYX1WVTf","players":1}
[battle_room] leave sessionId=RaYX1WVTf players=1
[battle_room] join sessionId=YvmZBeNRu name=Player_7238 team=blue players=2
{"ts":"2026-03-21T02:47:00.061Z","level":"info","event":"room_join","room":"battle_room","roomId":"wVdCVyU4u","sessionId":"YvmZBeNRu","name":"Player_7238","players":2}
{"ts":"2026-03-21T02:47:00.142Z","level":"info","event":"room_leave","room":"battle_room","roomId":"wVdCVyU4u","sessionId":"2LE37izsR","players":1}
[battle_room] leave sessionId=2LE37izsR players=1
[battle_room] join sessionId=w7iar2zJy name=Player_7921 team=blue players=2
{"ts":"2026-03-21T02:47:00.954Z","level":"info","event":"room_join","room":"battle_room","roomId":"wVdCVyU4u","sessionId":"w7iar2zJy","name":"Player_7921","players":2}
{"ts":"2026-03-21T02:48:51.222Z","level":"info","event":"room_leave","room":"battle_room","roomId":"wVdCVyU4u","sessionId":"YvmZBeNRu","players":1}
[battle_room] leave sessionId=YvmZBeNRu players=1
{"ts":"2026-03-21T02:48:51.379Z","level":"info","event":"room_leave","room":"battle_room","roomId":"wVdCVyU4u","sessionId":"w7iar2zJy","players":0}
[battle_room] leave sessionId=w7iar2zJy players=0
[battle_room] created roomId=Hlt1JupDJ gameType=deathmatch scoreLimit=5 maxClients=12 patchRateMs=33
{"ts":"2026-03-21T02:48:52.485Z","level":"info","event":"room_create","room":"battle_room","roomId":"Hlt1JupDJ","gameType":"deathmatch","scoreLimit":5,"maxClients":12,"patchRateMs":33.333333333333336,"staleInputMs":500,"authoritative":true}
[battle_room] join sessionId=aRlfG__J9 name=Player_7238 team=red players=1
{"ts":"2026-03-21T02:48:52.549Z","level":"info","event":"room_join","room":"battle_room","roomId":"Hlt1JupDJ","sessionId":"aRlfG__J9","name":"Player_7238","players":1}
[battle_room] join sessionId=aSzgx5-WR name=Player_7921 team=blue players=2
{"ts":"2026-03-21T02:48:52.592Z","level":"info","event":"room_join","room":"battle_room","roomId":"Hlt1JupDJ","sessionId":"aSzgx5-WR","name":"Player_7921","players":2}
{"ts":"2026-03-21T02:48:56.482Z","level":"info","event":"battle_ready","room":"battle_room","roomId":"Hlt1JupDJ","sessionId":"aSzgx5-WR","readyCount":0,"players":2}
{"ts":"2026-03-21T02:48:56.585Z","level":"info","event":"room_leave","room":"battle_room","roomId":"Hlt1JupDJ","sessionId":"aSzgx5-WR","players":1}
[battle_room] leave sessionId=aSzgx5-WR players=1
{"ts":"2026-03-21T02:48:56.655Z","level":"info","event":"battle_ready","room":"battle_room","roomId":"Hlt1JupDJ","sessionId":"aRlfG__J9","readyCount":0,"players":1}
{"ts":"2026-03-21T02:48:56.773Z","level":"info","event":"room_leave","room":"battle_room","roomId":"Hlt1JupDJ","sessionId":"aRlfG__J9","players":0}
[battle_room] leave sessionId=aRlfG__J9 players=0
[battle_room] created roomId=-oFReR_ko gameType=deathmatch scoreLimit=5 maxClients=12 patchRateMs=33
{"ts":"2026-03-21T02:48:57.490Z","level":"info","event":"room_create","room":"battle_room","roomId":"-oFReR_ko","gameType":"deathmatch","scoreLimit":5,"maxClients":12,"patchRateMs":33.333333333333336,"staleInputMs":500,"authoritative":true}
[battle_room] join sessionId=2R1aA_k0_ name=Player_7921 team=red players=1
{"ts":"2026-03-21T02:48:57.671Z","level":"info","event":"room_join","room":"battle_room","roomId":"-oFReR_ko","sessionId":"2R1aA_k0_","name":"Player_7921","players":1}
[battle_room] join sessionId=Vv5wW2v7o name=Player_7238 team=blue players=2
{"ts":"2026-03-21T02:48:57.797Z","level":"info","event":"room_join","room":"battle_room","roomId":"-oFReR_ko","sessionId":"Vv5wW2v7o","name":"Player_7238","players":2}
{"ts":"2026-03-21T02:49:01.481Z","level":"info","event":"battle_ready","room":"battle_room","roomId":"-oFReR_ko","sessionId":"2R1aA_k0_","readyCount":0,"players":2}
{"ts":"2026-03-21T02:49:02.173Z","level":"info","event":"battle_ready","room":"battle_room","roomId":"-oFReR_ko","sessionId":"Vv5wW2v7o","readyCount":1,"players":2}
{"ts":"2026-03-21T02:49:35.598Z","level":"info","event":"room_leave","room":"battle_room","roomId":"-oFReR_ko","sessionId":"Vv5wW2v7o","players":1}
[battle_room] leave sessionId=Vv5wW2v7o players=1
[battle_room] join sessionId=UXsWWuPkH name=Player_7238 team=blue players=2
{"ts":"2026-03-21T02:49:39.429Z","level":"info","event":"room_join","room":"battle_room","roomId":"-oFReR_ko","sessionId":"UXsWWuPkH","name":"Player_7238","players":2}
{"ts":"2026-03-21T02:49:40.344Z","level":"info","event":"room_leave","room":"battle_room","roomId":"-oFReR_ko","sessionId":"2R1aA_k0_","players":1}
[battle_room] leave sessionId=2R1aA_k0_ players=1
[battle_room] join sessionId=wWvcooVAb name=Player_7921 team=blue players=2
{"ts":"2026-03-21T02:49:41.084Z","level":"info","event":"room_join","room":"battle_room","roomId":"-oFReR_ko","sessionId":"wWvcooVAb","name":"Player_7921","players":2}
{"ts":"2026-03-21T02:52:04.591Z","level":"info","event":"room_leave","room":"battle_room","roomId":"-oFReR_ko","sessionId":"wWvcooVAb","players":1}
[battle_room] leave sessionId=wWvcooVAb players=1
{"ts":"2026-03-21T02:52:04.763Z","level":"info","event":"room_leave","room":"battle_room","roomId":"-oFReR_ko","sessionId":"UXsWWuPkH","players":0}
[battle_room] leave sessionId=UXsWWuPkH players=0
[battle_room] created roomId=z2ruhy1zW gameType=deathmatch scoreLimit=5 maxClients=12 patchRateMs=33
{"ts":"2026-03-21T02:52:06.368Z","level":"info","event":"room_create","room":"battle_room","roomId":"z2ruhy1zW","gameType":"deathmatch","scoreLimit":5,"maxClients":12,"patchRateMs":33.333333333333336,"staleInputMs":500,"authoritative":true}
[battle_room] join sessionId=54ltf1I4X name=Player_7921 team=red players=1
{"ts":"2026-03-21T02:52:06.479Z","level":"info","event":"room_join","room":"battle_room","roomId":"z2ruhy1zW","sessionId":"54ltf1I4X","name":"Player_7921","players":1}
[battle_room] join sessionId=USmgd_Jz2 name=Player_7238 team=blue players=2
{"ts":"2026-03-21T02:52:07.136Z","level":"info","event":"room_join","room":"battle_room","roomId":"z2ruhy1zW","sessionId":"USmgd_Jz2","name":"Player_7238","players":2}
{"ts":"2026-03-21T02:52:11.708Z","level":"info","event":"battle_ready","room":"battle_room","roomId":"z2ruhy1zW","sessionId":"54ltf1I4X","readyCount":0,"players":2}
{"ts":"2026-03-21T02:52:11.904Z","level":"info","event":"room_leave","room":"battle_room","roomId":"z2ruhy1zW","sessionId":"54ltf1I4X","players":1}
[battle_room] leave sessionId=54ltf1I4X players=1
[battle_room] join sessionId=CmPyWuuGO name=Player_7921 team=blue players=2
{"ts":"2026-03-21T02:52:12.656Z","level":"info","event":"room_join","room":"battle_room","roomId":"z2ruhy1zW","sessionId":"CmPyWuuGO","name":"Player_7921","players":2}
{"ts":"2026-03-21T02:52:13.481Z","level":"info","event":"battle_ready","room":"battle_room","roomId":"z2ruhy1zW","sessionId":"USmgd_Jz2","readyCount":0,"players":2}
{"ts":"2026-03-21T02:52:13.596Z","level":"info","event":"room_leave","room":"battle_room","roomId":"z2ruhy1zW","sessionId":"USmgd_Jz2","players":1}
[battle_room] leave sessionId=USmgd_Jz2 players=1
{"ts":"2026-03-21T02:52:17.896Z","level":"info","event":"battle_ready","room":"battle_room","roomId":"z2ruhy1zW","sessionId":"CmPyWuuGO","readyCount":0,"players":1}
{"ts":"2026-03-21T02:52:17.998Z","level":"info","event":"room_leave","room":"battle_room","roomId":"z2ruhy1zW","sessionId":"CmPyWuuGO","players":0}
[battle_room] leave sessionId=CmPyWuuGO players=0
[battle_room] join sessionId=Uzv5c4fUW name=Player_7238 team=red players=1
{"ts":"2026-03-21T02:52:18.678Z","level":"info","event":"room_join","room":"battle_room","roomId":"z2ruhy1zW","sessionId":"Uzv5c4fUW","name":"Player_7238","players":1}
{"ts":"2026-03-21T02:52:18.718Z","level":"info","event":"battle_ready","room":"battle_room","roomId":"z2ruhy1zW","sessionId":"Uzv5c4fUW","readyCount":0,"players":1}
[battle_room] join sessionId=rtTY-NuNd name=Player_7921 team=blue players=2
{"ts":"2026-03-21T02:52:18.734Z","level":"info","event":"room_join","room":"battle_room","roomId":"z2ruhy1zW","sessionId":"rtTY-NuNd","name":"Player_7921","players":2}
{"ts":"2026-03-21T02:52:18.899Z","level":"info","event":"room_leave","room":"battle_room","roomId":"z2ruhy1zW","sessionId":"Uzv5c4fUW","players":1}
[battle_room] leave sessionId=Uzv5c4fUW players=1
[battle_room] join sessionId=ZptyPJVMA name=Player_7238 team=blue players=2
{"ts":"2026-03-21T02:52:23.808Z","level":"info","event":"room_join","room":"battle_room","roomId":"z2ruhy1zW","sessionId":"ZptyPJVMA","name":"Player_7238","players":2}
{"ts":"2026-03-21T02:52:23.914Z","level":"info","event":"battle_ready","room":"battle_room","roomId":"z2ruhy1zW","sessionId":"ZptyPJVMA","readyCount":0,"players":2}
{"ts":"2026-03-21T02:52:24.044Z","level":"info","event":"battle_ready","room":"battle_room","roomId":"z2ruhy1zW","sessionId":"rtTY-NuNd","readyCount":1,"players":2}
{"ts":"2026-03-21T02:53:27.865Z","level":"info","event":"room_leave","room":"battle_room","roomId":"z2ruhy1zW","sessionId":"ZptyPJVMA","players":1}
[battle_room] leave sessionId=ZptyPJVMA players=1
[battle_room] join sessionId=s4N_dAv28 name=Player_7238 team=blue players=2
{"ts":"2026-03-21T02:53:28.690Z","level":"info","event":"room_join","room":"battle_room","roomId":"z2ruhy1zW","sessionId":"s4N_dAv28","name":"Player_7238","players":2}
{"ts":"2026-03-21T02:53:32.029Z","level":"info","event":"room_leave","room":"battle_room","roomId":"z2ruhy1zW","sessionId":"rtTY-NuNd","players":1}
[battle_room] leave sessionId=rtTY-NuNd players=1
[battle_room] join sessionId=NO-HvNBCb name=Player_7921 team=blue players=2
{"ts":"2026-03-21T02:53:32.717Z","level":"info","event":"room_join","room":"battle_room","roomId":"z2ruhy1zW","sessionId":"NO-HvNBCb","name":"Player_7921","players":2}
{"ts":"2026-03-21T02:55:18.022Z","level":"info","event":"room_leave","room":"battle_room","roomId":"z2ruhy1zW","sessionId":"s4N_dAv28","players":1}
[battle_room] leave sessionId=s4N_dAv28 players=1
{"ts":"2026-03-21T02:55:18.133Z","level":"info","event":"room_leave","room":"battle_room","roomId":"z2ruhy1zW","sessionId":"NO-HvNBCb","players":0}
[battle_room] leave sessionId=NO-HvNBCb players=0
[battle_room] created roomId=l2jhZrP6g gameType=deathmatch scoreLimit=5 maxClients=12 patchRateMs=33
{"ts":"2026-03-21T02:55:19.154Z","level":"info","event":"room_create","room":"battle_room","roomId":"l2jhZrP6g","gameType":"deathmatch","scoreLimit":5,"maxClients":12,"patchRateMs":33.333333333333336,"staleInputMs":500,"authoritative":true}
[battle_room] join sessionId=CgQ0aPurf name=Player_7921 team=red players=1
{"ts":"2026-03-21T02:55:19.229Z","level":"info","event":"room_join","room":"battle_room","roomId":"l2jhZrP6g","sessionId":"CgQ0aPurf","name":"Player_7921","players":1}
[battle_room] join sessionId=C_YBVuEPo name=Player_7238 team=blue players=2
{"ts":"2026-03-21T02:55:19.243Z","level":"info","event":"room_join","room":"battle_room","roomId":"l2jhZrP6g","sessionId":"C_YBVuEPo","name":"Player_7238","players":2}
{"ts":"2026-03-21T02:55:23.201Z","level":"info","event":"battle_ready","room":"battle_room","roomId":"l2jhZrP6g","sessionId":"C_YBVuEPo","readyCount":0,"players":2}
{"ts":"2026-03-21T02:55:23.299Z","level":"info","event":"battle_ready","room":"battle_room","roomId":"l2jhZrP6g","sessionId":"CgQ0aPurf","readyCount":1,"players":2}
{"ts":"2026-03-21T02:55:24.694Z","level":"info","event":"room_leave","room":"battle_room","roomId":"l2jhZrP6g","sessionId":"C_YBVuEPo","players":1}
[battle_room] leave sessionId=C_YBVuEPo players=1
{"ts":"2026-03-21T02:55:24.729Z","level":"info","event":"room_leave","room":"battle_room","roomId":"l2jhZrP6g","sessionId":"CgQ0aPurf","players":0}
[battle_room] leave sessionId=CgQ0aPurf players=0
[battle_room] created roomId=yzE9YivkE gameType=deathmatch scoreLimit=5 maxClients=12 patchRateMs=33
{"ts":"2026-03-21T02:55:25.713Z","level":"info","event":"room_create","room":"battle_room","roomId":"yzE9YivkE","gameType":"deathmatch","scoreLimit":5,"maxClients":12,"patchRateMs":33.333333333333336,"staleInputMs":500,"authoritative":true}
[battle_room] join sessionId=4dzoVflft name=Player_7238 team=red players=1
{"ts":"2026-03-21T02:55:25.788Z","level":"info","event":"room_join","room":"battle_room","roomId":"yzE9YivkE","sessionId":"4dzoVflft","name":"Player_7238","players":1}
[battle_room] join sessionId=4nsyC_2v0 name=Player_7921 team=blue players=2
{"ts":"2026-03-21T02:55:29.511Z","level":"info","event":"room_join","room":"battle_room","roomId":"yzE9YivkE","sessionId":"4nsyC_2v0","name":"Player_7921","players":2}
{"ts":"2026-03-21T02:55:29.578Z","level":"info","event":"battle_ready","room":"battle_room","roomId":"yzE9YivkE","sessionId":"4nsyC_2v0","readyCount":0,"players":2}
{"ts":"2026-03-21T02:55:29.626Z","level":"info","event":"battle_ready","room":"battle_room","roomId":"yzE9YivkE","sessionId":"4dzoVflft","readyCount":1,"players":2}
{"ts":"2026-03-21T02:55:33.647Z","level":"info","event":"room_leave","room":"battle_room","roomId":"yzE9YivkE","sessionId":"4dzoVflft","players":1}
[battle_room] leave sessionId=4dzoVflft players=1
{"ts":"2026-03-21T02:55:33.734Z","level":"info","event":"room_leave","room":"battle_room","roomId":"yzE9YivkE","sessionId":"4nsyC_2v0","players":0}
[battle_room] leave sessionId=4nsyC_2v0 players=0
[battle_room] created roomId=S2jOgt46Y gameType=deathmatch scoreLimit=5 maxClients=12 patchRateMs=33
{"ts":"2026-03-21T02:55:34.700Z","level":"info","event":"room_create","room":"battle_room","roomId":"S2jOgt46Y","gameType":"deathmatch","scoreLimit":5,"maxClients":12,"patchRateMs":33.333333333333336,"staleInputMs":500,"authoritative":true}
[battle_room] join sessionId=gpQaxUjC9 name=Player_7921 team=red players=1
{"ts":"2026-03-21T02:55:34.776Z","level":"info","event":"room_join","room":"battle_room","roomId":"S2jOgt46Y","sessionId":"gpQaxUjC9","name":"Player_7921","players":1}
[battle_room] join sessionId=uCwsgRzcm name=Player_7238 team=blue players=2
{"ts":"2026-03-21T02:55:34.787Z","level":"info","event":"room_join","room":"battle_room","roomId":"S2jOgt46Y","sessionId":"uCwsgRzcm","name":"Player_7238","players":2}
{"ts":"2026-03-21T02:55:38.595Z","level":"info","event":"battle_ready","room":"battle_room","roomId":"S2jOgt46Y","sessionId":"gpQaxUjC9","readyCount":0,"players":2}
{"ts":"2026-03-21T02:55:38.615Z","level":"info","event":"battle_ready","room":"battle_room","roomId":"S2jOgt46Y","sessionId":"uCwsgRzcm","readyCount":1,"players":2}
{"ts":"2026-03-21T02:55:42.807Z","level":"info","event":"room_leave","room":"battle_room","roomId":"S2jOgt46Y","sessionId":"gpQaxUjC9","players":1}
[battle_room] leave sessionId=gpQaxUjC9 players=1
{"ts":"2026-03-21T02:55:42.837Z","level":"info","event":"room_leave","room":"battle_room","roomId":"S2jOgt46Y","sessionId":"uCwsgRzcm","players":0}
[battle_room] leave sessionId=uCwsgRzcm players=0
[battle_room] created roomId=T3HtspY8K gameType=deathmatch scoreLimit=5 maxClients=12 patchRateMs=33
{"ts":"2026-03-21T02:55:43.818Z","level":"info","event":"room_create","room":"battle_room","roomId":"T3HtspY8K","gameType":"deathmatch","scoreLimit":5,"maxClients":12,"patchRateMs":33.333333333333336,"staleInputMs":500,"authoritative":true}
[battle_room] join sessionId=T4bhKbSZP name=Player_7238 team=red players=1
{"ts":"2026-03-21T02:55:43.934Z","level":"info","event":"room_join","room":"battle_room","roomId":"T3HtspY8K","sessionId":"T4bhKbSZP","name":"Player_7238","players":1}
{"ts":"2026-03-21T02:55:47.980Z","level":"info","event":"battle_ready","room":"battle_room","roomId":"T3HtspY8K","sessionId":"T4bhKbSZP","readyCount":0,"players":1}
[battle_room] join sessionId=zENaE_sWt name=Player_7921 team=blue players=2
{"ts":"2026-03-21T02:55:47.989Z","level":"info","event":"room_join","room":"battle_room","roomId":"T3HtspY8K","sessionId":"zENaE_sWt","name":"Player_7921","players":2}
{"ts":"2026-03-21T02:55:48.061Z","level":"info","event":"battle_ready","room":"battle_room","roomId":"T3HtspY8K","sessionId":"zENaE_sWt","readyCount":1,"players":2}
{"ts":"2026-03-21T02:55:48.180Z","level":"info","event":"room_leave","room":"battle_room","roomId":"T3HtspY8K","sessionId":"T4bhKbSZP","players":1}
[battle_room] leave sessionId=T4bhKbSZP players=1
{"ts":"2026-03-21T02:55:48.249Z","level":"info","event":"room_leave","room":"battle_room","roomId":"T3HtspY8K","sessionId":"zENaE_sWt","players":0}
[battle_room] leave sessionId=zENaE_sWt players=0
[battle_room] created roomId=jQEEmf5pg gameType=deathmatch scoreLimit=5 maxClients=12 patchRateMs=33
{"ts":"2026-03-21T02:55:48.894Z","level":"info","event":"room_create","room":"battle_room","roomId":"jQEEmf5pg","gameType":"deathmatch","scoreLimit":5,"maxClients":12,"patchRateMs":33.333333333333336,"staleInputMs":500,"authoritative":true}
[battle_room] join sessionId=xbj-OzHD1 name=Player_7238 team=red players=1
{"ts":"2026-03-21T02:55:48.977Z","level":"info","event":"room_join","room":"battle_room","roomId":"jQEEmf5pg","sessionId":"xbj-OzHD1","name":"Player_7238","players":1}
[battle_room] join sessionId=6qTlyExQN name=Player_7921 team=blue players=2
{"ts":"2026-03-21T02:55:52.821Z","level":"info","event":"room_join","room":"battle_room","roomId":"jQEEmf5pg","sessionId":"6qTlyExQN","name":"Player_7921","players":2}
{"ts":"2026-03-21T02:55:52.911Z","level":"info","event":"battle_ready","room":"battle_room","roomId":"jQEEmf5pg","sessionId":"xbj-OzHD1","readyCount":0,"players":2}
{"ts":"2026-03-21T02:55:52.922Z","level":"info","event":"battle_ready","room":"battle_room","roomId":"jQEEmf5pg","sessionId":"6qTlyExQN","readyCount":1,"players":2}
{"ts":"2026-03-21T02:55:55.943Z","level":"info","event":"room_leave","room":"battle_room","roomId":"jQEEmf5pg","sessionId":"xbj-OzHD1","players":1}
[battle_room] leave sessionId=xbj-OzHD1 players=1
{"ts":"2026-03-21T02:55:56.084Z","level":"info","event":"room_leave","room":"battle_room","roomId":"jQEEmf5pg","sessionId":"6qTlyExQN","players":0}
[battle_room] leave sessionId=6qTlyExQN players=0
[battle_room] created roomId=4NXJPV_-Z gameType=deathmatch scoreLimit=5 maxClients=12 patchRateMs=33
{"ts":"2026-03-21T02:55:56.822Z","level":"info","event":"room_create","room":"battle_room","roomId":"4NXJPV_-Z","gameType":"deathmatch","scoreLimit":5,"maxClients":12,"patchRateMs":33.333333333333336,"staleInputMs":500,"authoritative":true}
[battle_room] join sessionId=VVX6F93mC name=Player_7921 team=red players=1
{"ts":"2026-03-21T02:55:56.901Z","level":"info","event":"room_join","room":"battle_room","roomId":"4NXJPV_-Z","sessionId":"VVX6F93mC","name":"Player_7921","players":1}
{"ts":"2026-03-21T02:56:00.886Z","level":"info","event":"battle_ready","room":"battle_room","roomId":"4NXJPV_-Z","sessionId":"VVX6F93mC","readyCount":0,"players":1}
[battle_room] join sessionId=etdbp1Buk name=Player_7238 team=blue players=2
{"ts":"2026-03-21T02:56:00.899Z","level":"info","event":"room_join","room":"battle_room","roomId":"4NXJPV_-Z","sessionId":"etdbp1Buk","name":"Player_7238","players":2}
{"ts":"2026-03-21T02:56:00.991Z","level":"info","event":"battle_ready","room":"battle_room","roomId":"4NXJPV_-Z","sessionId":"etdbp1Buk","readyCount":1,"players":2}
{"ts":"2026-03-21T02:56:01.000Z","level":"info","event":"room_leave","room":"battle_room","roomId":"4NXJPV_-Z","sessionId":"VVX6F93mC","players":1}
[battle_room] leave sessionId=VVX6F93mC players=1
{"ts":"2026-03-21T02:56:01.041Z","level":"info","event":"room_leave","room":"battle_room","roomId":"4NXJPV_-Z","sessionId":"etdbp1Buk","players":0}
[battle_room] leave sessionId=etdbp1Buk players=0
[battle_room] created roomId=vWLe2EF7p gameType=deathmatch scoreLimit=5 maxClients=12 patchRateMs=33
{"ts":"2026-03-21T02:56:01.752Z","level":"info","event":"room_create","room":"battle_room","roomId":"vWLe2EF7p","gameType":"deathmatch","scoreLimit":5,"maxClients":12,"patchRateMs":33.333333333333336,"staleInputMs":500,"authoritative":true}
[battle_room] join sessionId=5E0-FSwIH name=Player_7921 team=red players=1
{"ts":"2026-03-21T02:56:01.856Z","level":"info","event":"room_join","room":"battle_room","roomId":"vWLe2EF7p","sessionId":"5E0-FSwIH","name":"Player_7921","players":1}
[battle_room] join sessionId=gdmzKpm0j name=Player_7238 team=blue players=2
{"ts":"2026-03-21T02:56:05.679Z","level":"info","event":"room_join","room":"battle_room","roomId":"vWLe2EF7p","sessionId":"gdmzKpm0j","name":"Player_7238","players":2}
{"ts":"2026-03-21T02:56:05.804Z","level":"info","event":"battle_ready","room":"battle_room","roomId":"vWLe2EF7p","sessionId":"gdmzKpm0j","readyCount":0,"players":2}
{"ts":"2026-03-21T02:56:05.907Z","level":"info","event":"battle_ready","room":"battle_room","roomId":"vWLe2EF7p","sessionId":"5E0-FSwIH","readyCount":1,"players":2}
{"ts":"2026-03-21T02:57:01.938Z","level":"info","event":"room_leave","room":"battle_room","roomId":"vWLe2EF7p","sessionId":"gdmzKpm0j","players":1}
[battle_room] leave sessionId=gdmzKpm0j players=1
[battle_room] join sessionId=MEq2eebv4 name=Player_7238 team=blue players=2
{"ts":"2026-03-21T02:57:03.748Z","level":"info","event":"room_join","room":"battle_room","roomId":"vWLe2EF7p","sessionId":"MEq2eebv4","name":"Player_7238","players":2}
{"ts":"2026-03-21T02:57:03.852Z","level":"info","event":"room_leave","room":"battle_room","roomId":"vWLe2EF7p","sessionId":"5E0-FSwIH","players":1}
[battle_room] leave sessionId=5E0-FSwIH players=1
[battle_room] join sessionId=pD40rS3JV name=Player_7921 team=blue players=2
{"ts":"2026-03-21T02:57:04.574Z","level":"info","event":"room_join","room":"battle_room","roomId":"vWLe2EF7p","sessionId":"pD40rS3JV","name":"Player_7921","players":2}
{"ts":"2026-03-21T02:57:59.465Z","level":"info","event":"room_leave","room":"battle_room","roomId":"vWLe2EF7p","sessionId":"MEq2eebv4","players":1}
[battle_room] leave sessionId=MEq2eebv4 players=1
{"ts":"2026-03-21T02:57:59.547Z","level":"info","event":"room_leave","room":"battle_room","roomId":"vWLe2EF7p","sessionId":"pD40rS3JV","players":0}
[battle_room] leave sessionId=pD40rS3JV players=0
[battle_room] created roomId=6CnSb_cTs gameType=deathmatch scoreLimit=5 maxClients=12 patchRateMs=33
{"ts":"2026-03-21T02:58:00.546Z","level":"info","event":"room_create","room":"battle_room","roomId":"6CnSb_cTs","gameType":"deathmatch","scoreLimit":5,"maxClients":12,"patchRateMs":33.333333333333336,"staleInputMs":500,"authoritative":true}
[battle_room] join sessionId=LFSdYXtly name=Player_7921 team=red players=1
{"ts":"2026-03-21T02:58:00.708Z","level":"info","event":"room_join","room":"battle_room","roomId":"6CnSb_cTs","sessionId":"LFSdYXtly","name":"Player_7921","players":1}
[battle_room] join sessionId=osap3y8d1 name=Player_7238 team=blue players=2
{"ts":"2026-03-21T02:58:00.727Z","level":"info","event":"room_join","room":"battle_room","roomId":"6CnSb_cTs","sessionId":"osap3y8d1","name":"Player_7238","players":2}
{"ts":"2026-03-21T02:58:04.312Z","level":"info","event":"battle_ready","room":"battle_room","roomId":"6CnSb_cTs","sessionId":"LFSdYXtly","readyCount":0,"players":2}
{"ts":"2026-03-21T02:58:04.623Z","level":"info","event":"battle_ready","room":"battle_room","roomId":"6CnSb_cTs","sessionId":"osap3y8d1","readyCount":1,"players":2}
{"ts":"2026-03-21T03:06:39.608Z","level":"info","event":"room_leave","room":"battle_room","roomId":"6CnSb_cTs","sessionId":"osap3y8d1","players":1}
[battle_room] leave sessionId=osap3y8d1 players=1
{"ts":"2026-03-21T03:06:40.020Z","level":"info","event":"room_leave","room":"battle_room","roomId":"6CnSb_cTs","sessionId":"LFSdYXtly","players":0}
[battle_room] leave sessionId=LFSdYXtly players=0
[battle_room] created roomId=3Uf1AR7ro gameType=deathmatch scoreLimit=5 maxClients=12 patchRateMs=33
{"ts":"2026-03-21T03:07:14.503Z","level":"info","event":"room_create","room":"battle_room","roomId":"3Uf1AR7ro","gameType":"deathmatch","scoreLimit":5,"maxClients":12,"patchRateMs":33.333333333333336,"staleInputMs":500,"authoritative":true}
[battle_room] join sessionId=Nz-cvU0io name=Player_7238 team=red players=1
{"ts":"2026-03-21T03:07:14.536Z","level":"info","event":"room_join","room":"battle_room","roomId":"3Uf1AR7ro","sessionId":"Nz-cvU0io","name":"Player_7238","players":1}
[battle_room] join sessionId=QDuAtXsri name=Player_7921 team=blue players=2
{"ts":"2026-03-21T03:07:14.578Z","level":"info","event":"room_join","room":"battle_room","roomId":"3Uf1AR7ro","sessionId":"QDuAtXsri","name":"Player_7921","players":2}
{"ts":"2026-03-21T03:07:14.690Z","level":"info","event":"battle_ready","room":"battle_room","roomId":"3Uf1AR7ro","sessionId":"Nz-cvU0io","readyCount":0,"players":2}
{"ts":"2026-03-21T03:07:14.808Z","level":"info","event":"battle_ready","room":"battle_room","roomId":"3Uf1AR7ro","sessionId":"QDuAtXsri","readyCount":1,"players":2}
{"ts":"2026-03-21T03:07:18.376Z","level":"info","event":"room_leave","room":"battle_room","roomId":"3Uf1AR7ro","sessionId":"Nz-cvU0io","players":1}
[battle_room] leave sessionId=Nz-cvU0io players=1
{"ts":"2026-03-21T03:07:18.448Z","level":"info","event":"room_leave","room":"battle_room","roomId":"3Uf1AR7ro","sessionId":"QDuAtXsri","players":0}
[battle_room] leave sessionId=QDuAtXsri players=0
[battle_room] created roomId=mUE5Qglha gameType=deathmatch scoreLimit=5 maxClients=12 patchRateMs=33
{"ts":"2026-03-21T03:07:20.199Z","level":"info","event":"room_create","room":"battle_room","roomId":"mUE5Qglha","gameType":"deathmatch","scoreLimit":5,"maxClients":12,"patchRateMs":33.333333333333336,"staleInputMs":500,"authoritative":true}
[battle_room] join sessionId=I3KTNCi2a name=Player_7238 team=red players=1
{"ts":"2026-03-21T03:07:20.223Z","level":"info","event":"room_join","room":"battle_room","roomId":"mUE5Qglha","sessionId":"I3KTNCi2a","name":"Player_7238","players":1}
{"ts":"2026-03-21T03:07:20.243Z","level":"info","event":"battle_ready","room":"battle_room","roomId":"mUE5Qglha","sessionId":"I3KTNCi2a","readyCount":0,"players":1}
[battle_room] join sessionId=R_zKGhCJn name=Player_7921 team=blue players=2
{"ts":"2026-03-21T03:07:20.417Z","level":"info","event":"room_join","room":"battle_room","roomId":"mUE5Qglha","sessionId":"R_zKGhCJn","name":"Player_7921","players":2}
{"ts":"2026-03-21T03:07:20.587Z","level":"info","event":"battle_ready","room":"battle_room","roomId":"mUE5Qglha","sessionId":"R_zKGhCJn","readyCount":1,"players":2}
{"ts":"2026-03-21T03:08:04.156Z","level":"info","event":"room_leave","room":"battle_room","roomId":"mUE5Qglha","sessionId":"I3KTNCi2a","players":1}
[battle_room] leave sessionId=I3KTNCi2a players=1
[battle_room] join sessionId=073VcuS1z name=Player_7238 team=blue players=2
{"ts":"2026-03-21T03:08:05.033Z","level":"info","event":"room_join","room":"battle_room","roomId":"mUE5Qglha","sessionId":"073VcuS1z","name":"Player_7238","players":2}
{"ts":"2026-03-21T03:08:55.889Z","level":"info","event":"room_leave","room":"battle_room","roomId":"mUE5Qglha","sessionId":"073VcuS1z","players":1}
[battle_room] leave sessionId=073VcuS1z players=1
[battle_room] join sessionId=iN72t9x8g name=Player_7238 team=blue players=2
{"ts":"2026-03-21T03:08:56.939Z","level":"info","event":"room_join","room":"battle_room","roomId":"mUE5Qglha","sessionId":"iN72t9x8g","name":"Player_7238","players":2}
{"ts":"2026-03-21T03:08:58.131Z","level":"info","event":"room_leave","room":"battle_room","roomId":"mUE5Qglha","sessionId":"R_zKGhCJn","players":1}
[battle_room] leave sessionId=R_zKGhCJn players=1
[battle_room] join sessionId=QqzekeZWv name=Player_7921 team=blue players=2
{"ts":"2026-03-21T03:08:58.819Z","level":"info","event":"room_join","room":"battle_room","roomId":"mUE5Qglha","sessionId":"QqzekeZWv","name":"Player_7921","players":2}
{"ts":"2026-03-21T03:10:39.485Z","level":"info","event":"room_leave","room":"battle_room","roomId":"mUE5Qglha","sessionId":"iN72t9x8g","players":1}
[battle_room] leave sessionId=iN72t9x8g players=1
{"ts":"2026-03-21T03:10:39.544Z","level":"info","event":"room_leave","room":"battle_room","roomId":"mUE5Qglha","sessionId":"QqzekeZWv","players":0}
[battle_room] leave sessionId=QqzekeZWv players=0
[battle_room] created roomId=PN0cybLgd gameType=deathmatch scoreLimit=5 maxClients=12 patchRateMs=33
{"ts":"2026-03-21T03:10:40.463Z","level":"info","event":"room_create","room":"battle_room","roomId":"PN0cybLgd","gameType":"deathmatch","scoreLimit":5,"maxClients":12,"patchRateMs":33.333333333333336,"staleInputMs":500,"authoritative":true}
[battle_room] join sessionId=jFt3JAPKj name=Player_7921 team=red players=1
{"ts":"2026-03-21T03:10:40.550Z","level":"info","event":"room_join","room":"battle_room","roomId":"PN0cybLgd","sessionId":"jFt3JAPKj","name":"Player_7921","players":1}
[battle_room] join sessionId=kHQnwlqDm name=Player_7238 team=blue players=2
{"ts":"2026-03-21T03:10:40.569Z","level":"info","event":"room_join","room":"battle_room","roomId":"PN0cybLgd","sessionId":"kHQnwlqDm","name":"Player_7238","players":2}
{"ts":"2026-03-21T03:10:44.267Z","level":"info","event":"battle_ready","room":"battle_room","roomId":"PN0cybLgd","sessionId":"kHQnwlqDm","readyCount":0,"players":2}
{"ts":"2026-03-21T03:10:44.451Z","level":"info","event":"battle_ready","room":"battle_room","roomId":"PN0cybLgd","sessionId":"jFt3JAPKj","readyCount":1,"players":2}
{"ts":"2026-03-21T03:15:09.268Z","level":"info","event":"room_leave","room":"battle_room","roomId":"PN0cybLgd","sessionId":"jFt3JAPKj","players":1}
[battle_room] leave sessionId=jFt3JAPKj players=1
{"ts":"2026-03-21T03:15:09.561Z","level":"info","event":"room_leave","room":"battle_room","roomId":"PN0cybLgd","sessionId":"kHQnwlqDm","players":0}
[battle_room] leave sessionId=kHQnwlqDm players=0
Restarting 'src/index.js'
Restarting 'src/index.js'
{"ts":"2026-03-21T03:15:11.956Z","level":"info","event":"server_start","port":2567,"env":"development"}

       ___      _
      / __\___ | |_   _ ___  ___ _   _ ___
     / /  / _ \| | | | / __|/ _ \ | | / __|
    / /__| (_) | | |_| \__ \  __/ |_| \__ \
    \____/\___/|_|\__, |___/\___|\__,_|___/
                  |___/

     · Multiplayer Framework for Node.js ·

💖 Consider becoming a Sponsor on GitHub → https://github.com/sponsors/endel
🌟 Give us a star on GitHub → https://github.com/colyseus/colyseus
☁️  Deploy and scale your project on Colyseus Cloud → https://cloud.colyseus.io


[battle_room] created roomId=L7X_MjTNJ gameType=deathmatch scoreLimit=5 maxClients=12 patchRateMs=33
{"ts":"2026-03-21T03:15:15.518Z","level":"info","event":"room_create","room":"battle_room","roomId":"L7X_MjTNJ","gameType":"deathmatch","scoreLimit":5,"maxClients":12,"patchRateMs":33.333333333333336,"staleInputMs":500,"authoritative":true}
[battle_room] join sessionId=kMaNpzKhd name=Player_7238 team=red players=1
{"ts":"2026-03-21T03:15:15.544Z","level":"info","event":"room_join","room":"battle_room","roomId":"L7X_MjTNJ","sessionId":"kMaNpzKhd","name":"Player_7238","players":1}
{"ts":"2026-03-21T03:15:15.583Z","level":"info","event":"battle_ready","room":"battle_room","roomId":"L7X_MjTNJ","sessionId":"kMaNpzKhd","readyCount":0,"players":1}
[battle_room] join sessionId=NiRSY7Wp4 name=Player_7921 team=blue players=2
{"ts":"2026-03-21T03:15:16.276Z","level":"info","event":"room_join","room":"battle_room","roomId":"L7X_MjTNJ","sessionId":"NiRSY7Wp4","name":"Player_7921","players":2}
{"ts":"2026-03-21T03:15:16.288Z","level":"info","event":"battle_ready","room":"battle_room","roomId":"L7X_MjTNJ","sessionId":"NiRSY7Wp4","readyCount":1,"players":2}
{"ts":"2026-03-21T03:15:20.080Z","level":"info","event":"room_leave","room":"battle_room","roomId":"L7X_MjTNJ","sessionId":"kMaNpzKhd","players":1}
[battle_room] leave sessionId=kMaNpzKhd players=1
{"ts":"2026-03-21T03:15:20.103Z","level":"info","event":"room_leave","room":"battle_room","roomId":"L7X_MjTNJ","sessionId":"NiRSY7Wp4","players":0}
[battle_room] leave sessionId=NiRSY7Wp4 players=0
[battle_room] created roomId=frQx2IpYj gameType=deathmatch scoreLimit=5 maxClients=12 patchRateMs=33
{"ts":"2026-03-21T03:15:24.926Z","level":"info","event":"room_create","room":"battle_room","roomId":"frQx2IpYj","gameType":"deathmatch","scoreLimit":5,"maxClients":12,"patchRateMs":33.333333333333336,"staleInputMs":500,"authoritative":true}
[battle_room] join sessionId=dI4UFfph6 name=Player_7238 team=red players=1
{"ts":"2026-03-21T03:15:24.956Z","level":"info","event":"room_join","room":"battle_room","roomId":"frQx2IpYj","sessionId":"dI4UFfph6","name":"Player_7238","players":1}
{"ts":"2026-03-21T03:15:24.981Z","level":"info","event":"battle_ready","room":"battle_room","roomId":"frQx2IpYj","sessionId":"dI4UFfph6","readyCount":0,"players":1}
[battle_room] join sessionId=i0eClL0vb name=Player_7921 team=blue players=2
{"ts":"2026-03-21T03:15:25.267Z","level":"info","event":"room_join","room":"battle_room","roomId":"frQx2IpYj","sessionId":"i0eClL0vb","name":"Player_7921","players":2}
{"ts":"2026-03-21T03:15:25.297Z","level":"info","event":"battle_ready","room":"battle_room","roomId":"frQx2IpYj","sessionId":"i0eClL0vb","readyCount":1,"players":2}
{"ts":"2026-03-21T03:15:27.836Z","level":"info","event":"room_leave","room":"battle_room","roomId":"frQx2IpYj","sessionId":"dI4UFfph6","players":1}
[battle_room] leave sessionId=dI4UFfph6 players=1
{"ts":"2026-03-21T03:15:27.866Z","level":"info","event":"room_leave","room":"battle_room","roomId":"frQx2IpYj","sessionId":"i0eClL0vb","players":0}
[battle_room] leave sessionId=i0eClL0vb players=0
[battle_room] created roomId=PdUwd-2Jm gameType=deathmatch scoreLimit=5 maxClients=12 patchRateMs=33
{"ts":"2026-03-21T03:15:32.580Z","level":"info","event":"room_create","room":"battle_room","roomId":"PdUwd-2Jm","gameType":"deathmatch","scoreLimit":5,"maxClients":12,"patchRateMs":33.333333333333336,"staleInputMs":500,"authoritative":true}
[battle_room] join sessionId=_QSNkUaNw name=Player_7238 team=red players=1
{"ts":"2026-03-21T03:15:32.621Z","level":"info","event":"room_join","room":"battle_room","roomId":"PdUwd-2Jm","sessionId":"_QSNkUaNw","name":"Player_7238","players":1}
{"ts":"2026-03-21T03:15:32.639Z","level":"info","event":"battle_ready","room":"battle_room","roomId":"PdUwd-2Jm","sessionId":"_QSNkUaNw","readyCount":0,"players":1}
[battle_room] join sessionId=NAvc7Mzd3 name=Player_7921 team=blue players=2
{"ts":"2026-03-21T03:15:32.676Z","level":"info","event":"room_join","room":"battle_room","roomId":"PdUwd-2Jm","sessionId":"NAvc7Mzd3","name":"Player_7921","players":2}
{"ts":"2026-03-21T03:15:32.706Z","level":"info","event":"battle_ready","room":"battle_room","roomId":"PdUwd-2Jm","sessionId":"NAvc7Mzd3","readyCount":1,"players":2}
{"ts":"2026-03-21T03:15:37.112Z","level":"info","event":"room_leave","room":"battle_room","roomId":"PdUwd-2Jm","sessionId":"_QSNkUaNw","players":1}
[battle_room] leave sessionId=_QSNkUaNw players=1
{"ts":"2026-03-21T03:15:37.136Z","level":"info","event":"room_leave","room":"battle_room","roomId":"PdUwd-2Jm","sessionId":"NAvc7Mzd3","players":0}
[battle_room] leave sessionId=NAvc7Mzd3 players=0
[battle_room] created roomId=otoJ1pjkV gameType=deathmatch scoreLimit=5 maxClients=12 patchRateMs=33
{"ts":"2026-03-21T03:15:42.381Z","level":"info","event":"room_create","room":"battle_room","roomId":"otoJ1pjkV","gameType":"deathmatch","scoreLimit":5,"maxClients":12,"patchRateMs":33.333333333333336,"staleInputMs":500,"authoritative":true}
[battle_room] join sessionId=A8_O9Q1xU name=Player_7921 team=red players=1
{"ts":"2026-03-21T03:15:42.395Z","level":"info","event":"room_join","room":"battle_room","roomId":"otoJ1pjkV","sessionId":"A8_O9Q1xU","name":"Player_7921","players":1}
{"ts":"2026-03-21T03:15:42.405Z","level":"info","event":"battle_ready","room":"battle_room","roomId":"otoJ1pjkV","sessionId":"A8_O9Q1xU","readyCount":0,"players":1}
[battle_room] join sessionId=vlevQksJf name=Player_7238 team=blue players=2
{"ts":"2026-03-21T03:15:42.477Z","level":"info","event":"room_join","room":"battle_room","roomId":"otoJ1pjkV","sessionId":"vlevQksJf","name":"Player_7238","players":2}
{"ts":"2026-03-21T03:15:42.493Z","level":"info","event":"battle_ready","room":"battle_room","roomId":"otoJ1pjkV","sessionId":"vlevQksJf","readyCount":1,"players":2}
{"ts":"2026-03-21T03:16:07.663Z","level":"info","event":"room_leave","room":"battle_room","roomId":"otoJ1pjkV","sessionId":"A8_O9Q1xU","players":1}
[battle_room] leave sessionId=A8_O9Q1xU players=1
{"ts":"2026-03-21T03:16:07.698Z","level":"info","event":"room_leave","room":"battle_room","roomId":"otoJ1pjkV","sessionId":"vlevQksJf","players":0}
[battle_room] leave sessionId=vlevQksJf players=0
[battle_room] created roomId=zb-ets26I gameType=deathmatch scoreLimit=5 maxClients=12 patchRateMs=33
{"ts":"2026-03-21T03:16:12.227Z","level":"info","event":"room_create","room":"battle_room","roomId":"zb-ets26I","gameType":"deathmatch","scoreLimit":5,"maxClients":12,"patchRateMs":33.333333333333336,"staleInputMs":500,"authoritative":true}
[battle_room] join sessionId=YXK7N7nj6 name=Player_7238 team=red players=1
{"ts":"2026-03-21T03:16:12.250Z","level":"info","event":"room_join","room":"battle_room","roomId":"zb-ets26I","sessionId":"YXK7N7nj6","name":"Player_7238","players":1}
{"ts":"2026-03-21T03:16:12.265Z","level":"info","event":"battle_ready","room":"battle_room","roomId":"zb-ets26I","sessionId":"YXK7N7nj6","readyCount":0,"players":1}
[battle_room] join sessionId=79hUgEDih name=Player_7921 team=blue players=2
{"ts":"2026-03-21T03:16:12.274Z","level":"info","event":"room_join","room":"battle_room","roomId":"zb-ets26I","sessionId":"79hUgEDih","name":"Player_7921","players":2}
{"ts":"2026-03-21T03:16:12.285Z","level":"info","event":"battle_ready","room":"battle_room","roomId":"zb-ets26I","sessionId":"79hUgEDih","readyCount":1,"players":2}
{"ts":"2026-03-21T03:16:23.597Z","level":"info","event":"room_leave","room":"battle_room","roomId":"zb-ets26I","sessionId":"YXK7N7nj6","players":1}
[battle_room] leave sessionId=YXK7N7nj6 players=1
{"ts":"2026-03-21T03:16:23.620Z","level":"info","event":"room_leave","room":"battle_room","roomId":"zb-ets26I","sessionId":"79hUgEDih","players":0}
[battle_room] leave sessionId=79hUgEDih players=0
[battle_room] created roomId=TOZWyjKst gameType=deathmatch scoreLimit=5 maxClients=12 patchRateMs=33
{"ts":"2026-03-21T03:16:27.707Z","level":"info","event":"room_create","room":"battle_room","roomId":"TOZWyjKst","gameType":"deathmatch","scoreLimit":5,"maxClients":12,"patchRateMs":33.333333333333336,"staleInputMs":500,"authoritative":true}
[battle_room] join sessionId=TIeJAUagH name=Player_7238 team=red players=1
{"ts":"2026-03-21T03:16:27.729Z","level":"info","event":"room_join","room":"battle_room","roomId":"TOZWyjKst","sessionId":"TIeJAUagH","name":"Player_7238","players":1}
{"ts":"2026-03-21T03:16:27.742Z","level":"info","event":"battle_ready","room":"battle_room","roomId":"TOZWyjKst","sessionId":"TIeJAUagH","readyCount":0,"players":1}
[battle_room] join sessionId=5nBhAD6Sm name=Player_7921 team=blue players=2
{"ts":"2026-03-21T03:16:28.027Z","level":"info","event":"room_join","room":"battle_room","roomId":"TOZWyjKst","sessionId":"5nBhAD6Sm","name":"Player_7921","players":2}
{"ts":"2026-03-21T03:16:28.041Z","level":"info","event":"battle_ready","room":"battle_room","roomId":"TOZWyjKst","sessionId":"5nBhAD6Sm","readyCount":1,"players":2}
{"ts":"2026-03-21T03:16:32.562Z","level":"info","event":"room_leave","room":"battle_room","roomId":"TOZWyjKst","sessionId":"5nBhAD6Sm","players":1}
[battle_room] leave sessionId=5nBhAD6Sm players=1
{"ts":"2026-03-21T03:16:32.592Z","level":"info","event":"room_leave","room":"battle_room","roomId":"TOZWyjKst","sessionId":"TIeJAUagH","players":0}
[battle_room] leave sessionId=TIeJAUagH players=0
[battle_room] created roomId=KTtIMdmUD gameType=deathmatch scoreLimit=5 maxClients=12 patchRateMs=33
{"ts":"2026-03-21T03:16:33.598Z","level":"info","event":"room_create","room":"battle_room","roomId":"KTtIMdmUD","gameType":"deathmatch","scoreLimit":5,"maxClients":12,"patchRateMs":33.333333333333336,"staleInputMs":500,"authoritative":true}
[battle_room] join sessionId=2ugile9xk name=Player_7921 team=red players=1
{"ts":"2026-03-21T03:16:33.695Z","level":"info","event":"room_join","room":"battle_room","roomId":"KTtIMdmUD","sessionId":"2ugile9xk","name":"Player_7921","players":1}
[battle_room] join sessionId=GDqLhdc0m name=Player_7238 team=blue players=2
{"ts":"2026-03-21T03:16:33.709Z","level":"info","event":"room_join","room":"battle_room","roomId":"KTtIMdmUD","sessionId":"GDqLhdc0m","name":"Player_7238","players":2}
{"ts":"2026-03-21T03:16:37.037Z","level":"info","event":"battle_ready","room":"battle_room","roomId":"KTtIMdmUD","sessionId":"GDqLhdc0m","readyCount":0,"players":2}
{"ts":"2026-03-21T03:16:37.233Z","level":"info","event":"battle_ready","room":"battle_room","roomId":"KTtIMdmUD","sessionId":"2ugile9xk","readyCount":1,"players":2}
{"ts":"2026-03-21T03:16:45.093Z","level":"info","event":"room_leave","room":"battle_room","roomId":"KTtIMdmUD","sessionId":"GDqLhdc0m","players":1}
[battle_room] leave sessionId=GDqLhdc0m players=1
{"ts":"2026-03-21T03:16:45.114Z","level":"info","event":"room_leave","room":"battle_room","roomId":"KTtIMdmUD","sessionId":"2ugile9xk","players":0}
[battle_room] leave sessionId=2ugile9xk players=0
[battle_room] created roomId=HWjPlmhg4 gameType=deathmatch scoreLimit=5 maxClients=12 patchRateMs=33
{"ts":"2026-03-21T03:16:46.168Z","level":"info","event":"room_create","room":"battle_room","roomId":"HWjPlmhg4","gameType":"deathmatch","scoreLimit":5,"maxClients":12,"patchRateMs":33.333333333333336,"staleInputMs":500,"authoritative":true}
[battle_room] join sessionId=uA85BkJOT name=Player_7921 team=red players=1
{"ts":"2026-03-21T03:16:49.157Z","level":"info","event":"room_join","room":"battle_room","roomId":"HWjPlmhg4","sessionId":"uA85BkJOT","name":"Player_7921","players":1}
[battle_room] join sessionId=FkBgY4qqz name=Player_7238 team=blue players=2
{"ts":"2026-03-21T03:16:49.190Z","level":"info","event":"room_join","room":"battle_room","roomId":"HWjPlmhg4","sessionId":"FkBgY4qqz","name":"Player_7238","players":2}
{"ts":"2026-03-21T03:16:49.199Z","level":"info","event":"battle_ready","room":"battle_room","roomId":"HWjPlmhg4","sessionId":"uA85BkJOT","readyCount":0,"players":2}
{"ts":"2026-03-21T03:16:49.243Z","level":"info","event":"battle_ready","room":"battle_room","roomId":"HWjPlmhg4","sessionId":"FkBgY4qqz","readyCount":1,"players":2}
{"ts":"2026-03-21T03:17:01.686Z","level":"info","event":"room_leave","room":"battle_room","roomId":"HWjPlmhg4","sessionId":"FkBgY4qqz","players":1}
[battle_room] leave sessionId=FkBgY4qqz players=1
{"ts":"2026-03-21T03:17:01.700Z","level":"info","event":"room_leave","room":"battle_room","roomId":"HWjPlmhg4","sessionId":"uA85BkJOT","players":0}
[battle_room] leave sessionId=uA85BkJOT players=0
[battle_room] created roomId=g-Q7ya3vr gameType=deathmatch scoreLimit=5 maxClients=12 patchRateMs=33
{"ts":"2026-03-21T03:17:02.399Z","level":"info","event":"room_create","room":"battle_room","roomId":"g-Q7ya3vr","gameType":"deathmatch","scoreLimit":5,"maxClients":12,"patchRateMs":33.333333333333336,"staleInputMs":500,"authoritative":true}
[battle_room] join sessionId=r_yIXJ8w7 name=Player_7238 team=red players=1
{"ts":"2026-03-21T03:17:02.498Z","level":"info","event":"room_join","room":"battle_room","roomId":"g-Q7ya3vr","sessionId":"r_yIXJ8w7","name":"Player_7238","players":1}
{"ts":"2026-03-21T03:17:05.434Z","level":"info","event":"battle_ready","room":"battle_room","roomId":"g-Q7ya3vr","sessionId":"r_yIXJ8w7","readyCount":0,"players":1}
[battle_room] join sessionId=EffvdZZU3 name=Player_7921 team=blue players=2
{"ts":"2026-03-21T03:17:05.629Z","level":"info","event":"room_join","room":"battle_room","roomId":"g-Q7ya3vr","sessionId":"EffvdZZU3","name":"Player_7921","players":2}
{"ts":"2026-03-21T03:17:05.687Z","level":"info","event":"battle_ready","room":"battle_room","roomId":"g-Q7ya3vr","sessionId":"EffvdZZU3","readyCount":1,"players":2}
Restarting 'src/index.js'
Restarting 'src/index.js'
{"ts":"2026-03-21T03:23:00.944Z","level":"info","event":"server_start","port":2567,"env":"development"}

       ___      _
      / __\___ | |_   _ ___  ___ _   _ ___
     / /  / _ \| | | | / __|/ _ \ | | / __|
    / /__| (_) | | |_| \__ \  __/ |_| \__ \
    \____/\___/|_|\__, |___/\___|\__,_|___/
                  |___/

     · Multiplayer Framework for Node.js ·

💖 Consider becoming a Sponsor on GitHub → https://github.com/sponsors/endel
🌟 Give us a star on GitHub → https://github.com/colyseus/colyseus
☁️  Deploy and scale your project on Colyseus Cloud → https://cloud.colyseus.io


[battle_room] created roomId=mGM4aHLzt gameType=deathmatch scoreLimit=5 maxClients=12 patchRateMs=33
{"ts":"2026-03-21T03:25:01.186Z","level":"info","event":"room_create","room":"battle_room","roomId":"mGM4aHLzt","gameType":"deathmatch","scoreLimit":5,"maxClients":12,"patchRateMs":33.333333333333336,"staleInputMs":500,"authoritative":true}
[battle_room] join sessionId=JAY-veE-m name=Player_7921 team=red players=1
{"ts":"2026-03-21T03:25:01.230Z","level":"info","event":"room_join","room":"battle_room","roomId":"mGM4aHLzt","sessionId":"JAY-veE-m","name":"Player_7921","players":1}
[battle_room] join sessionId=RnLeTu5-Q name=Player_7238 team=blue players=2
{"ts":"2026-03-21T03:25:01.261Z","level":"info","event":"room_join","room":"battle_room","roomId":"mGM4aHLzt","sessionId":"RnLeTu5-Q","name":"Player_7238","players":2}
{"ts":"2026-03-21T03:25:01.286Z","level":"info","event":"battle_ready","room":"battle_room","roomId":"mGM4aHLzt","sessionId":"RnLeTu5-Q","readyCount":0,"players":2}
{"ts":"2026-03-21T03:25:01.299Z","level":"info","event":"battle_ready","room":"battle_room","roomId":"mGM4aHLzt","sessionId":"JAY-veE-m","readyCount":1,"players":2}
{"ts":"2026-03-21T03:33:35.416Z","level":"info","event":"room_leave","room":"battle_room","roomId":"mGM4aHLzt","sessionId":"RnLeTu5-Q","players":1}
[battle_room] leave sessionId=RnLeTu5-Q players=1
{"ts":"2026-03-21T03:33:35.420Z","level":"info","event":"room_leave","room":"battle_room","roomId":"mGM4aHLzt","sessionId":"JAY-veE-m","players":0}
[battle_room] leave sessionId=JAY-veE-m players=0
[battle_room] created roomId=mX0i_S066 gameType=deathmatch scoreLimit=5 maxClients=12 patchRateMs=33
{"ts":"2026-03-21T03:38:55.495Z","level":"info","event":"room_create","room":"battle_room","roomId":"mX0i_S066","gameType":"deathmatch","scoreLimit":5,"maxClients":12,"patchRateMs":33.333333333333336,"staleInputMs":500,"authoritative":true}
[battle_room] join sessionId=131ZTno4V name=Player_7921 team=red players=1
{"ts":"2026-03-21T03:38:55.552Z","level":"info","event":"room_join","room":"battle_room","roomId":"mX0i_S066","sessionId":"131ZTno4V","name":"Player_7921","players":1}
[battle_room] join sessionId=jXrZRouwf name=Player_7238 team=blue players=2
{"ts":"2026-03-21T03:38:55.601Z","level":"info","event":"room_join","room":"battle_room","roomId":"mX0i_S066","sessionId":"jXrZRouwf","name":"Player_7238","players":2}
{"ts":"2026-03-21T03:38:55.612Z","level":"info","event":"battle_ready","room":"battle_room","roomId":"mX0i_S066","sessionId":"131ZTno4V","readyCount":0,"players":2}
{"ts":"2026-03-21T03:38:55.653Z","level":"info","event":"battle_ready","room":"battle_room","roomId":"mX0i_S066","sessionId":"jXrZRouwf","readyCount":1,"players":2}
{"ts":"2026-03-21T03:39:22.068Z","level":"info","event":"room_leave","room":"battle_room","roomId":"mX0i_S066","sessionId":"131ZTno4V","players":1}
[battle_room] leave sessionId=131ZTno4V players=1
{"ts":"2026-03-21T03:39:22.155Z","level":"info","event":"room_leave","room":"battle_room","roomId":"mX0i_S066","sessionId":"jXrZRouwf","players":0}
[battle_room] leave sessionId=jXrZRouwf players=0
[battle_room] created roomId=PzfDeVr0x gameType=deathmatch scoreLimit=5 maxClients=12 patchRateMs=33
{"ts":"2026-03-21T03:39:24.045Z","level":"info","event":"room_create","room":"battle_room","roomId":"PzfDeVr0x","gameType":"deathmatch","scoreLimit":5,"maxClients":12,"patchRateMs":33.333333333333336,"staleInputMs":500,"authoritative":true}
[battle_room] join sessionId=T98mIcki6 name=Player_7238 team=red players=1
{"ts":"2026-03-21T03:39:24.244Z","level":"info","event":"room_join","room":"battle_room","roomId":"PzfDeVr0x","sessionId":"T98mIcki6","name":"Player_7238","players":1}
[battle_room] join sessionId=iBiU1RYAI name=Player_7921 team=blue players=2
{"ts":"2026-03-21T03:39:24.282Z","level":"info","event":"room_join","room":"battle_room","roomId":"PzfDeVr0x","sessionId":"iBiU1RYAI","name":"Player_7921","players":2}
{"ts":"2026-03-21T03:39:30.486Z","level":"info","event":"room_leave","room":"battle_room","roomId":"PzfDeVr0x","sessionId":"iBiU1RYAI","players":1}
[battle_room] leave sessionId=iBiU1RYAI players=1
{"ts":"2026-03-21T03:39:30.488Z","level":"info","event":"room_leave","room":"battle_room","roomId":"PzfDeVr0x","sessionId":"T98mIcki6","players":0}
[battle_room] leave sessionId=T98mIcki6 players=0
Restarting 'src/index.js'
Restarting 'src/index.js'
{"ts":"2026-03-21T04:48:28.805Z","level":"info","event":"server_start","port":2567,"env":"development"}

       ___      _
      / __\___ | |_   _ ___  ___ _   _ ___
     / /  / _ \| | | | / __|/ _ \ | | / __|
    / /__| (_) | | |_| \__ \  __/ |_| \__ \
    \____/\___/|_|\__, |___/\___|\__,_|___/
                  |___/

     · Multiplayer Framework for Node.js ·

💖 Consider becoming a Sponsor on GitHub → https://github.com/sponsors/endel
🌟 Give us a star on GitHub → https://github.com/colyseus/colyseus
☁️  Deploy and scale your project on Colyseus Cloud → https://cloud.colyseus.io


Restarting 'src/index.js'
{"ts":"2026-03-21T04:48:35.719Z","level":"info","event":"server_start","port":2567,"env":"development"}

       ___      _
      / __\___ | |_   _ ___  ___ _   _ ___
     / /  / _ \| | | | / __|/ _ \ | | / __|
    / /__| (_) | | |_| \__ \  __/ |_| \__ \
    \____/\___/|_|\__, |___/\___|\__,_|___/
                  |___/

     · Multiplayer Framework for Node.js ·

💖 Consider becoming a Sponsor on GitHub → https://github.com/sponsors/endel
🌟 Give us a star on GitHub → https://github.com/colyseus/colyseus
☁️  Deploy and scale your project on Colyseus Cloud → https://cloud.colyseus.io


[battle_room] created roomId=9VeCgF7y_ gameType=deathmatch scoreLimit=5 maxClients=12 patchRateMs=33
{"ts":"2026-03-21T04:48:36.103Z","level":"info","event":"room_create","room":"battle_room","roomId":"9VeCgF7y_","gameType":"deathmatch","scoreLimit":5,"maxClients":12,"patchRateMs":33.333333333333336,"staleInputMs":500,"authoritative":true}
[battle_room] join sessionId=lDSkIFA_G name=Player_7921 team=red players=1
{"ts":"2026-03-21T04:48:36.135Z","level":"info","event":"room_join","room":"battle_room","roomId":"9VeCgF7y_","sessionId":"lDSkIFA_G","name":"Player_7921","players":1}
[battle_room] join sessionId=Id0uF49UK name=Player_7238 team=blue players=2
{"ts":"2026-03-21T04:48:36.156Z","level":"info","event":"room_join","room":"battle_room","roomId":"9VeCgF7y_","sessionId":"Id0uF49UK","name":"Player_7238","players":2}
{"ts":"2026-03-21T04:48:36.181Z","level":"info","event":"battle_ready","room":"battle_room","roomId":"9VeCgF7y_","sessionId":"lDSkIFA_G","readyCount":0,"players":2}
{"ts":"2026-03-21T04:48:36.183Z","level":"info","event":"battle_ready","room":"battle_room","roomId":"9VeCgF7y_","sessionId":"Id0uF49UK","readyCount":1,"players":2}
{"ts":"2026-03-21T04:48:40.169Z","level":"info","event":"room_leave","room":"battle_room","roomId":"9VeCgF7y_","sessionId":"Id0uF49UK","players":1}
[battle_room] leave sessionId=Id0uF49UK players=1
{"ts":"2026-03-21T04:48:40.223Z","level":"info","event":"room_leave","room":"battle_room","roomId":"9VeCgF7y_","sessionId":"lDSkIFA_G","players":0}
[battle_room] leave sessionId=lDSkIFA_G players=0
[battle_room] created roomId=1pqfY5a5S gameType=deathmatch scoreLimit=5 maxClients=12 patchRateMs=33
{"ts":"2026-03-21T04:48:42.159Z","level":"info","event":"room_create","room":"battle_room","roomId":"1pqfY5a5S","gameType":"deathmatch","scoreLimit":5,"maxClients":12,"patchRateMs":33.333333333333336,"staleInputMs":500,"authoritative":true}
[battle_room] join sessionId=cbYJc2irc name=Player_7238 team=red players=1
{"ts":"2026-03-21T04:48:42.293Z","level":"info","event":"room_join","room":"battle_room","roomId":"1pqfY5a5S","sessionId":"cbYJc2irc","name":"Player_7238","players":1}
[battle_room] join sessionId=iZRPCDuW4 name=Player_7921 team=blue players=2
{"ts":"2026-03-21T04:48:42.320Z","level":"info","event":"room_join","room":"battle_room","roomId":"1pqfY5a5S","sessionId":"iZRPCDuW4","name":"Player_7921","players":2}
{"ts":"2026-03-21T04:48:50.969Z","level":"info","event":"room_leave","room":"battle_room","roomId":"1pqfY5a5S","sessionId":"iZRPCDuW4","players":1}
[battle_room] leave sessionId=iZRPCDuW4 players=1
{"ts":"2026-03-21T04:48:50.973Z","level":"info","event":"room_leave","room":"battle_room","roomId":"1pqfY5a5S","sessionId":"cbYJc2irc","players":0}
[battle_room] leave sessionId=cbYJc2irc players=0
[battle_room] created roomId=Df7eApLXq gameType=deathmatch scoreLimit=5 maxClients=12 patchRateMs=33
{"ts":"2026-03-21T04:50:21.229Z","level":"info","event":"room_create","room":"battle_room","roomId":"Df7eApLXq","gameType":"deathmatch","scoreLimit":5,"maxClients":12,"patchRateMs":33.333333333333336,"staleInputMs":500,"authoritative":true}
[battle_room] join sessionId=UlCegjNJ7 name=Player_7921 team=red players=1
{"ts":"2026-03-21T04:50:30.453Z","level":"info","event":"room_join","room":"battle_room","roomId":"Df7eApLXq","sessionId":"UlCegjNJ7","name":"Player_7921","players":1}
{"ts":"2026-03-21T04:50:30.754Z","level":"info","event":"room_leave","room":"battle_room","roomId":"Df7eApLXq","sessionId":"UlCegjNJ7","players":0}
[battle_room] leave sessionId=UlCegjNJ7 players=0
[battle_room] join sessionId=P5lR-dAKC name=Player_7238 team=red players=1
{"ts":"2026-03-21T04:50:30.868Z","level":"info","event":"room_join","room":"battle_room","roomId":"Df7eApLXq","sessionId":"P5lR-dAKC","name":"Player_7238","players":1}
{"ts":"2026-03-21T04:50:30.918Z","level":"info","event":"battle_ready","room":"battle_room","roomId":"Df7eApLXq","sessionId":"P5lR-dAKC","readyCount":0,"players":1}
{"ts":"2026-03-21T04:50:33.114Z","level":"info","event":"room_leave","room":"battle_room","roomId":"Df7eApLXq","sessionId":"P5lR-dAKC","players":0}
[battle_room] leave sessionId=P5lR-dAKC players=0
{"ts":"2026-03-21T04:50:48.322Z","level":"info","event":"room_join","room":"lobby_room","roomId":"MJKP1Uwy4","sessionId":"PqQFKy5r1","players":1}
{"ts":"2026-03-21T04:50:55.468Z","level":"info","event":"room_join","room":"lobby_room","roomId":"MJKP1Uwy4","sessionId":"A6MMU7rBN","players":2}
{"ts":"2026-03-21T04:51:04.440Z","level":"info","event":"room_leave","room":"lobby_room","roomId":"MJKP1Uwy4","sessionId":"A6MMU7rBN","players":1}
{"ts":"2026-03-21T04:51:04.442Z","level":"info","event":"room_leave","room":"lobby_room","roomId":"MJKP1Uwy4","sessionId":"PqQFKy5r1","players":0}
[battle_room] created roomId=5aLZdHbMt gameType=deathmatch scoreLimit=5 maxClients=12 patchRateMs=33
{"ts":"2026-03-21T04:51:06.351Z","level":"info","event":"room_create","room":"battle_room","roomId":"5aLZdHbMt","gameType":"deathmatch","scoreLimit":5,"maxClients":12,"patchRateMs":33.333333333333336,"staleInputMs":500,"authoritative":true}
[battle_room] join sessionId=lJqPC44Fy name=Player_8455 team=red players=1
{"ts":"2026-03-21T04:51:16.885Z","level":"info","event":"room_join","room":"battle_room","roomId":"5aLZdHbMt","sessionId":"lJqPC44Fy","name":"Player_8455","players":1}
{"ts":"2026-03-21T04:51:17.012Z","level":"info","event":"battle_ready","room":"battle_room","roomId":"5aLZdHbMt","sessionId":"lJqPC44Fy","readyCount":0,"players":1}
[battle_room] join sessionId=DT1q7QyvJ name=Player_6401 team=blue players=2
{"ts":"2026-03-21T04:51:17.123Z","level":"info","event":"room_join","room":"battle_room","roomId":"5aLZdHbMt","sessionId":"DT1q7QyvJ","name":"Player_6401","players":2}
{"ts":"2026-03-21T04:51:17.293Z","level":"info","event":"battle_ready","room":"battle_room","roomId":"5aLZdHbMt","sessionId":"DT1q7QyvJ","readyCount":1,"players":2}
{"ts":"2026-03-21T05:31:32.307Z","level":"info","event":"room_leave","room":"battle_room","roomId":"5aLZdHbMt","sessionId":"lJqPC44Fy","players":1}
[battle_room] leave sessionId=lJqPC44Fy players=1
{"ts":"2026-03-21T05:31:33.331Z","level":"info","event":"room_leave","room":"battle_room","roomId":"5aLZdHbMt","sessionId":"DT1q7QyvJ","players":0}
[battle_room] leave sessionId=DT1q7QyvJ players=0
[battle_room] created roomId=K0C-84K1v gameType=deathmatch scoreLimit=5 maxClients=12 patchRateMs=33
{"ts":"2026-03-21T05:31:36.069Z","level":"info","event":"room_create","room":"battle_room","roomId":"K0C-84K1v","gameType":"deathmatch","scoreLimit":5,"maxClients":12,"patchRateMs":33.333333333333336,"staleInputMs":500,"authoritative":true}
[battle_room] join sessionId=RwjJRrmcB name=Player_6401 team=red players=1
{"ts":"2026-03-21T05:31:36.081Z","level":"info","event":"room_join","room":"battle_room","roomId":"K0C-84K1v","sessionId":"RwjJRrmcB","name":"Player_6401","players":1}
{"ts":"2026-03-21T05:31:36.224Z","level":"info","event":"battle_ready","room":"battle_room","roomId":"K0C-84K1v","sessionId":"RwjJRrmcB","readyCount":0,"players":1}
[battle_room] join sessionId=YnpI0k9eW name=Player_8455 team=blue players=2
{"ts":"2026-03-21T05:31:36.747Z","level":"info","event":"room_join","room":"battle_room","roomId":"K0C-84K1v","sessionId":"YnpI0k9eW","name":"Player_8455","players":2}
{"ts":"2026-03-21T05:31:36.976Z","level":"info","event":"battle_ready","room":"battle_room","roomId":"K0C-84K1v","sessionId":"YnpI0k9eW","readyCount":1,"players":2}
{"ts":"2026-03-21T05:35:53.191Z","level":"info","event":"room_leave","room":"battle_room","roomId":"K0C-84K1v","sessionId":"RwjJRrmcB","players":1}
[battle_room] leave sessionId=RwjJRrmcB players=1
{"ts":"2026-03-21T05:35:53.203Z","level":"info","event":"room_leave","room":"battle_room","roomId":"K0C-84K1v","sessionId":"YnpI0k9eW","players":0}
[battle_room] leave sessionId=YnpI0k9eW players=0
[battle_room] created roomId=04q0NpZxH gameType=deathmatch scoreLimit=5 maxClients=12 patchRateMs=33
{"ts":"2026-03-21T05:35:54.495Z","level":"info","event":"room_create","room":"battle_room","roomId":"04q0NpZxH","gameType":"deathmatch","scoreLimit":5,"maxClients":12,"patchRateMs":33.333333333333336,"staleInputMs":500,"authoritative":true}
[battle_room] join sessionId=ouKhPtA_i name=Player_6401 team=red players=1
{"ts":"2026-03-21T05:35:54.530Z","level":"info","event":"room_join","room":"battle_room","roomId":"04q0NpZxH","sessionId":"ouKhPtA_i","name":"Player_6401","players":1}
[battle_room] join sessionId=jGHK_TknM name=Player_8455 team=blue players=2
{"ts":"2026-03-21T05:35:54.610Z","level":"info","event":"room_join","room":"battle_room","roomId":"04q0NpZxH","sessionId":"jGHK_TknM","name":"Player_8455","players":2}
{"ts":"2026-03-21T05:35:54.673Z","level":"info","event":"battle_ready","room":"battle_room","roomId":"04q0NpZxH","sessionId":"ouKhPtA_i","readyCount":0,"players":2}
{"ts":"2026-03-21T05:35:54.797Z","level":"info","event":"battle_ready","room":"battle_room","roomId":"04q0NpZxH","sessionId":"jGHK_TknM","readyCount":1,"players":2}
{"ts":"2026-03-21T05:38:55.714Z","level":"info","event":"room_create","room":"race_room","roomId":"4zlSW3A2N","track":"test_box","laps":3,"maxClients":12,"patchRateMs":33.333333333333336,"staleInputMs":500,"authoritative":true}
[race_room] created roomId=4zlSW3A2N track=test_box laps=3 maxClients=12 patchRateMs=33
{"ts":"2026-03-21T05:38:55.743Z","level":"info","event":"room_join","room":"race_room","roomId":"4zlSW3A2N","sessionId":"VsNfA6TUT","name":"Player","players":1}
[race_room] join sessionId=VsNfA6TUT name=Player players=1
{"ts":"2026-03-21T05:40:10.852Z","level":"info","event":"match_end","room":"race_room","roomId":"4zlSW3A2N","finishers":1}
[race_room] race ended — 1 finishers
{"ts":"2026-03-21T05:40:51.007Z","level":"info","event":"room_leave","room":"race_room","roomId":"4zlSW3A2N","sessionId":"VsNfA6TUT","players":0}
[race_room] leave sessionId=VsNfA6TUT players=0
{"ts":"2026-03-21T05:40:51.056Z","level":"info","event":"room_leave","room":"battle_room","roomId":"04q0NpZxH","sessionId":"jGHK_TknM","players":1}
[battle_room] leave sessionId=jGHK_TknM players=1
{"ts":"2026-03-21T05:40:51.072Z","level":"info","event":"room_leave","room":"battle_room","roomId":"04q0NpZxH","sessionId":"ouKhPtA_i","players":0}
[battle_room] leave sessionId=ouKhPtA_i players=0
{"ts":"2026-03-21T05:40:51.976Z","level":"info","event":"room_create","room":"race_room","roomId":"q_xAJDaDg","track":"test_box","laps":3,"maxClients":12,"patchRateMs":33.333333333333336,"staleInputMs":500,"authoritative":true}
[race_room] created roomId=q_xAJDaDg track=test_box laps=3 maxClients=12 patchRateMs=33
{"ts":"2026-03-21T05:40:52.025Z","level":"info","event":"room_join","room":"race_room","roomId":"q_xAJDaDg","sessionId":"wziURBhWg","name":"Player","players":1}
[race_room] join sessionId=wziURBhWg name=Player players=1
[battle_room] created roomId=cDYDvi1Py gameType=deathmatch scoreLimit=5 maxClients=12 patchRateMs=33
{"ts":"2026-03-21T05:40:53.489Z","level":"info","event":"room_create","room":"battle_room","roomId":"cDYDvi1Py","gameType":"deathmatch","scoreLimit":5,"maxClients":12,"patchRateMs":33.333333333333336,"staleInputMs":500,"authoritative":true}
[battle_room] join sessionId=Ie2yveAfI name=Player_6401 team=red players=1
{"ts":"2026-03-21T05:40:53.529Z","level":"info","event":"room_join","room":"battle_room","roomId":"cDYDvi1Py","sessionId":"Ie2yveAfI","name":"Player_6401","players":1}
[battle_room] join sessionId=If4RQ631l name=Player_8455 team=blue players=2
{"ts":"2026-03-21T05:40:53.559Z","level":"info","event":"room_join","room":"battle_room","roomId":"cDYDvi1Py","sessionId":"If4RQ631l","name":"Player_8455","players":2}
{"ts":"2026-03-21T05:40:53.705Z","level":"info","event":"battle_ready","room":"battle_room","roomId":"cDYDvi1Py","sessionId":"Ie2yveAfI","readyCount":0,"players":2}
{"ts":"2026-03-21T05:40:53.727Z","level":"info","event":"battle_ready","room":"battle_room","roomId":"cDYDvi1Py","sessionId":"If4RQ631l","readyCount":1,"players":2}
{"ts":"2026-03-21T05:41:29.558Z","level":"info","event":"room_leave","room":"race_room","roomId":"q_xAJDaDg","sessionId":"wziURBhWg","players":0}
[race_room] leave sessionId=wziURBhWg players=0
{"ts":"2026-03-21T05:41:30.280Z","level":"info","event":"room_create","room":"race_room","roomId":"LOdkjSA-K","track":"test_box","laps":3,"maxClients":12,"patchRateMs":33.333333333333336,"staleInputMs":500,"authoritative":true}
[race_room] created roomId=LOdkjSA-K track=test_box laps=3 maxClients=12 patchRateMs=33
{"ts":"2026-03-21T05:41:30.307Z","level":"info","event":"room_join","room":"race_room","roomId":"LOdkjSA-K","sessionId":"u_p4uuIcq","name":"Player","players":1}
[race_room] join sessionId=u_p4uuIcq name=Player players=1
{"ts":"2026-03-21T05:41:39.020Z","level":"info","event":"room_leave","room":"race_room","roomId":"LOdkjSA-K","sessionId":"u_p4uuIcq","players":0}
[race_room] leave sessionId=u_p4uuIcq players=0
[battle_room] created roomId=6y788iWqE gameType=deathmatch scoreLimit=5 maxClients=12 patchRateMs=33
{"ts":"2026-03-21T05:41:39.740Z","level":"info","event":"room_create","room":"battle_room","roomId":"6y788iWqE","gameType":"deathmatch","scoreLimit":5,"maxClients":12,"patchRateMs":33.333333333333336,"staleInputMs":500,"authoritative":true}
[battle_room] join sessionId=n2rL1n206 name=Player team=red players=1
{"ts":"2026-03-21T05:41:39.871Z","level":"info","event":"room_join","room":"battle_room","roomId":"6y788iWqE","sessionId":"n2rL1n206","name":"Player","players":1}
{"ts":"2026-03-21T05:41:42.271Z","level":"info","event":"battle_ready","room":"battle_room","roomId":"6y788iWqE","sessionId":"n2rL1n206","readyCount":0,"players":1}
{"ts":"2026-03-21T05:42:38.510Z","level":"info","event":"room_create","room":"race_room","roomId":"93hAS364K","track":"test_box","laps":3,"maxClients":12,"patchRateMs":33.333333333333336,"staleInputMs":500,"authoritative":true}
[race_room] created roomId=93hAS364K track=test_box laps=3 maxClients=12 patchRateMs=33
{"ts":"2026-03-21T05:42:38.546Z","level":"info","event":"room_join","room":"race_room","roomId":"93hAS364K","sessionId":"kR37uqLyT","name":"Player","players":1}
[race_room] join sessionId=kR37uqLyT name=Player players=1
{"ts":"2026-03-21T05:42:47.957Z","level":"info","event":"room_leave","room":"race_room","roomId":"93hAS364K","sessionId":"kR37uqLyT","players":0}
[race_room] leave sessionId=kR37uqLyT players=0
[battle_room] join sessionId=SCPI9TTUC name=Player team=blue players=2
{"ts":"2026-03-21T05:42:49.581Z","level":"info","event":"room_join","room":"battle_room","roomId":"6y788iWqE","sessionId":"SCPI9TTUC","name":"Player","players":2}
{"ts":"2026-03-21T05:42:54.378Z","level":"info","event":"battle_ready","room":"battle_room","roomId":"6y788iWqE","sessionId":"SCPI9TTUC","readyCount":1,"players":2}
{"ts":"2026-03-21T05:50:08.726Z","level":"info","event":"room_leave","room":"battle_room","roomId":"cDYDvi1Py","sessionId":"If4RQ631l","players":1}
[battle_room] leave sessionId=If4RQ631l players=1
{"ts":"2026-03-21T05:50:08.737Z","level":"info","event":"room_leave","room":"battle_room","roomId":"cDYDvi1Py","sessionId":"Ie2yveAfI","players":0}
[battle_room] leave sessionId=Ie2yveAfI players=0
{"ts":"2026-03-21T05:50:08.979Z","level":"info","event":"room_leave","room":"battle_room","roomId":"6y788iWqE","sessionId":"SCPI9TTUC","players":1}
[battle_room] leave sessionId=SCPI9TTUC players=1
{"ts":"2026-03-21T05:50:09.619Z","level":"info","event":"room_leave","room":"battle_room","roomId":"6y788iWqE","sessionId":"n2rL1n206","players":0}
[battle_room] leave sessionId=n2rL1n206 players=0
[battle_room] created roomId=YB2cSiHyi gameType=deathmatch scoreLimit=5 maxClients=12 patchRateMs=33
{"ts":"2026-03-21T05:50:12.228Z","level":"info","event":"room_create","room":"battle_room","roomId":"YB2cSiHyi","gameType":"deathmatch","scoreLimit":5,"maxClients":12,"patchRateMs":33.333333333333336,"staleInputMs":500,"authoritative":true}
[battle_room] join sessionId=oTrCgrIwp name=Player_6401 team=red players=1
{"ts":"2026-03-21T05:50:12.257Z","level":"info","event":"room_join","room":"battle_room","roomId":"YB2cSiHyi","sessionId":"oTrCgrIwp","name":"Player_6401","players":1}
[battle_room] join sessionId=8dqO_-Sc8 name=Player_8455 team=blue players=2
{"ts":"2026-03-21T05:50:12.427Z","level":"info","event":"room_join","room":"battle_room","roomId":"YB2cSiHyi","sessionId":"8dqO_-Sc8","name":"Player_8455","players":2}
{"ts":"2026-03-21T05:50:12.441Z","level":"info","event":"battle_ready","room":"battle_room","roomId":"YB2cSiHyi","sessionId":"oTrCgrIwp","readyCount":0,"players":2}
{"ts":"2026-03-21T05:50:12.675Z","level":"info","event":"battle_ready","room":"battle_room","roomId":"YB2cSiHyi","sessionId":"8dqO_-Sc8","readyCount":1,"players":2}
[battle_room] created roomId=32GqCIDhT gameType=deathmatch scoreLimit=5 maxClients=12 patchRateMs=33
{"ts":"2026-03-21T05:50:12.835Z","level":"info","event":"room_create","room":"battle_room","roomId":"32GqCIDhT","gameType":"deathmatch","scoreLimit":5,"maxClients":12,"patchRateMs":33.333333333333336,"staleInputMs":500,"authoritative":true}
[battle_room] join sessionId=ZxEusVb-1 name=Player team=red players=1
{"ts":"2026-03-21T05:50:12.918Z","level":"info","event":"room_join","room":"battle_room","roomId":"32GqCIDhT","sessionId":"ZxEusVb-1","name":"Player","players":1}
{"ts":"2026-03-21T05:50:13.183Z","level":"info","event":"battle_ready","room":"battle_room","roomId":"32GqCIDhT","sessionId":"ZxEusVb-1","readyCount":0,"players":1}
[battle_room] join sessionId=ihqPzcEYm name=Player team=blue players=2
{"ts":"2026-03-21T05:50:13.239Z","level":"info","event":"room_join","room":"battle_room","roomId":"32GqCIDhT","sessionId":"ihqPzcEYm","name":"Player","players":2}
{"ts":"2026-03-21T05:50:17.940Z","level":"info","event":"battle_ready","room":"battle_room","roomId":"32GqCIDhT","sessionId":"ihqPzcEYm","readyCount":1,"players":2}
{"ts":"2026-03-21T05:50:34.862Z","level":"info","event":"room_leave","room":"battle_room","roomId":"32GqCIDhT","sessionId":"ihqPzcEYm","players":1}
[battle_room] leave sessionId=ihqPzcEYm players=1
[battle_room] join sessionId=gi5VXnyJB name=Player team=blue players=2
{"ts":"2026-03-21T05:50:36.011Z","level":"info","event":"room_join","room":"battle_room","roomId":"32GqCIDhT","sessionId":"gi5VXnyJB","name":"Player","players":2}
{"ts":"2026-03-21T05:50:45.841Z","level":"info","event":"room_leave","room":"battle_room","roomId":"32GqCIDhT","sessionId":"ZxEusVb-1","players":1}
[battle_room] leave sessionId=ZxEusVb-1 players=1
[battle_room] join sessionId=OidqWb17q name=Player team=blue players=2
{"ts":"2026-03-21T05:50:47.109Z","level":"info","event":"room_join","room":"battle_room","roomId":"32GqCIDhT","sessionId":"OidqWb17q","name":"Player","players":2}
{"ts":"2026-03-21T05:54:43.039Z","level":"info","event":"room_leave","room":"battle_room","roomId":"YB2cSiHyi","sessionId":"8dqO_-Sc8","players":1}
[battle_room] leave sessionId=8dqO_-Sc8 players=1
{"ts":"2026-03-21T05:54:43.060Z","level":"info","event":"room_leave","room":"battle_room","roomId":"YB2cSiHyi","sessionId":"oTrCgrIwp","players":0}
[battle_room] leave sessionId=oTrCgrIwp players=0
{"ts":"2026-03-21T05:54:43.102Z","level":"info","event":"room_leave","room":"battle_room","roomId":"32GqCIDhT","sessionId":"gi5VXnyJB","players":1}
[battle_room] leave sessionId=gi5VXnyJB players=1
{"ts":"2026-03-21T05:54:43.226Z","level":"info","event":"room_leave","room":"battle_room","roomId":"32GqCIDhT","sessionId":"OidqWb17q","players":0}
[battle_room] leave sessionId=OidqWb17q players=0
[battle_room] created roomId=qMVYW6_oP gameType=deathmatch scoreLimit=5 maxClients=12 patchRateMs=33
{"ts":"2026-03-21T05:54:56.556Z","level":"info","event":"room_create","room":"battle_room","roomId":"qMVYW6_oP","gameType":"deathmatch","scoreLimit":5,"maxClients":12,"patchRateMs":33.333333333333336,"staleInputMs":500,"authoritative":true}
[battle_room] join sessionId=9BzzA8div name=Player_6401 team=red players=1
{"ts":"2026-03-21T05:54:56.586Z","level":"info","event":"room_join","room":"battle_room","roomId":"qMVYW6_oP","sessionId":"9BzzA8div","name":"Player_6401","players":1}
[battle_room] join sessionId=OxY8A9qQQ name=Player_8455 team=blue players=2
{"ts":"2026-03-21T05:54:56.687Z","level":"info","event":"room_join","room":"battle_room","roomId":"qMVYW6_oP","sessionId":"OxY8A9qQQ","name":"Player_8455","players":2}
{"ts":"2026-03-21T05:54:56.778Z","level":"info","event":"battle_ready","room":"battle_room","roomId":"qMVYW6_oP","sessionId":"9BzzA8div","readyCount":0,"players":2}
[battle_room] created roomId=Cftf-Ttgw gameType=deathmatch scoreLimit=5 maxClients=12 patchRateMs=33
{"ts":"2026-03-21T05:54:56.818Z","level":"info","event":"room_create","room":"battle_room","roomId":"Cftf-Ttgw","gameType":"deathmatch","scoreLimit":5,"maxClients":12,"patchRateMs":33.333333333333336,"staleInputMs":500,"authoritative":true}
{"ts":"2026-03-21T05:54:56.827Z","level":"info","event":"battle_ready","room":"battle_room","roomId":"qMVYW6_oP","sessionId":"OxY8A9qQQ","readyCount":1,"players":2}
[battle_room] join sessionId=Ac-bE4Hc6 name=Player team=red players=1
{"ts":"2026-03-21T05:54:56.942Z","level":"info","event":"room_join","room":"battle_room","roomId":"Cftf-Ttgw","sessionId":"Ac-bE4Hc6","name":"Player","players":1}
[battle_room] join sessionId=_yPx2sY1n name=Player team=blue players=2
{"ts":"2026-03-21T05:54:57.097Z","level":"info","event":"room_join","room":"battle_room","roomId":"Cftf-Ttgw","sessionId":"_yPx2sY1n","name":"Player","players":2}
{"ts":"2026-03-21T05:55:01.371Z","level":"info","event":"battle_ready","room":"battle_room","roomId":"Cftf-Ttgw","sessionId":"Ac-bE4Hc6","readyCount":0,"players":2}
{"ts":"2026-03-21T05:55:01.572Z","level":"info","event":"battle_ready","room":"battle_room","roomId":"Cftf-Ttgw","sessionId":"_yPx2sY1n","readyCount":1,"players":2}
{"ts":"2026-03-21T05:56:02.321Z","level":"info","event":"room_leave","room":"battle_room","roomId":"Cftf-Ttgw","sessionId":"_yPx2sY1n","players":1}
[battle_room] leave sessionId=_yPx2sY1n players=1
[battle_room] join sessionId=6rfChWxib name=Player team=blue players=2
{"ts":"2026-03-21T05:56:03.476Z","level":"info","event":"room_join","room":"battle_room","roomId":"Cftf-Ttgw","sessionId":"6rfChWxib","name":"Player","players":2}
Restarting 'src/index.js'
{"ts":"2026-03-21T05:57:24.388Z","level":"info","event":"server_start","port":2567,"env":"development"}

       ___      _
      / __\___ | |_   _ ___  ___ _   _ ___
     / /  / _ \| | | | / __|/ _ \ | | / __|
    / /__| (_) | | |_| \__ \  __/ |_| \__ \
    \____/\___/|_|\__, |___/\___|\__,_|___/
                  |___/

     · Multiplayer Framework for Node.js ·

💖 Consider becoming a Sponsor on GitHub → https://github.com/sponsors/endel
🌟 Give us a star on GitHub → https://github.com/colyseus/colyseus
☁️  Deploy and scale your project on Colyseus Cloud → https://cloud.colyseus.io


Restarting 'src/index.js'
{"ts":"2026-03-21T05:57:28.480Z","level":"info","event":"server_start","port":2567,"env":"development"}

       ___      _
      / __\___ | |_   _ ___  ___ _   _ ___
     / /  / _ \| | | | / __|/ _ \ | | / __|
    / /__| (_) | | |_| \__ \  __/ |_| \__ \
    \____/\___/|_|\__, |___/\___|\__,_|___/
                  |___/

     · Multiplayer Framework for Node.js ·

💖 Consider becoming a Sponsor on GitHub → https://github.com/sponsors/endel
🌟 Give us a star on GitHub → https://github.com/colyseus/colyseus
☁️  Deploy and scale your project on Colyseus Cloud → https://cloud.colyseus.io


[battle_room] created roomId=sTOMET-fV gameType=deathmatch scoreLimit=5 maxClients=12 patchRateMs=33
{"ts":"2026-03-21T05:57:29.590Z","level":"info","event":"room_create","room":"battle_room","roomId":"sTOMET-fV","gameType":"deathmatch","scoreLimit":5,"maxClients":12,"patchRateMs":33.333333333333336,"staleInputMs":500,"authoritative":true}
[battle_room] join sessionId=iTUif02CO name=Player team=red players=1
{"ts":"2026-03-21T05:57:29.601Z","level":"info","event":"room_join","room":"battle_room","roomId":"sTOMET-fV","sessionId":"iTUif02CO","name":"Player","players":1}
{"ts":"2026-03-21T05:57:29.620Z","level":"info","event":"battle_ready","room":"battle_room","roomId":"sTOMET-fV","sessionId":"iTUif02CO","readyCount":0,"players":1}
[battle_room] join sessionId=vu_x953Vg name=Player team=blue players=2
{"ts":"2026-03-21T05:57:29.646Z","level":"info","event":"room_join","room":"battle_room","roomId":"sTOMET-fV","sessionId":"vu_x953Vg","name":"Player","players":2}
{"ts":"2026-03-21T05:57:29.678Z","level":"info","event":"battle_ready","room":"battle_room","roomId":"sTOMET-fV","sessionId":"vu_x953Vg","readyCount":1,"players":2}
[battle_room] created roomId=w7WPJPb2y gameType=deathmatch scoreLimit=5 maxClients=12 patchRateMs=33
{"ts":"2026-03-21T05:57:32.362Z","level":"info","event":"room_create","room":"battle_room","roomId":"w7WPJPb2y","gameType":"deathmatch","scoreLimit":5,"maxClients":12,"patchRateMs":33.333333333333336,"staleInputMs":500,"authoritative":true}
[battle_room] join sessionId=Ti7RvvQB9 name=Player_8455 team=red players=1
{"ts":"2026-03-21T05:57:32.374Z","level":"info","event":"room_join","room":"battle_room","roomId":"w7WPJPb2y","sessionId":"Ti7RvvQB9","name":"Player_8455","players":1}
[battle_room] join sessionId=cNqLP5q6s name=Player_6401 team=blue players=2
{"ts":"2026-03-21T05:57:32.389Z","level":"info","event":"room_join","room":"battle_room","roomId":"w7WPJPb2y","sessionId":"cNqLP5q6s","name":"Player_6401","players":2}
{"ts":"2026-03-21T05:57:32.392Z","level":"info","event":"battle_ready","room":"battle_room","roomId":"w7WPJPb2y","sessionId":"Ti7RvvQB9","readyCount":0,"players":2}
{"ts":"2026-03-21T05:57:32.402Z","level":"info","event":"battle_ready","room":"battle_room","roomId":"w7WPJPb2y","sessionId":"cNqLP5q6s","readyCount":1,"players":2}
{"ts":"2026-03-21T06:09:02.189Z","level":"info","event":"room_leave","room":"battle_room","roomId":"sTOMET-fV","sessionId":"iTUif02CO","players":1}
[battle_room] leave sessionId=iTUif02CO players=1
{"ts":"2026-03-21T06:09:02.203Z","level":"info","event":"room_leave","room":"battle_room","roomId":"w7WPJPb2y","sessionId":"cNqLP5q6s","players":1}
[battle_room] leave sessionId=cNqLP5q6s players=1
{"ts":"2026-03-21T06:09:02.217Z","level":"info","event":"room_leave","room":"battle_room","roomId":"w7WPJPb2y","sessionId":"Ti7RvvQB9","players":0}
[battle_room] leave sessionId=Ti7RvvQB9 players=0
{"ts":"2026-03-21T06:09:02.420Z","level":"info","event":"room_leave","room":"battle_room","roomId":"sTOMET-fV","sessionId":"vu_x953Vg","players":0}
[battle_room] leave sessionId=vu_x953Vg players=0
[battle_room] created roomId=VTu5FtZbH gameType=deathmatch scoreLimit=5 maxClients=12 patchRateMs=33
{"ts":"2026-03-21T06:09:05.277Z","level":"info","event":"room_create","room":"battle_room","roomId":"VTu5FtZbH","gameType":"deathmatch","scoreLimit":5,"maxClients":12,"patchRateMs":33.333333333333336,"staleInputMs":500,"authoritative":true}
[battle_room] join sessionId=tM0mMT1Ge name=Player team=red players=1
{"ts":"2026-03-21T06:09:05.356Z","level":"info","event":"room_join","room":"battle_room","roomId":"VTu5FtZbH","sessionId":"tM0mMT1Ge","name":"Player","players":1}
{"ts":"2026-03-21T06:09:05.647Z","level":"info","event":"battle_ready","room":"battle_room","roomId":"VTu5FtZbH","sessionId":"tM0mMT1Ge","readyCount":0,"players":1}
[battle_room] join sessionId=DdklluTEq name=Player team=blue players=2
{"ts":"2026-03-21T06:09:05.675Z","level":"info","event":"room_join","room":"battle_room","roomId":"VTu5FtZbH","sessionId":"DdklluTEq","name":"Player","players":2}
[battle_room] created roomId=Lw8rwcd3g gameType=deathmatch scoreLimit=5 maxClients=12 patchRateMs=33
{"ts":"2026-03-21T06:09:05.923Z","level":"info","event":"room_create","room":"battle_room","roomId":"Lw8rwcd3g","gameType":"deathmatch","scoreLimit":5,"maxClients":12,"patchRateMs":33.333333333333336,"staleInputMs":500,"authoritative":true}
[battle_room] join sessionId=oqQJAAE01 name=Player_6401 team=red players=1
{"ts":"2026-03-21T06:09:05.954Z","level":"info","event":"room_join","room":"battle_room","roomId":"Lw8rwcd3g","sessionId":"oqQJAAE01","name":"Player_6401","players":1}
{"ts":"2026-03-21T06:09:06.116Z","level":"info","event":"battle_ready","room":"battle_room","roomId":"Lw8rwcd3g","sessionId":"oqQJAAE01","readyCount":0,"players":1}
[battle_room] join sessionId=uvOI42G6l name=Player_8455 team=blue players=2
{"ts":"2026-03-21T06:09:06.305Z","level":"info","event":"room_join","room":"battle_room","roomId":"Lw8rwcd3g","sessionId":"uvOI42G6l","name":"Player_8455","players":2}
{"ts":"2026-03-21T06:09:06.489Z","level":"info","event":"battle_ready","room":"battle_room","roomId":"Lw8rwcd3g","sessionId":"uvOI42G6l","readyCount":1,"players":2}
{"ts":"2026-03-21T06:09:08.854Z","level":"info","event":"battle_ready","room":"battle_room","roomId":"VTu5FtZbH","sessionId":"DdklluTEq","readyCount":1,"players":2}
{"ts":"2026-03-21T06:09:20.566Z","level":"info","event":"room_leave","room":"battle_room","roomId":"VTu5FtZbH","sessionId":"DdklluTEq","players":1}
[battle_room] leave sessionId=DdklluTEq players=1
{"ts":"2026-03-21T06:09:20.587Z","level":"info","event":"room_leave","room":"battle_room","roomId":"VTu5FtZbH","sessionId":"tM0mMT1Ge","players":0}
[battle_room] leave sessionId=tM0mMT1Ge players=0
{"ts":"2026-03-21T06:09:20.600Z","level":"info","event":"room_leave","room":"battle_room","roomId":"Lw8rwcd3g","sessionId":"uvOI42G6l","players":1}
[battle_room] leave sessionId=uvOI42G6l players=1
{"ts":"2026-03-21T06:09:20.630Z","level":"info","event":"room_leave","room":"battle_room","roomId":"Lw8rwcd3g","sessionId":"oqQJAAE01","players":0}
[battle_room] leave sessionId=oqQJAAE01 players=0
[battle_room] created roomId=GSXxSFrs4 gameType=deathmatch scoreLimit=5 maxClients=12 patchRateMs=33
{"ts":"2026-03-21T06:09:21.803Z","level":"info","event":"room_create","room":"battle_room","roomId":"GSXxSFrs4","gameType":"deathmatch","scoreLimit":5,"maxClients":12,"patchRateMs":33.333333333333336,"staleInputMs":500,"authoritative":true}
[battle_room] join sessionId=QGIe9Jlen name=Player team=red players=1
{"ts":"2026-03-21T06:09:21.896Z","level":"info","event":"room_join","room":"battle_room","roomId":"GSXxSFrs4","sessionId":"QGIe9Jlen","name":"Player","players":1}
[battle_room] join sessionId=DnpfKx6tB name=Player team=blue players=2
{"ts":"2026-03-21T06:09:21.921Z","level":"info","event":"room_join","room":"battle_room","roomId":"GSXxSFrs4","sessionId":"DnpfKx6tB","name":"Player","players":2}
{"ts":"2026-03-21T06:09:22.108Z","level":"info","event":"battle_ready","room":"battle_room","roomId":"GSXxSFrs4","sessionId":"QGIe9Jlen","readyCount":0,"players":2}
[battle_room] created roomId=O8E0ohmaG gameType=deathmatch scoreLimit=5 maxClients=12 patchRateMs=33
{"ts":"2026-03-21T06:09:22.330Z","level":"info","event":"room_create","room":"battle_room","roomId":"O8E0ohmaG","gameType":"deathmatch","scoreLimit":5,"maxClients":12,"patchRateMs":33.333333333333336,"staleInputMs":500,"authoritative":true}
[battle_room] join sessionId=PetDKXlTN name=Player_6401 team=red players=1
{"ts":"2026-03-21T06:09:22.366Z","level":"info","event":"room_join","room":"battle_room","roomId":"O8E0ohmaG","sessionId":"PetDKXlTN","name":"Player_6401","players":1}
{"ts":"2026-03-21T06:09:22.507Z","level":"info","event":"battle_ready","room":"battle_room","roomId":"O8E0ohmaG","sessionId":"PetDKXlTN","readyCount":0,"players":1}
[battle_room] join sessionId=KLsgdwP74 name=Player_8455 team=blue players=2
{"ts":"2026-03-21T06:09:22.511Z","level":"info","event":"room_join","room":"battle_room","roomId":"O8E0ohmaG","sessionId":"KLsgdwP74","name":"Player_8455","players":2}
{"ts":"2026-03-21T06:09:22.704Z","level":"info","event":"battle_ready","room":"battle_room","roomId":"O8E0ohmaG","sessionId":"KLsgdwP74","readyCount":1,"players":2}
{"ts":"2026-03-21T06:09:24.425Z","level":"info","event":"battle_ready","room":"battle_room","roomId":"GSXxSFrs4","sessionId":"DnpfKx6tB","readyCount":1,"players":2}
{"ts":"2026-03-21T06:09:28.909Z","level":"info","event":"room_leave","room":"battle_room","roomId":"GSXxSFrs4","sessionId":"DnpfKx6tB","players":1}
[battle_room] leave sessionId=DnpfKx6tB players=1
{"ts":"2026-03-21T06:09:28.920Z","level":"info","event":"room_leave","room":"battle_room","roomId":"GSXxSFrs4","sessionId":"QGIe9Jlen","players":0}
[battle_room] leave sessionId=QGIe9Jlen players=0
{"ts":"2026-03-21T06:09:29.399Z","level":"info","event":"room_leave","room":"battle_room","roomId":"O8E0ohmaG","sessionId":"KLsgdwP74","players":1}
[battle_room] leave sessionId=KLsgdwP74 players=1
{"ts":"2026-03-21T06:09:29.418Z","level":"info","event":"room_leave","room":"battle_room","roomId":"O8E0ohmaG","sessionId":"PetDKXlTN","players":0}
[battle_room] leave sessionId=PetDKXlTN players=0
[battle_room] created roomId=Luz4KbG3C gameType=deathmatch scoreLimit=5 maxClients=12 patchRateMs=33
{"ts":"2026-03-21T06:09:29.880Z","level":"info","event":"room_create","room":"battle_room","roomId":"Luz4KbG3C","gameType":"deathmatch","scoreLimit":5,"maxClients":12,"patchRateMs":33.333333333333336,"staleInputMs":500,"authoritative":true}
[battle_room] join sessionId=CT_U3G1G7 name=Player team=red players=1
{"ts":"2026-03-21T06:09:29.925Z","level":"info","event":"room_join","room":"battle_room","roomId":"Luz4KbG3C","sessionId":"CT_U3G1G7","name":"Player","players":1}
[battle_room] join sessionId=Y8WO8w0yt name=Player team=blue players=2
{"ts":"2026-03-21T06:09:30.048Z","level":"info","event":"room_join","room":"battle_room","roomId":"Luz4KbG3C","sessionId":"Y8WO8w0yt","name":"Player","players":2}
{"ts":"2026-03-21T06:09:30.158Z","level":"info","event":"battle_ready","room":"battle_room","roomId":"Luz4KbG3C","sessionId":"CT_U3G1G7","readyCount":0,"players":2}
[battle_room] created roomId=gjLIz5VV8 gameType=deathmatch scoreLimit=5 maxClients=12 patchRateMs=33
{"ts":"2026-03-21T06:09:31.190Z","level":"info","event":"room_create","room":"battle_room","roomId":"gjLIz5VV8","gameType":"deathmatch","scoreLimit":5,"maxClients":12,"patchRateMs":33.333333333333336,"staleInputMs":500,"authoritative":true}
[battle_room] join sessionId=GZx4zoOoS name=Player_6401 team=red players=1
{"ts":"2026-03-21T06:09:31.212Z","level":"info","event":"room_join","room":"battle_room","roomId":"gjLIz5VV8","sessionId":"GZx4zoOoS","name":"Player_6401","players":1}
[battle_room] join sessionId=J6e0vmBWa name=Player_8455 team=blue players=2
{"ts":"2026-03-21T06:09:31.317Z","level":"info","event":"room_join","room":"battle_room","roomId":"gjLIz5VV8","sessionId":"J6e0vmBWa","name":"Player_8455","players":2}
{"ts":"2026-03-21T06:09:31.364Z","level":"info","event":"battle_ready","room":"battle_room","roomId":"gjLIz5VV8","sessionId":"GZx4zoOoS","readyCount":0,"players":2}
{"ts":"2026-03-21T06:09:31.523Z","level":"info","event":"battle_ready","room":"battle_room","roomId":"gjLIz5VV8","sessionId":"J6e0vmBWa","readyCount":1,"players":2}
{"ts":"2026-03-21T06:09:32.707Z","level":"info","event":"battle_ready","room":"battle_room","roomId":"Luz4KbG3C","sessionId":"Y8WO8w0yt","readyCount":1,"players":2}
{"ts":"2026-03-21T06:10:24.838Z","level":"warn","event":"rate_limited","sessionId":"Y8WO8w0yt","messageType":"fireWeapon","violations":1}
{"ts":"2026-03-21T06:10:50.520Z","level":"info","event":"room_leave","room":"battle_room","roomId":"Luz4KbG3C","sessionId":"Y8WO8w0yt","players":1}
[battle_room] leave sessionId=Y8WO8w0yt players=1
[battle_room] join sessionId=VnFlGaZZc name=Player team=blue players=2
{"ts":"2026-03-21T06:10:51.395Z","level":"info","event":"room_join","room":"battle_room","roomId":"Luz4KbG3C","sessionId":"VnFlGaZZc","name":"Player","players":2}
{"ts":"2026-03-21T06:10:59.145Z","level":"info","event":"room_leave","room":"battle_room","roomId":"Luz4KbG3C","sessionId":"VnFlGaZZc","players":1}
[battle_room] leave sessionId=VnFlGaZZc players=1
{"ts":"2026-03-21T06:10:59.199Z","level":"info","event":"room_leave","room":"battle_room","roomId":"Luz4KbG3C","sessionId":"CT_U3G1G7","players":0}
[battle_room] leave sessionId=CT_U3G1G7 players=0
{"ts":"2026-03-21T06:10:59.497Z","level":"info","event":"room_leave","room":"battle_room","roomId":"gjLIz5VV8","sessionId":"GZx4zoOoS","players":1}
[battle_room] leave sessionId=GZx4zoOoS players=1
{"ts":"2026-03-21T06:10:59.516Z","level":"info","event":"room_leave","room":"battle_room","roomId":"gjLIz5VV8","sessionId":"J6e0vmBWa","players":0}
[battle_room] leave sessionId=J6e0vmBWa players=0
[battle_room] created roomId=FZEVEYo9_ gameType=deathmatch scoreLimit=5 maxClients=12 patchRateMs=33
{"ts":"2026-03-21T06:11:00.257Z","level":"info","event":"room_create","room":"battle_room","roomId":"FZEVEYo9_","gameType":"deathmatch","scoreLimit":5,"maxClients":12,"patchRateMs":33.333333333333336,"staleInputMs":500,"authoritative":true}
[battle_room] join sessionId=vNdMQNyJQ name=Player team=red players=1
{"ts":"2026-03-21T06:11:00.317Z","level":"info","event":"room_join","room":"battle_room","roomId":"FZEVEYo9_","sessionId":"vNdMQNyJQ","name":"Player","players":1}
[battle_room] join sessionId=mDqOoUIOi name=Player team=blue players=2
{"ts":"2026-03-21T06:11:00.464Z","level":"info","event":"room_join","room":"battle_room","roomId":"FZEVEYo9_","sessionId":"mDqOoUIOi","name":"Player","players":2}
{"ts":"2026-03-21T06:11:00.532Z","level":"info","event":"battle_ready","room":"battle_room","roomId":"FZEVEYo9_","sessionId":"vNdMQNyJQ","readyCount":0,"players":2}
[battle_room] created roomId=bVjzciD-S gameType=deathmatch scoreLimit=5 maxClients=12 patchRateMs=33
{"ts":"2026-03-21T06:11:01.228Z","level":"info","event":"room_create","room":"battle_room","roomId":"bVjzciD-S","gameType":"deathmatch","scoreLimit":5,"maxClients":12,"patchRateMs":33.333333333333336,"staleInputMs":500,"authoritative":true}
[battle_room] join sessionId=2hhydFEoe name=Player_6401 team=red players=1
{"ts":"2026-03-21T06:11:01.246Z","level":"info","event":"room_join","room":"battle_room","roomId":"bVjzciD-S","sessionId":"2hhydFEoe","name":"Player_6401","players":1}
[battle_room] join sessionId=s1xxlLqFB name=Player_8455 team=blue players=2
{"ts":"2026-03-21T06:11:01.327Z","level":"info","event":"room_join","room":"battle_room","roomId":"bVjzciD-S","sessionId":"s1xxlLqFB","name":"Player_8455","players":2}
{"ts":"2026-03-21T06:11:01.389Z","level":"info","event":"battle_ready","room":"battle_room","roomId":"bVjzciD-S","sessionId":"2hhydFEoe","readyCount":0,"players":2}
{"ts":"2026-03-21T06:11:01.532Z","level":"info","event":"battle_ready","room":"battle_room","roomId":"bVjzciD-S","sessionId":"s1xxlLqFB","readyCount":1,"players":2}
{"ts":"2026-03-21T06:11:02.980Z","level":"info","event":"battle_ready","room":"battle_room","roomId":"FZEVEYo9_","sessionId":"mDqOoUIOi","readyCount":1,"players":2}
{"ts":"2026-03-21T06:11:35.989Z","level":"info","event":"room_leave","room":"battle_room","roomId":"FZEVEYo9_","sessionId":"vNdMQNyJQ","players":1}
[battle_room] leave sessionId=vNdMQNyJQ players=1
[battle_room] join sessionId=o55LwCbgt name=Player team=blue players=2
{"ts":"2026-03-21T06:11:36.726Z","level":"info","event":"room_join","room":"battle_room","roomId":"FZEVEYo9_","sessionId":"o55LwCbgt","name":"Player","players":2}
{"ts":"2026-03-21T06:11:49.913Z","level":"info","event":"room_leave","room":"battle_room","roomId":"FZEVEYo9_","sessionId":"mDqOoUIOi","players":1}
[battle_room] leave sessionId=mDqOoUIOi players=1
[battle_room] join sessionId=Pje9I7NDR name=Player team=blue players=2
{"ts":"2026-03-21T06:11:50.624Z","level":"info","event":"room_join","room":"battle_room","roomId":"FZEVEYo9_","sessionId":"Pje9I7NDR","name":"Player","players":2}
{"ts":"2026-03-21T06:13:30.590Z","level":"info","event":"room_leave","room":"battle_room","roomId":"FZEVEYo9_","sessionId":"Pje9I7NDR","players":1}
[battle_room] leave sessionId=Pje9I7NDR players=1
[battle_room] join sessionId=X197RXI4U name=Player team=blue players=2
{"ts":"2026-03-21T06:13:31.982Z","level":"info","event":"room_join","room":"battle_room","roomId":"FZEVEYo9_","sessionId":"X197RXI4U","name":"Player","players":2}
{"ts":"2026-03-21T06:16:21.601Z","level":"info","event":"room_leave","room":"battle_room","roomId":"FZEVEYo9_","sessionId":"X197RXI4U","players":1}
[battle_room] leave sessionId=X197RXI4U players=1
[battle_room] join sessionId=cXc9tr_Qb name=Player team=blue players=2
{"ts":"2026-03-21T06:16:25.720Z","level":"info","event":"room_join","room":"battle_room","roomId":"FZEVEYo9_","sessionId":"cXc9tr_Qb","name":"Player","players":2}
{"ts":"2026-03-21T06:16:48.597Z","level":"info","event":"room_leave","room":"battle_room","roomId":"FZEVEYo9_","sessionId":"o55LwCbgt","players":1}
[battle_room] leave sessionId=o55LwCbgt players=1
[battle_room] join sessionId=hnheKeRC_ name=Player team=blue players=2
{"ts":"2026-03-21T06:16:49.409Z","level":"info","event":"room_join","room":"battle_room","roomId":"FZEVEYo9_","sessionId":"hnheKeRC_","name":"Player","players":2}
{"ts":"2026-03-21T06:29:53.167Z","level":"info","event":"room_leave","room":"battle_room","roomId":"FZEVEYo9_","sessionId":"cXc9tr_Qb","players":1}
[battle_room] leave sessionId=cXc9tr_Qb players=1
[battle_room] join sessionId=0-5ZLzKVn name=Player team=blue players=2
{"ts":"2026-03-21T06:29:59.344Z","level":"info","event":"room_join","room":"battle_room","roomId":"FZEVEYo9_","sessionId":"0-5ZLzKVn","name":"Player","players":2}
{"ts":"2026-03-21T06:32:21.541Z","level":"info","event":"room_leave","room":"battle_room","roomId":"FZEVEYo9_","sessionId":"0-5ZLzKVn","players":1}
[battle_room] leave sessionId=0-5ZLzKVn players=1
[battle_room] join sessionId=dIQl7Lqu6 name=Player team=blue players=2
{"ts":"2026-03-21T06:32:23.230Z","level":"info","event":"room_join","room":"battle_room","roomId":"FZEVEYo9_","sessionId":"dIQl7Lqu6","name":"Player","players":2}
{"ts":"2026-03-21T06:39:52.974Z","level":"info","event":"room_leave","room":"battle_room","roomId":"FZEVEYo9_","sessionId":"hnheKeRC_","players":1}
[battle_room] leave sessionId=hnheKeRC_ players=1
{"ts":"2026-03-21T06:56:28.589Z","level":"info","event":"room_leave","room":"battle_room","roomId":"FZEVEYo9_","sessionId":"dIQl7Lqu6","players":0}
[battle_room] leave sessionId=dIQl7Lqu6 players=0
{"ts":"2026-03-21T07:23:04.890Z","level":"info","event":"room_leave","room":"battle_room","roomId":"bVjzciD-S","sessionId":"s1xxlLqFB","players":1}
[battle_room] leave sessionId=s1xxlLqFB players=1
{"ts":"2026-03-21T07:23:09.223Z","level":"info","event":"room_leave","room":"battle_room","roomId":"bVjzciD-S","sessionId":"2hhydFEoe","players":0}
[battle_room] leave sessionId=2hhydFEoe players=0
[battle_room] created roomId=nAyPDmtla gameType=deathmatch scoreLimit=5 maxClients=12 patchRateMs=33
{"ts":"2026-03-21T13:46:34.515Z","level":"info","event":"room_create","room":"battle_room","roomId":"nAyPDmtla","gameType":"deathmatch","scoreLimit":5,"maxClients":12,"patchRateMs":33.333333333333336,"staleInputMs":500,"authoritative":true}
[battle_room] join sessionId=Bwr1fHJ9D name=Player_6401 team=red players=1
{"ts":"2026-03-21T13:46:34.771Z","level":"info","event":"room_join","room":"battle_room","roomId":"nAyPDmtla","sessionId":"Bwr1fHJ9D","name":"Player_6401","players":1}
{"ts":"2026-03-21T13:46:34.793Z","level":"info","event":"battle_ready","room":"battle_room","roomId":"nAyPDmtla","sessionId":"Bwr1fHJ9D","readyCount":0,"players":1}
[battle_room] join sessionId=-QcXce6DN name=Player_6401 team=blue players=2
{"ts":"2026-03-21T13:46:40.402Z","level":"info","event":"room_join","room":"battle_room","roomId":"nAyPDmtla","sessionId":"-QcXce6DN","name":"Player_6401","players":2}
{"ts":"2026-03-21T13:46:42.204Z","level":"info","event":"battle_ready","room":"battle_room","roomId":"nAyPDmtla","sessionId":"-QcXce6DN","readyCount":1,"players":2}
{"ts":"2026-03-21T13:47:08.345Z","level":"warn","event":"rate_limited","sessionId":"-QcXce6DN","messageType":"fireWeapon","violations":1}
{"ts":"2026-03-21T13:47:08.394Z","level":"warn","event":"rate_limited","sessionId":"-QcXce6DN","messageType":"fireWeapon","violations":2}
{"ts":"2026-03-21T13:47:08.462Z","level":"warn","event":"rate_limited","sessionId":"-QcXce6DN","messageType":"fireWeapon","violations":3}
{"ts":"2026-03-21T13:47:08.520Z","level":"warn","event":"rate_limited","sessionId":"-QcXce6DN","messageType":"fireWeapon","violations":4}
{"ts":"2026-03-21T13:47:08.571Z","level":"warn","event":"rate_limited","sessionId":"-QcXce6DN","messageType":"fireWeapon","violations":5}
{"ts":"2026-03-21T13:49:21.523Z","level":"info","event":"match_end","room":"battle_room","roomId":"nAyPDmtla","gameType":"deathmatch","winner":"Player_6401"}
[battle_room] deathmatch won by Player_6401 (5 kills)
{"ts":"2026-03-21T13:49:59.616Z","level":"info","event":"room_leave","room":"battle_room","roomId":"nAyPDmtla","sessionId":"-QcXce6DN","players":1}
[battle_room] leave sessionId=-QcXce6DN players=1
{"ts":"2026-03-21T13:50:01.578Z","level":"info","event":"room_leave","room":"battle_room","roomId":"nAyPDmtla","sessionId":"Bwr1fHJ9D","players":0}
[battle_room] leave sessionId=Bwr1fHJ9D players=0
{"ts":"2026-03-21T13:52:35.424Z","level":"info","event":"room_join","room":"lobby_room","roomId":"HhnYyItrZ","sessionId":"tbSJIYIMs","players":1}
{"ts":"2026-03-21T13:52:54.523Z","level":"info","event":"room_join","room":"lobby_room","roomId":"HhnYyItrZ","sessionId":"IITOqEtPh","players":2}
{"ts":"2026-03-21T13:53:00.529Z","level":"info","event":"room_leave","room":"lobby_room","roomId":"HhnYyItrZ","sessionId":"IITOqEtPh","players":1}
{"ts":"2026-03-21T13:53:00.529Z","level":"info","event":"room_leave","room":"lobby_room","roomId":"HhnYyItrZ","sessionId":"tbSJIYIMs","players":0}
[battle_room] created roomId=JbqlNy1a- gameType=deathmatch scoreLimit=5 maxClients=12 patchRateMs=33
{"ts":"2026-03-21T13:53:01.449Z","level":"info","event":"room_create","room":"battle_room","roomId":"JbqlNy1a-","gameType":"deathmatch","scoreLimit":5,"maxClients":12,"patchRateMs":33.333333333333336,"staleInputMs":500,"authoritative":true}
[battle_room] join sessionId=Cd8TyqpLZ name=Player_3841 team=red players=1
{"ts":"2026-03-21T13:53:03.527Z","level":"info","event":"room_join","room":"battle_room","roomId":"JbqlNy1a-","sessionId":"Cd8TyqpLZ","name":"Player_3841","players":1}
{"ts":"2026-03-21T13:53:03.598Z","level":"info","event":"battle_ready","room":"battle_room","roomId":"JbqlNy1a-","sessionId":"Cd8TyqpLZ","readyCount":0,"players":1}
[battle_room] join sessionId=uQZ_zNWRo name=Player_1774 team=blue players=2
{"ts":"2026-03-21T13:53:04.965Z","level":"info","event":"room_join","room":"battle_room","roomId":"JbqlNy1a-","sessionId":"uQZ_zNWRo","name":"Player_1774","players":2}
{"ts":"2026-03-21T13:53:05.037Z","level":"info","event":"battle_ready","room":"battle_room","roomId":"JbqlNy1a-","sessionId":"uQZ_zNWRo","readyCount":1,"players":2}
{"ts":"2026-03-21T13:53:35.668Z","level":"warn","event":"rate_limited","sessionId":"Cd8TyqpLZ","messageType":"fireWeapon","violations":1}
Restarting 'src/index.js'
{"ts":"2026-03-21T13:54:26.215Z","level":"info","event":"server_start","port":2567,"env":"development"}

       ___      _
      / __\___ | |_   _ ___  ___ _   _ ___
     / /  / _ \| | | | / __|/ _ \ | | / __|
    / /__| (_) | | |_| \__ \  __/ |_| \__ \
    \____/\___/|_|\__, |___/\___|\__,_|___/
                  |___/

     · Multiplayer Framework for Node.js ·

💖 Consider becoming a Sponsor on GitHub → https://github.com/sponsors/endel
🌟 Give us a star on GitHub → https://github.com/colyseus/colyseus
☁️  Deploy and scale your project on Colyseus Cloud → https://cloud.colyseus.io


Restarting 'src/index.js'
{"ts":"2026-03-21T13:54:29.703Z","level":"info","event":"server_start","port":2567,"env":"development"}

       ___      _
      / __\___ | |_   _ ___  ___ _   _ ___
     / /  / _ \| | | | / __|/ _ \ | | / __|
    / /__| (_) | | |_| \__ \  __/ |_| \__ \
    \____/\___/|_|\__, |___/\___|\__,_|___/
                  |___/

     · Multiplayer Framework for Node.js ·

💖 Consider becoming a Sponsor on GitHub → https://github.com/sponsors/endel
🌟 Give us a star on GitHub → https://github.com/colyseus/colyseus
☁️  Deploy and scale your project on Colyseus Cloud → https://cloud.colyseus.io


Restarting 'src/index.js'
{"ts":"2026-03-21T14:06:35.513Z","level":"info","event":"server_start","port":2567,"env":"development"}

       ___      _
      / __\___ | |_   _ ___  ___ _   _ ___
     / /  / _ \| | | | / __|/ _ \ | | / __|
    / /__| (_) | | |_| \__ \  __/ |_| \__ \
    \____/\___/|_|\__, |___/\___|\__,_|___/
                  |___/

     · Multiplayer Framework for Node.js ·

💖 Consider becoming a Sponsor on GitHub → https://github.com/sponsors/endel
🌟 Give us a star on GitHub → https://github.com/colyseus/colyseus
☁️  Deploy and scale your project on Colyseus Cloud → https://cloud.colyseus.io


Restarting 'src/index.js'
{"ts":"2026-03-21T14:08:11.628Z","level":"info","event":"server_start","port":2567,"env":"development"}

       ___      _
      / __\___ | |_   _ ___  ___ _   _ ___
     / /  / _ \| | | | / __|/ _ \ | | / __|
    / /__| (_) | | |_| \__ \  __/ |_| \__ \
    \____/\___/|_|\__, |___/\___|\__,_|___/
                  |___/

     · Multiplayer Framework for Node.js ·

💖 Consider becoming a Sponsor on GitHub → https://github.com/sponsors/endel
🌟 Give us a star on GitHub → https://github.com/colyseus/colyseus
☁️  Deploy and scale your project on Colyseus Cloud → https://cloud.colyseus.io


{"ts":"2026-03-21T14:08:21.951Z","level":"info","event":"room_join","room":"lobby_room","roomId":"TZhsrTd9a","sessionId":"xEr4uyq0-","players":1}
{"ts":"2026-03-21T14:08:28.070Z","level":"info","event":"room_join","room":"lobby_room","roomId":"TZhsrTd9a","sessionId":"mtK63LMbF","players":2}
{"ts":"2026-03-21T14:08:36.796Z","level":"info","event":"room_leave","room":"lobby_room","roomId":"TZhsrTd9a","sessionId":"mtK63LMbF","players":1}
{"ts":"2026-03-21T14:08:36.798Z","level":"info","event":"room_leave","room":"lobby_room","roomId":"TZhsrTd9a","sessionId":"xEr4uyq0-","players":0}
[battle_room] created roomId=s2gmAxzbr gameType=deathmatch scoreLimit=5 maxClients=12 patchRateMs=33
{"ts":"2026-03-21T14:08:38.855Z","level":"info","event":"room_create","room":"battle_room","roomId":"s2gmAxzbr","gameType":"deathmatch","scoreLimit":5,"maxClients":12,"patchRateMs":33.333333333333336,"staleInputMs":500,"authoritative":true}
[battle_room] join sessionId=F5WuW6WJO name=Player_3659 team=red players=1
{"ts":"2026-03-21T14:08:39.316Z","level":"info","event":"room_join","room":"battle_room","roomId":"s2gmAxzbr","sessionId":"F5WuW6WJO","name":"Player_3659","players":1}
[battle_room] join sessionId=dqcjQoe8T name=Player_5584 team=blue players=2
{"ts":"2026-03-21T14:08:41.516Z","level":"info","event":"room_join","room":"battle_room","roomId":"s2gmAxzbr","sessionId":"dqcjQoe8T","name":"Player_5584","players":2}
{"ts":"2026-03-21T14:08:43.591Z","level":"info","event":"battle_ready","room":"battle_room","roomId":"s2gmAxzbr","sessionId":"F5WuW6WJO","readyCount":0,"players":2}
{"ts":"2026-03-21T14:08:43.671Z","level":"info","event":"battle_ready","room":"battle_room","roomId":"s2gmAxzbr","sessionId":"dqcjQoe8T","readyCount":1,"players":2}
{"ts":"2026-03-21T14:11:43.055Z","level":"warn","event":"rate_limited","sessionId":"dqcjQoe8T","messageType":"fireWeapon","violations":1}
{"ts":"2026-03-21T14:11:43.161Z","level":"warn","event":"rate_limited","sessionId":"dqcjQoe8T","messageType":"fireWeapon","violations":2}
{"ts":"2026-03-21T14:11:43.311Z","level":"warn","event":"rate_limited","sessionId":"dqcjQoe8T","messageType":"fireWeapon","violations":3}
{"ts":"2026-03-21T14:11:43.461Z","level":"warn","event":"rate_limited","sessionId":"dqcjQoe8T","messageType":"fireWeapon","violations":4}
{"ts":"2026-03-21T14:11:43.511Z","level":"warn","event":"rate_limited","sessionId":"dqcjQoe8T","messageType":"fireWeapon","violations":5}
{"ts":"2026-03-21T14:11:59.428Z","level":"warn","event":"rate_limited","sessionId":"dqcjQoe8T","messageType":"fireWeapon","violations":50}
{"ts":"2026-03-21T14:12:52.404Z","level":"warn","event":"rate_limited","sessionId":"F5WuW6WJO","messageType":"fireWeapon","violations":1}
{"ts":"2026-03-21T14:12:52.563Z","level":"warn","event":"rate_limited","sessionId":"F5WuW6WJO","messageType":"fireWeapon","violations":2}
{"ts":"2026-03-21T14:12:53.438Z","level":"warn","event":"rate_limited","sessionId":"F5WuW6WJO","messageType":"fireWeapon","violations":3}
{"ts":"2026-03-21T14:13:10.455Z","level":"warn","event":"rate_limited","sessionId":"F5WuW6WJO","messageType":"fireWeapon","violations":4}
{"ts":"2026-03-21T14:13:10.783Z","level":"warn","event":"rate_limited","sessionId":"F5WuW6WJO","messageType":"fireWeapon","violations":5}
{"ts":"2026-03-21T14:36:37.582Z","level":"info","event":"room_leave","room":"battle_room","roomId":"s2gmAxzbr","sessionId":"F5WuW6WJO","players":1}
[battle_room] leave sessionId=F5WuW6WJO players=1
{"ts":"2026-03-21T14:36:37.585Z","level":"info","event":"room_leave","room":"battle_room","roomId":"s2gmAxzbr","sessionId":"dqcjQoe8T","players":0}
[battle_room] leave sessionId=dqcjQoe8T players=0
Restarting 'src/index.js'
Restarting 'src/index.js'
{"ts":"2026-03-21T15:33:44.573Z","level":"info","event":"server_start","port":2567,"env":"development"}

       ___      _
      / __\___ | |_   _ ___  ___ _   _ ___
     / /  / _ \| | | | / __|/ _ \ | | / __|
    / /__| (_) | | |_| \__ \  __/ |_| \__ \
    \____/\___/|_|\__, |___/\___|\__,_|___/
                  |___/

     · Multiplayer Framework for Node.js ·

💖 Consider becoming a Sponsor on GitHub → https://github.com/sponsors/endel
🌟 Give us a star on GitHub → https://github.com/colyseus/colyseus
☁️  Deploy and scale your project on Colyseus Cloud → https://cloud.colyseus.io


Restarting 'src/index.js'
{"ts":"2026-03-21T15:33:45.159Z","level":"info","event":"server_start","port":2567,"env":"development"}

       ___      _
      / __\___ | |_   _ ___  ___ _   _ ___
     / /  / _ \| | | | / __|/ _ \ | | / __|
    / /__| (_) | | |_| \__ \  __/ |_| \__ \
    \____/\___/|_|\__, |___/\___|\__,_|___/
                  |___/

     · Multiplayer Framework for Node.js ·

💖 Consider becoming a Sponsor on GitHub → https://github.com/sponsors/endel
🌟 Give us a star on GitHub → https://github.com/colyseus/colyseus
☁️  Deploy and scale your project on Colyseus Cloud → https://cloud.colyseus.io


[battle_room] created roomId=-g_k2iWJy gameType=deathmatch scoreLimit=5 maxClients=12 patchRateMs=33
{"ts":"2026-03-21T15:42:06.187Z","level":"info","event":"room_create","room":"battle_room","roomId":"-g_k2iWJy","gameType":"deathmatch","scoreLimit":5,"maxClients":12,"patchRateMs":33.333333333333336,"staleInputMs":500,"authoritative":true}
[battle_room] join sessionId=q9gURT9Ur name=Player_5584 team=red players=1
{"ts":"2026-03-21T15:42:08.950Z","level":"info","event":"room_join","room":"battle_room","roomId":"-g_k2iWJy","sessionId":"q9gURT9Ur","name":"Player_5584","players":1}
{"ts":"2026-03-21T15:42:09.033Z","level":"info","event":"battle_ready","room":"battle_room","roomId":"-g_k2iWJy","sessionId":"q9gURT9Ur","readyCount":0,"players":1}
[battle_room] join sessionId=qizhaf97r name=Player_3659 team=blue players=2
{"ts":"2026-03-21T15:42:10.074Z","level":"info","event":"room_join","room":"battle_room","roomId":"-g_k2iWJy","sessionId":"qizhaf97r","name":"Player_3659","players":2}
{"ts":"2026-03-21T15:42:12.890Z","level":"info","event":"battle_ready","room":"battle_room","roomId":"-g_k2iWJy","sessionId":"qizhaf97r","readyCount":1,"players":2}
{"ts":"2026-03-21T15:42:16.330Z","level":"info","event":"room_leave","room":"battle_room","roomId":"-g_k2iWJy","sessionId":"q9gURT9Ur","players":1}
[battle_room] leave sessionId=q9gURT9Ur players=1
{"ts":"2026-03-21T15:42:16.355Z","level":"info","event":"room_leave","room":"battle_room","roomId":"-g_k2iWJy","sessionId":"qizhaf97r","players":0}
[battle_room] leave sessionId=qizhaf97r players=0
[battle_room] created roomId=9hwQ-gK8o gameType=deathmatch scoreLimit=5 maxClients=12 patchRateMs=33
{"ts":"2026-03-21T15:42:17.201Z","level":"info","event":"room_create","room":"battle_room","roomId":"9hwQ-gK8o","gameType":"deathmatch","scoreLimit":5,"maxClients":12,"patchRateMs":33.333333333333336,"staleInputMs":500,"authoritative":true}
[battle_room] join sessionId=SRyAaLfqr name=Player_5584 team=red players=1
{"ts":"2026-03-21T15:42:19.913Z","level":"info","event":"room_join","room":"battle_room","roomId":"9hwQ-gK8o","sessionId":"SRyAaLfqr","name":"Player_5584","players":1}
[battle_room] join sessionId=tumcfCrmG name=Player_3659 team=blue players=2
{"ts":"2026-03-21T15:42:22.398Z","level":"info","event":"room_join","room":"battle_room","roomId":"9hwQ-gK8o","sessionId":"tumcfCrmG","name":"Player_3659","players":2}
{"ts":"2026-03-21T15:42:22.490Z","level":"info","event":"battle_ready","room":"battle_room","roomId":"9hwQ-gK8o","sessionId":"SRyAaLfqr","readyCount":0,"players":2}
{"ts":"2026-03-21T15:42:22.533Z","level":"info","event":"battle_ready","room":"battle_room","roomId":"9hwQ-gK8o","sessionId":"tumcfCrmG","readyCount":1,"players":2}
{"ts":"2026-03-21T15:42:31.862Z","level":"info","event":"room_leave","room":"battle_room","roomId":"9hwQ-gK8o","sessionId":"SRyAaLfqr","players":1}
[battle_room] leave sessionId=SRyAaLfqr players=1
{"ts":"2026-03-21T15:42:31.903Z","level":"info","event":"room_leave","room":"battle_room","roomId":"9hwQ-gK8o","sessionId":"tumcfCrmG","players":0}
[battle_room] leave sessionId=tumcfCrmG players=0
[battle_room] created roomId=xHGZhiez7 gameType=deathmatch scoreLimit=5 maxClients=12 patchRateMs=33
{"ts":"2026-03-21T15:42:34.174Z","level":"info","event":"room_create","room":"battle_room","roomId":"xHGZhiez7","gameType":"deathmatch","scoreLimit":5,"maxClients":12,"patchRateMs":33.333333333333336,"staleInputMs":500,"authoritative":true}
[battle_room] join sessionId=gyXgwIPz7 name=Player_5584 team=red players=1
{"ts":"2026-03-21T15:42:36.941Z","level":"info","event":"room_join","room":"battle_room","roomId":"xHGZhiez7","sessionId":"gyXgwIPz7","name":"Player_5584","players":1}
[battle_room] join sessionId=hT0F9343b name=Player_3659 team=blue players=2
{"ts":"2026-03-21T15:42:39.948Z","level":"info","event":"room_join","room":"battle_room","roomId":"xHGZhiez7","sessionId":"hT0F9343b","name":"Player_3659","players":2}
{"ts":"2026-03-21T15:42:40.058Z","level":"info","event":"battle_ready","room":"battle_room","roomId":"xHGZhiez7","sessionId":"gyXgwIPz7","readyCount":0,"players":2}
{"ts":"2026-03-21T15:42:40.371Z","level":"info","event":"battle_ready","room":"battle_room","roomId":"xHGZhiez7","sessionId":"hT0F9343b","readyCount":1,"players":2}
{"ts":"2026-03-21T15:42:40.919Z","level":"info","event":"room_leave","room":"battle_room","roomId":"xHGZhiez7","sessionId":"gyXgwIPz7","players":1}
[battle_room] leave sessionId=gyXgwIPz7 players=1
{"ts":"2026-03-21T15:42:40.962Z","level":"info","event":"room_leave","room":"battle_room","roomId":"xHGZhiez7","sessionId":"hT0F9343b","players":0}
[battle_room] leave sessionId=hT0F9343b players=0
[battle_room] created roomId=pgbVznqjM gameType=deathmatch scoreLimit=5 maxClients=12 patchRateMs=33
{"ts":"2026-03-21T15:42:42.004Z","level":"info","event":"room_create","room":"battle_room","roomId":"pgbVznqjM","gameType":"deathmatch","scoreLimit":5,"maxClients":12,"patchRateMs":33.333333333333336,"staleInputMs":500,"authoritative":true}
[battle_room] join sessionId=DbjUNh6f3 name=Player_5584 team=red players=1
{"ts":"2026-03-21T15:42:42.302Z","level":"info","event":"room_join","room":"battle_room","roomId":"pgbVznqjM","sessionId":"DbjUNh6f3","name":"Player_5584","players":1}
[battle_room] join sessionId=3zuVz5tVK name=Player_3659 team=blue players=2
{"ts":"2026-03-21T15:42:48.839Z","level":"info","event":"room_join","room":"battle_room","roomId":"pgbVznqjM","sessionId":"3zuVz5tVK","name":"Player_3659","players":2}
{"ts":"2026-03-21T15:42:48.927Z","level":"info","event":"room_leave","room":"battle_room","roomId":"pgbVznqjM","sessionId":"DbjUNh6f3","players":1}
[battle_room] leave sessionId=DbjUNh6f3 players=1
{"ts":"2026-03-21T15:42:48.953Z","level":"info","event":"room_leave","room":"battle_room","roomId":"pgbVznqjM","sessionId":"3zuVz5tVK","players":0}
[battle_room] leave sessionId=3zuVz5tVK players=0
[battle_room] created roomId=ioY61beDM gameType=deathmatch scoreLimit=5 maxClients=12 patchRateMs=33
{"ts":"2026-03-21T15:42:50.286Z","level":"info","event":"room_create","room":"battle_room","roomId":"ioY61beDM","gameType":"deathmatch","scoreLimit":5,"maxClients":12,"patchRateMs":33.333333333333336,"staleInputMs":500,"authoritative":true}
[battle_room] join sessionId=yaIvNztrU name=Player_5584 team=red players=1
{"ts":"2026-03-21T15:42:50.533Z","level":"info","event":"room_join","room":"battle_room","roomId":"ioY61beDM","sessionId":"yaIvNztrU","name":"Player_5584","players":1}
[battle_room] join sessionId=rbGz_uqEx name=Player_3659 team=blue players=2
{"ts":"2026-03-21T15:42:57.499Z","level":"info","event":"room_join","room":"battle_room","roomId":"ioY61beDM","sessionId":"rbGz_uqEx","name":"Player_3659","players":2}
{"ts":"2026-03-21T15:42:57.578Z","level":"info","event":"battle_ready","room":"battle_room","roomId":"ioY61beDM","sessionId":"yaIvNztrU","readyCount":0,"players":2}
{"ts":"2026-03-21T15:42:57.942Z","level":"info","event":"battle_ready","room":"battle_room","roomId":"ioY61beDM","sessionId":"rbGz_uqEx","readyCount":1,"players":2}
{"ts":"2026-03-21T15:43:03.917Z","level":"info","event":"room_leave","room":"battle_room","roomId":"ioY61beDM","sessionId":"yaIvNztrU","players":1}
[battle_room] leave sessionId=yaIvNztrU players=1
{"ts":"2026-03-21T15:43:03.953Z","level":"info","event":"room_leave","room":"battle_room","roomId":"ioY61beDM","sessionId":"rbGz_uqEx","players":0}
[battle_room] leave sessionId=rbGz_uqEx players=0
[battle_room] created roomId=5wH-TPTvs gameType=deathmatch scoreLimit=5 maxClients=12 patchRateMs=33
{"ts":"2026-03-21T15:43:05.311Z","level":"info","event":"room_create","room":"battle_room","roomId":"5wH-TPTvs","gameType":"deathmatch","scoreLimit":5,"maxClients":12,"patchRateMs":33.333333333333336,"staleInputMs":500,"authoritative":true}
[battle_room] join sessionId=Vcbg2VXfb name=Player_5584 team=red players=1
{"ts":"2026-03-21T15:43:05.555Z","level":"info","event":"room_join","room":"battle_room","roomId":"5wH-TPTvs","sessionId":"Vcbg2VXfb","name":"Player_5584","players":1}
[battle_room] join sessionId=Wpvgb1oWW name=Player_3659 team=blue players=2
{"ts":"2026-03-21T15:43:12.519Z","level":"info","event":"room_join","room":"battle_room","roomId":"5wH-TPTvs","sessionId":"Wpvgb1oWW","name":"Player_3659","players":2}
{"ts":"2026-03-21T15:43:12.573Z","level":"info","event":"battle_ready","room":"battle_room","roomId":"5wH-TPTvs","sessionId":"Vcbg2VXfb","readyCount":0,"players":2}
{"ts":"2026-03-21T15:43:12.786Z","level":"info","event":"battle_ready","room":"battle_room","roomId":"5wH-TPTvs","sessionId":"Wpvgb1oWW","readyCount":1,"players":2}
{"ts":"2026-03-21T15:43:38.619Z","level":"info","event":"room_leave","room":"battle_room","roomId":"5wH-TPTvs","sessionId":"Vcbg2VXfb","players":1}
[battle_room] leave sessionId=Vcbg2VXfb players=1
{"ts":"2026-03-21T15:43:38.665Z","level":"info","event":"room_leave","room":"battle_room","roomId":"5wH-TPTvs","sessionId":"Wpvgb1oWW","players":0}
[battle_room] leave sessionId=Wpvgb1oWW players=0
[battle_room] created roomId=FCnzWpmLC gameType=deathmatch scoreLimit=5 maxClients=12 patchRateMs=33
{"ts":"2026-03-21T15:43:40.400Z","level":"info","event":"room_create","room":"battle_room","roomId":"FCnzWpmLC","gameType":"deathmatch","scoreLimit":5,"maxClients":12,"patchRateMs":33.333333333333336,"staleInputMs":500,"authoritative":true}
[battle_room] join sessionId=EIwdjnlcj name=Player_3659 team=red players=1
{"ts":"2026-03-21T15:43:47.307Z","level":"info","event":"room_join","room":"battle_room","roomId":"FCnzWpmLC","sessionId":"EIwdjnlcj","name":"Player_3659","players":1}
[battle_room] join sessionId=3F7FSNeOD name=Player_5584 team=blue players=2
{"ts":"2026-03-21T15:43:47.318Z","level":"info","event":"room_join","room":"battle_room","roomId":"FCnzWpmLC","sessionId":"3F7FSNeOD","name":"Player_5584","players":2}
{"ts":"2026-03-21T15:43:47.556Z","level":"info","event":"room_leave","room":"battle_room","roomId":"FCnzWpmLC","sessionId":"EIwdjnlcj","players":1}
[battle_room] leave sessionId=EIwdjnlcj players=1
{"ts":"2026-03-21T15:43:47.593Z","level":"info","event":"room_leave","room":"battle_room","roomId":"FCnzWpmLC","sessionId":"3F7FSNeOD","players":0}
[battle_room] leave sessionId=3F7FSNeOD players=0
[battle_room] created roomId=NWf4YNhqm gameType=deathmatch scoreLimit=5 maxClients=12 patchRateMs=33
{"ts":"2026-03-21T15:43:48.523Z","level":"info","event":"room_create","room":"battle_room","roomId":"NWf4YNhqm","gameType":"deathmatch","scoreLimit":5,"maxClients":12,"patchRateMs":33.333333333333336,"staleInputMs":500,"authoritative":true}
[battle_room] join sessionId=I79xyPsLv name=Player_3659 team=red players=1
{"ts":"2026-03-21T15:43:52.432Z","level":"info","event":"room_join","room":"battle_room","roomId":"NWf4YNhqm","sessionId":"I79xyPsLv","name":"Player_3659","players":1}
[battle_room] join sessionId=L0rrROYZl name=Player_5584 team=blue players=2
{"ts":"2026-03-21T15:43:56.096Z","level":"info","event":"room_join","room":"battle_room","roomId":"NWf4YNhqm","sessionId":"L0rrROYZl","name":"Player_5584","players":2}
{"ts":"2026-03-21T15:43:56.186Z","level":"info","event":"battle_ready","room":"battle_room","roomId":"NWf4YNhqm","sessionId":"I79xyPsLv","readyCount":0,"players":2}
{"ts":"2026-03-21T15:43:56.392Z","level":"info","event":"battle_ready","room":"battle_room","roomId":"NWf4YNhqm","sessionId":"L0rrROYZl","readyCount":1,"players":2}
{"ts":"2026-03-21T15:43:56.471Z","level":"info","event":"room_leave","room":"battle_room","roomId":"NWf4YNhqm","sessionId":"I79xyPsLv","players":1}
[battle_room] leave sessionId=I79xyPsLv players=1
{"ts":"2026-03-21T15:43:56.494Z","level":"info","event":"room_leave","room":"battle_room","roomId":"NWf4YNhqm","sessionId":"L0rrROYZl","players":0}
[battle_room] leave sessionId=L0rrROYZl players=0
[battle_room] created roomId=GHGUk-qH0 gameType=deathmatch scoreLimit=5 maxClients=12 patchRateMs=33
{"ts":"2026-03-21T15:43:57.594Z","level":"info","event":"room_create","room":"battle_room","roomId":"GHGUk-qH0","gameType":"deathmatch","scoreLimit":5,"maxClients":12,"patchRateMs":33.333333333333336,"staleInputMs":500,"authoritative":true}
[battle_room] join sessionId=duhjuprEq name=Player_3659 team=red players=1
{"ts":"2026-03-21T15:44:04.923Z","level":"info","event":"room_join","room":"battle_room","roomId":"GHGUk-qH0","sessionId":"duhjuprEq","name":"Player_3659","players":1}
[battle_room] join sessionId=WMC3AaOdf name=Player_5584 team=blue players=2
{"ts":"2026-03-21T15:44:04.939Z","level":"info","event":"room_join","room":"battle_room","roomId":"GHGUk-qH0","sessionId":"WMC3AaOdf","name":"Player_5584","players":2}
{"ts":"2026-03-21T15:44:04.990Z","level":"info","event":"battle_ready","room":"battle_room","roomId":"GHGUk-qH0","sessionId":"duhjuprEq","readyCount":0,"players":2}
{"ts":"2026-03-21T15:44:04.998Z","level":"info","event":"battle_ready","room":"battle_room","roomId":"GHGUk-qH0","sessionId":"WMC3AaOdf","readyCount":1,"players":2}
{"ts":"2026-03-21T15:44:05.625Z","level":"info","event":"room_leave","room":"battle_room","roomId":"GHGUk-qH0","sessionId":"duhjuprEq","players":1}
[battle_room] leave sessionId=duhjuprEq players=1
{"ts":"2026-03-21T15:44:05.647Z","level":"info","event":"room_leave","room":"battle_room","roomId":"GHGUk-qH0","sessionId":"WMC3AaOdf","players":0}
[battle_room] leave sessionId=WMC3AaOdf players=0
[battle_room] created roomId=YFtkU_aVK gameType=deathmatch scoreLimit=5 maxClients=12 patchRateMs=33
{"ts":"2026-03-21T15:44:07.236Z","level":"info","event":"room_create","room":"battle_room","roomId":"YFtkU_aVK","gameType":"deathmatch","scoreLimit":5,"maxClients":12,"patchRateMs":33.333333333333336,"staleInputMs":500,"authoritative":true}
[battle_room] join sessionId=yr8GhQseT name=Player_3659 team=red players=1
{"ts":"2026-03-21T15:44:14.662Z","level":"info","event":"room_join","room":"battle_room","roomId":"YFtkU_aVK","sessionId":"yr8GhQseT","name":"Player_3659","players":1}
[battle_room] join sessionId=ec_tm275F name=Player_5584 team=blue players=2
{"ts":"2026-03-21T15:44:14.685Z","level":"info","event":"room_join","room":"battle_room","roomId":"YFtkU_aVK","sessionId":"ec_tm275F","name":"Player_5584","players":2}
{"ts":"2026-03-21T15:44:14.792Z","level":"info","event":"battle_ready","room":"battle_room","roomId":"YFtkU_aVK","sessionId":"yr8GhQseT","readyCount":0,"players":2}
{"ts":"2026-03-21T15:44:14.833Z","level":"info","event":"battle_ready","room":"battle_room","roomId":"YFtkU_aVK","sessionId":"ec_tm275F","readyCount":1,"players":2}
{"ts":"2026-03-21T15:44:15.303Z","level":"info","event":"room_leave","room":"battle_room","roomId":"YFtkU_aVK","sessionId":"yr8GhQseT","players":1}
[battle_room] leave sessionId=yr8GhQseT players=1
{"ts":"2026-03-21T15:44:15.327Z","level":"info","event":"room_leave","room":"battle_room","roomId":"YFtkU_aVK","sessionId":"ec_tm275F","players":0}
[battle_room] leave sessionId=ec_tm275F players=0
[battle_room] created roomId=Z7sL7k_I4 gameType=deathmatch scoreLimit=5 maxClients=12 patchRateMs=33
{"ts":"2026-03-21T15:44:16.400Z","level":"info","event":"room_create","room":"battle_room","roomId":"Z7sL7k_I4","gameType":"deathmatch","scoreLimit":5,"maxClients":12,"patchRateMs":33.333333333333336,"staleInputMs":500,"authoritative":true}
[battle_room] join sessionId=960Q2xw5O name=Player_3659 team=red players=1
{"ts":"2026-03-21T15:44:16.630Z","level":"info","event":"room_join","room":"battle_room","roomId":"Z7sL7k_I4","sessionId":"960Q2xw5O","name":"Player_3659","players":1}
[battle_room] join sessionId=iyOssWveG name=Player_5584 team=blue players=2
{"ts":"2026-03-21T15:44:23.500Z","level":"info","event":"room_join","room":"battle_room","roomId":"Z7sL7k_I4","sessionId":"iyOssWveG","name":"Player_5584","players":2}
{"ts":"2026-03-21T15:44:23.534Z","level":"info","event":"battle_ready","room":"battle_room","roomId":"Z7sL7k_I4","sessionId":"960Q2xw5O","readyCount":0,"players":2}
{"ts":"2026-03-21T15:44:23.786Z","level":"info","event":"battle_ready","room":"battle_room","roomId":"Z7sL7k_I4","sessionId":"iyOssWveG","readyCount":1,"players":2}
{"ts":"2026-03-21T15:44:28.029Z","level":"info","event":"room_leave","room":"battle_room","roomId":"Z7sL7k_I4","sessionId":"960Q2xw5O","players":1}
[battle_room] leave sessionId=960Q2xw5O players=1
{"ts":"2026-03-21T15:44:28.070Z","level":"info","event":"room_leave","room":"battle_room","roomId":"Z7sL7k_I4","sessionId":"iyOssWveG","players":0}
[battle_room] leave sessionId=iyOssWveG players=0
[battle_room] created roomId=ezbeSsK9G gameType=deathmatch scoreLimit=5 maxClients=12 patchRateMs=33
{"ts":"2026-03-21T15:44:29.863Z","level":"info","event":"room_create","room":"battle_room","roomId":"ezbeSsK9G","gameType":"deathmatch","scoreLimit":5,"maxClients":12,"patchRateMs":33.333333333333336,"staleInputMs":500,"authoritative":true}
[battle_room] join sessionId=a4KupHvsJ name=Player_3659 team=red players=1
{"ts":"2026-03-21T15:44:29.955Z","level":"info","event":"room_join","room":"battle_room","roomId":"ezbeSsK9G","sessionId":"a4KupHvsJ","name":"Player_3659","players":1}
[battle_room] join sessionId=ezigYkOSP name=Player_5584 team=blue players=2
{"ts":"2026-03-21T15:44:33.702Z","level":"info","event":"room_join","room":"battle_room","roomId":"ezbeSsK9G","sessionId":"ezigYkOSP","name":"Player_5584","players":2}
{"ts":"2026-03-21T15:44:33.717Z","level":"info","event":"battle_ready","room":"battle_room","roomId":"ezbeSsK9G","sessionId":"a4KupHvsJ","readyCount":0,"players":2}
{"ts":"2026-03-21T15:44:37.748Z","level":"info","event":"battle_ready","room":"battle_room","roomId":"ezbeSsK9G","sessionId":"ezigYkOSP","readyCount":1,"players":2}
{"ts":"2026-03-21T15:44:37.855Z","level":"info","event":"room_leave","room":"battle_room","roomId":"ezbeSsK9G","sessionId":"a4KupHvsJ","players":1}
[battle_room] leave sessionId=a4KupHvsJ players=1
{"ts":"2026-03-21T15:44:37.879Z","level":"info","event":"room_leave","room":"battle_room","roomId":"ezbeSsK9G","sessionId":"ezigYkOSP","players":0}
[battle_room] leave sessionId=ezigYkOSP players=0
[battle_room] created roomId=3Ja15BHws gameType=deathmatch scoreLimit=5 maxClients=12 patchRateMs=33
{"ts":"2026-03-21T15:44:39.286Z","level":"info","event":"room_create","room":"battle_room","roomId":"3Ja15BHws","gameType":"deathmatch","scoreLimit":5,"maxClients":12,"patchRateMs":33.333333333333336,"staleInputMs":500,"authoritative":true}
[battle_room] join sessionId=3naM81u8M name=Player_3659 team=red players=1
{"ts":"2026-03-21T15:44:46.643Z","level":"info","event":"room_join","room":"battle_room","roomId":"3Ja15BHws","sessionId":"3naM81u8M","name":"Player_3659","players":1}
[battle_room] join sessionId=9UapnDI-2 name=Player_5584 team=blue players=2
{"ts":"2026-03-21T15:44:46.666Z","level":"info","event":"room_join","room":"battle_room","roomId":"3Ja15BHws","sessionId":"9UapnDI-2","name":"Player_5584","players":2}
{"ts":"2026-03-21T15:44:46.732Z","level":"info","event":"battle_ready","room":"battle_room","roomId":"3Ja15BHws","sessionId":"3naM81u8M","readyCount":0,"players":2}
{"ts":"2026-03-21T15:44:46.754Z","level":"info","event":"battle_ready","room":"battle_room","roomId":"3Ja15BHws","sessionId":"9UapnDI-2","readyCount":1,"players":2}
{"ts":"2026-03-21T15:44:48.659Z","level":"info","event":"room_leave","room":"battle_room","roomId":"3Ja15BHws","sessionId":"3naM81u8M","players":1}
[battle_room] leave sessionId=3naM81u8M players=1
{"ts":"2026-03-21T15:44:48.694Z","level":"info","event":"room_leave","room":"battle_room","roomId":"3Ja15BHws","sessionId":"9UapnDI-2","players":0}
[battle_room] leave sessionId=9UapnDI-2 players=0
[battle_room] created roomId=dyMa1QxBX gameType=deathmatch scoreLimit=5 maxClients=12 patchRateMs=33
{"ts":"2026-03-21T15:44:50.146Z","level":"info","event":"room_create","room":"battle_room","roomId":"dyMa1QxBX","gameType":"deathmatch","scoreLimit":5,"maxClients":12,"patchRateMs":33.333333333333336,"staleInputMs":500,"authoritative":true}
[battle_room] join sessionId=fKmCXxAaZ name=Player_5584 team=red players=1
{"ts":"2026-03-21T15:44:50.611Z","level":"info","event":"room_join","room":"battle_room","roomId":"dyMa1QxBX","sessionId":"fKmCXxAaZ","name":"Player_5584","players":1}
[battle_room] join sessionId=iw5PINtza name=Player_3659 team=blue players=2
{"ts":"2026-03-21T15:44:57.573Z","level":"info","event":"room_join","room":"battle_room","roomId":"dyMa1QxBX","sessionId":"iw5PINtza","name":"Player_3659","players":2}
{"ts":"2026-03-21T15:44:57.647Z","level":"info","event":"battle_ready","room":"battle_room","roomId":"dyMa1QxBX","sessionId":"fKmCXxAaZ","readyCount":0,"players":2}
{"ts":"2026-03-21T15:44:57.758Z","level":"info","event":"battle_ready","room":"battle_room","roomId":"dyMa1QxBX","sessionId":"iw5PINtza","readyCount":1,"players":2}
{"ts":"2026-03-21T15:45:15.114Z","level":"info","event":"room_leave","room":"battle_room","roomId":"dyMa1QxBX","sessionId":"iw5PINtza","players":1}
[battle_room] leave sessionId=iw5PINtza players=1
{"ts":"2026-03-21T15:45:15.160Z","level":"info","event":"room_leave","room":"battle_room","roomId":"dyMa1QxBX","sessionId":"fKmCXxAaZ","players":0}
[battle_room] leave sessionId=fKmCXxAaZ players=0
[battle_room] created roomId=-yON3xCAw gameType=deathmatch scoreLimit=5 maxClients=12 patchRateMs=33
{"ts":"2026-03-21T15:45:16.433Z","level":"info","event":"room_create","room":"battle_room","roomId":"-yON3xCAw","gameType":"deathmatch","scoreLimit":5,"maxClients":12,"patchRateMs":33.333333333333336,"staleInputMs":500,"authoritative":true}
[battle_room] join sessionId=uhUoO34il name=Player_5584 team=red players=1
{"ts":"2026-03-21T15:45:16.750Z","level":"info","event":"room_join","room":"battle_room","roomId":"-yON3xCAw","sessionId":"uhUoO34il","name":"Player_5584","players":1}
{"ts":"2026-03-21T15:45:23.088Z","level":"info","event":"room_leave","room":"battle_room","roomId":"-yON3xCAw","sessionId":"uhUoO34il","players":0}
[battle_room] leave sessionId=uhUoO34il players=0
[battle_room] join sessionId=eUuC-023m name=Player_3659 team=red players=1
{"ts":"2026-03-21T15:45:23.682Z","level":"info","event":"room_join","room":"battle_room","roomId":"-yON3xCAw","sessionId":"eUuC-023m","name":"Player_3659","players":1}
{"ts":"2026-03-21T15:45:23.782Z","level":"info","event":"battle_ready","room":"battle_room","roomId":"-yON3xCAw","sessionId":"eUuC-023m","readyCount":0,"players":1}
{"ts":"2026-03-21T15:51:13.207Z","level":"info","event":"room_leave","room":"battle_room","roomId":"-yON3xCAw","sessionId":"eUuC-023m","players":0}
[battle_room] leave sessionId=eUuC-023m players=0
[battle_room] created roomId=zKbOxuEEs gameType=deathmatch scoreLimit=5 maxClients=12 patchRateMs=33
{"ts":"2026-03-21T15:51:14.280Z","level":"info","event":"room_create","room":"battle_room","roomId":"zKbOxuEEs","gameType":"deathmatch","scoreLimit":5,"maxClients":12,"patchRateMs":33.333333333333336,"staleInputMs":500,"authoritative":true}
[battle_room] join sessionId=ncVEkigjZ name=Player_5584 team=red players=1
{"ts":"2026-03-21T15:51:17.723Z","level":"info","event":"room_join","room":"battle_room","roomId":"zKbOxuEEs","sessionId":"ncVEkigjZ","name":"Player_5584","players":1}
{"ts":"2026-03-21T15:51:18.130Z","level":"info","event":"battle_ready","room":"battle_room","roomId":"zKbOxuEEs","sessionId":"ncVEkigjZ","readyCount":0,"players":1}
[battle_room] join sessionId=tSSwK9UY4 name=Player_3659 team=blue players=2
{"ts":"2026-03-21T15:51:19.615Z","level":"info","event":"room_join","room":"battle_room","roomId":"zKbOxuEEs","sessionId":"tSSwK9UY4","name":"Player_3659","players":2}
{"ts":"2026-03-21T15:51:23.696Z","level":"info","event":"battle_ready","room":"battle_room","roomId":"zKbOxuEEs","sessionId":"tSSwK9UY4","readyCount":1,"players":2}
{"ts":"2026-03-21T15:51:46.550Z","level":"warn","event":"rate_limited","sessionId":"tSSwK9UY4","messageType":"fireWeapon","violations":1}
{"ts":"2026-03-21T15:51:46.677Z","level":"warn","event":"rate_limited","sessionId":"tSSwK9UY4","messageType":"fireWeapon","violations":2}
{"ts":"2026-03-21T15:51:46.846Z","level":"warn","event":"rate_limited","sessionId":"tSSwK9UY4","messageType":"fireWeapon","violations":3}
{"ts":"2026-03-21T15:51:46.895Z","level":"warn","event":"rate_limited","sessionId":"tSSwK9UY4","messageType":"fireWeapon","violations":4}
{"ts":"2026-03-21T15:51:47.017Z","level":"warn","event":"rate_limited","sessionId":"tSSwK9UY4","messageType":"fireWeapon","violations":5}
{"ts":"2026-03-21T15:54:01.254Z","level":"warn","event":"rate_limited","sessionId":"tSSwK9UY4","messageType":"fireWeapon","violations":50}
{"ts":"2026-03-21T15:58:48.375Z","level":"info","event":"room_leave","room":"battle_room","roomId":"zKbOxuEEs","sessionId":"ncVEkigjZ","players":1}
[battle_room] leave sessionId=ncVEkigjZ players=1
{"ts":"2026-03-21T15:58:48.376Z","level":"info","event":"room_leave","room":"battle_room","roomId":"zKbOxuEEs","sessionId":"tSSwK9UY4","players":0}
[battle_room] leave sessionId=tSSwK9UY4 players=0
Restarting 'src/index.js'
{"ts":"2026-03-21T16:34:09.563Z","level":"info","event":"server_start","port":2567,"env":"development"}

       ___      _
      / __\___ | |_   _ ___  ___ _   _ ___
     / /  / _ \| | | | / __|/ _ \ | | / __|
    / /__| (_) | | |_| \__ \  __/ |_| \__ \
    \____/\___/|_|\__, |___/\___|\__,_|___/
                  |___/

     · Multiplayer Framework for Node.js ·

💖 Consider becoming a Sponsor on GitHub → https://github.com/sponsors/endel
🌟 Give us a star on GitHub → https://github.com/colyseus/colyseus
☁️  Deploy and scale your project on Colyseus Cloud → https://cloud.colyseus.io


Restarting 'src/index.js'
{"ts":"2026-03-21T16:34:14.634Z","level":"info","event":"server_start","port":2567,"env":"development"}

       ___      _
      / __\___ | |_   _ ___  ___ _   _ ___
     / /  / _ \| | | | / __|/ _ \ | | / __|
    / /__| (_) | | |_| \__ \  __/ |_| \__ \
    \____/\___/|_|\__, |___/\___|\__,_|___/
                  |___/

     · Multiplayer Framework for Node.js ·

💖 Consider becoming a Sponsor on GitHub → https://github.com/sponsors/endel
🌟 Give us a star on GitHub → https://github.com/colyseus/colyseus
☁️  Deploy and scale your project on Colyseus Cloud → https://cloud.colyseus.io


Restarting 'src/index.js'
Restarting 'src/index.js'
Restarting 'src/index.js'
Restarting 'src/index.js'
Restarting 'src/index.js'
{"ts":"2026-03-21T17:34:03.013Z","level":"info","event":"server_start","port":2567,"env":"development"}
Restarting 'src/index.js'
{"ts":"2026-03-21T17:34:03.444Z","level":"info","event":"server_start","port":2567,"env":"development"}
Restarting 'src/index.js'
{"ts":"2026-03-21T17:34:03.905Z","level":"info","event":"server_start","port":2567,"env":"development"}
Restarting 'src/index.js'
{"ts":"2026-03-21T17:34:04.351Z","level":"info","event":"server_start","port":2567,"env":"development"}
Restarting 'src/index.js'
{"ts":"2026-03-21T17:34:04.811Z","level":"info","event":"server_start","port":2567,"env":"development"}
Restarting 'src/index.js'
{"ts":"2026-03-21T17:34:05.300Z","level":"info","event":"server_start","port":2567,"env":"development"}
Restarting 'src/index.js'
{"ts":"2026-03-21T17:34:05.817Z","level":"info","event":"server_start","port":2567,"env":"development"}
Restarting 'src/index.js'
{"ts":"2026-03-21T17:34:06.359Z","level":"info","event":"server_start","port":2567,"env":"development"}

       ___      _
      / __\___ | |_   _ ___  ___ _   _ ___
     / /  / _ \| | | | / __|/ _ \ | | / __|
    / /__| (_) | | |_| \__ \  __/ |_| \__ \
    \____/\___/|_|\__, |___/\___|\__,_|___/
                  |___/

     · Multiplayer Framework for Node.js ·

💖 Consider becoming a Sponsor on GitHub → https://github.com/sponsors/endel
🌟 Give us a star on GitHub → https://github.com/colyseus/colyseus
☁️  Deploy and scale your project on Colyseus Cloud → https://cloud.colyseus.io


Restarting 'src/index.js'
{"ts":"2026-03-21T17:34:06.855Z","level":"info","event":"server_start","port":2567,"env":"development"}

       ___      _
      / __\___ | |_   _ ___  ___ _   _ ___
     / /  / _ \| | | | / __|/ _ \ | | / __|
    / /__| (_) | | |_| \__ \  __/ |_| \__ \
    \____/\___/|_|\__, |___/\___|\__,_|___/
                  |___/

     · Multiplayer Framework for Node.js ·

💖 Consider becoming a Sponsor on GitHub → https://github.com/sponsors/endel
🌟 Give us a star on GitHub → https://github.com/colyseus/colyseus
☁️  Deploy and scale your project on Colyseus Cloud → https://cloud.colyseus.io


Restarting 'src/index.js'
{"ts":"2026-03-21T17:34:07.392Z","level":"info","event":"server_start","port":2567,"env":"development"}

       ___      _
      / __\___ | |_   _ ___  ___ _   _ ___
     / /  / _ \| | | | / __|/ _ \ | | / __|
    / /__| (_) | | |_| \__ \  __/ |_| \__ \
    \____/\___/|_|\__, |___/\___|\__,_|___/
                  |___/

     · Multiplayer Framework for Node.js ·

💖 Consider becoming a Sponsor on GitHub → https://github.com/sponsors/endel
🌟 Give us a star on GitHub → https://github.com/colyseus/colyseus
☁️  Deploy and scale your project on Colyseus Cloud → https://cloud.colyseus.io


Restarting 'src/index.js'
{"ts":"2026-03-21T17:34:07.934Z","level":"info","event":"server_start","port":2567,"env":"development"}

       ___      _
      / __\___ | |_   _ ___  ___ _   _ ___
     / /  / _ \| | | | / __|/ _ \ | | / __|
    / /__| (_) | | |_| \__ \  __/ |_| \__ \
    \____/\___/|_|\__, |___/\___|\__,_|___/
                  |___/

     · Multiplayer Framework for Node.js ·

💖 Consider becoming a Sponsor on GitHub → https://github.com/sponsors/endel
🌟 Give us a star on GitHub → https://github.com/colyseus/colyseus
☁️  Deploy and scale your project on Colyseus Cloud → https://cloud.colyseus.io


Restarting 'src/index.js'
{"ts":"2026-03-21T17:34:08.480Z","level":"info","event":"server_start","port":2567,"env":"development"}

       ___      _
      / __\___ | |_   _ ___  ___ _   _ ___
     / /  / _ \| | | | / __|/ _ \ | | / __|
    / /__| (_) | | |_| \__ \  __/ |_| \__ \
    \____/\___/|_|\__, |___/\___|\__,_|___/
                  |___/

     · Multiplayer Framework for Node.js ·

💖 Consider becoming a Sponsor on GitHub → https://github.com/sponsors/endel
🌟 Give us a star on GitHub → https://github.com/colyseus/colyseus
☁️  Deploy and scale your project on Colyseus Cloud → https://cloud.colyseus.io


Restarting 'src/index.js'
{"ts":"2026-03-21T17:34:09.092Z","level":"info","event":"server_start","port":2567,"env":"development"}

       ___      _
      / __\___ | |_   _ ___  ___ _   _ ___
     / /  / _ \| | | | / __|/ _ \ | | / __|
    / /__| (_) | | |_| \__ \  __/ |_| \__ \
    \____/\___/|_|\__, |___/\___|\__,_|___/
                  |___/

     · Multiplayer Framework for Node.js ·

💖 Consider becoming a Sponsor on GitHub → https://github.com/sponsors/endel
🌟 Give us a star on GitHub → https://github.com/colyseus/colyseus
☁️  Deploy and scale your project on Colyseus Cloud → https://cloud.colyseus.io


Restarting 'src/index.js'
{"ts":"2026-03-21T17:34:09.729Z","level":"info","event":"server_start","port":2567,"env":"development"}

       ___      _
      / __\___ | |_   _ ___  ___ _   _ ___
     / /  / _ \| | | | / __|/ _ \ | | / __|
    / /__| (_) | | |_| \__ \  __/ |_| \__ \
    \____/\___/|_|\__, |___/\___|\__,_|___/
                  |___/

     · Multiplayer Framework for Node.js ·

💖 Consider becoming a Sponsor on GitHub → https://github.com/sponsors/endel
🌟 Give us a star on GitHub → https://github.com/colyseus/colyseus
☁️  Deploy and scale your project on Colyseus Cloud → https://cloud.colyseus.io


Restarting 'src/index.js'
{"ts":"2026-03-21T17:34:10.384Z","level":"info","event":"server_start","port":2567,"env":"development"}

       ___      _
      / __\___ | |_   _ ___  ___ _   _ ___
     / /  / _ \| | | | / __|/ _ \ | | / __|
    / /__| (_) | | |_| \__ \  __/ |_| \__ \
    \____/\___/|_|\__, |___/\___|\__,_|___/
                  |___/

     · Multiplayer Framework for Node.js ·

💖 Consider becoming a Sponsor on GitHub → https://github.com/sponsors/endel
🌟 Give us a star on GitHub → https://github.com/colyseus/colyseus
☁️  Deploy and scale your project on Colyseus Cloud → https://cloud.colyseus.io


Restarting 'src/index.js'
{"ts":"2026-03-21T17:34:11.067Z","level":"info","event":"server_start","port":2567,"env":"development"}

       ___      _
      / __\___ | |_   _ ___  ___ _   _ ___
     / /  / _ \| | | | / __|/ _ \ | | / __|
    / /__| (_) | | |_| \__ \  __/ |_| \__ \
    \____/\___/|_|\__, |___/\___|\__,_|___/
                  |___/

     · Multiplayer Framework for Node.js ·

💖 Consider becoming a Sponsor on GitHub → https://github.com/sponsors/endel
🌟 Give us a star on GitHub → https://github.com/colyseus/colyseus
☁️  Deploy and scale your project on Colyseus Cloud → https://cloud.colyseus.io


Restarting 'src/index.js'
{"ts":"2026-03-21T17:34:11.838Z","level":"info","event":"server_start","port":2567,"env":"development"}

       ___      _
      / __\___ | |_   _ ___  ___ _   _ ___
     / /  / _ \| | | | / __|/ _ \ | | / __|
    / /__| (_) | | |_| \__ \  __/ |_| \__ \
    \____/\___/|_|\__, |___/\___|\__,_|___/
                  |___/

     · Multiplayer Framework for Node.js ·

💖 Consider becoming a Sponsor on GitHub → https://github.com/sponsors/endel
🌟 Give us a star on GitHub → https://github.com/colyseus/colyseus
☁️  Deploy and scale your project on Colyseus Cloud → https://cloud.colyseus.io


Restarting 'src/index.js'
{"ts":"2026-03-21T17:34:12.501Z","level":"info","event":"server_start","port":2567,"env":"development"}

       ___      _
      / __\___ | |_   _ ___  ___ _   _ ___
     / /  / _ \| | | | / __|/ _ \ | | / __|
    / /__| (_) | | |_| \__ \  __/ |_| \__ \
    \____/\___/|_|\__, |___/\___|\__,_|___/
                  |___/

     · Multiplayer Framework for Node.js ·

💖 Consider becoming a Sponsor on GitHub → https://github.com/sponsors/endel
🌟 Give us a star on GitHub → https://github.com/colyseus/colyseus
☁️  Deploy and scale your project on Colyseus Cloud → https://cloud.colyseus.io


Restarting 'src/index.js'
{"ts":"2026-03-21T17:34:13.151Z","level":"info","event":"server_start","port":2567,"env":"development"}

       ___      _
      / __\___ | |_   _ ___  ___ _   _ ___
     / /  / _ \| | | | / __|/ _ \ | | / __|
    / /__| (_) | | |_| \__ \  __/ |_| \__ \
    \____/\___/|_|\__, |___/\___|\__,_|___/
                  |___/

     · Multiplayer Framework for Node.js ·

💖 Consider becoming a Sponsor on GitHub → https://github.com/sponsors/endel
🌟 Give us a star on GitHub → https://github.com/colyseus/colyseus
☁️  Deploy and scale your project on Colyseus Cloud → https://cloud.colyseus.io


Restarting 'src/index.js'
{"ts":"2026-03-21T17:34:13.900Z","level":"info","event":"server_start","port":2567,"env":"development"}

       ___      _
      / __\___ | |_   _ ___  ___ _   _ ___
     / /  / _ \| | | | / __|/ _ \ | | / __|
    / /__| (_) | | |_| \__ \  __/ |_| \__ \
    \____/\___/|_|\__, |___/\___|\__,_|___/
                  |___/

     · Multiplayer Framework for Node.js ·

💖 Consider becoming a Sponsor on GitHub → https://github.com/sponsors/endel
🌟 Give us a star on GitHub → https://github.com/colyseus/colyseus
☁️  Deploy and scale your project on Colyseus Cloud → https://cloud.colyseus.io


Restarting 'src/index.js'
{"ts":"2026-03-21T17:34:14.597Z","level":"info","event":"server_start","port":2567,"env":"development"}

       ___      _
      / __\___ | |_   _ ___  ___ _   _ ___
     / /  / _ \| | | | / __|/ _ \ | | / __|
    / /__| (_) | | |_| \__ \  __/ |_| \__ \
    \____/\___/|_|\__, |___/\___|\__,_|___/
                  |___/

     · Multiplayer Framework for Node.js ·

💖 Consider becoming a Sponsor on GitHub → https://github.com/sponsors/endel
🌟 Give us a star on GitHub → https://github.com/colyseus/colyseus
☁️  Deploy and scale your project on Colyseus Cloud → https://cloud.colyseus.io


Restarting 'src/index.js'
{"ts":"2026-03-21T17:34:15.329Z","level":"info","event":"server_start","port":2567,"env":"development"}

       ___      _
      / __\___ | |_   _ ___  ___ _   _ ___
     / /  / _ \| | | | / __|/ _ \ | | / __|
    / /__| (_) | | |_| \__ \  __/ |_| \__ \
    \____/\___/|_|\__, |___/\___|\__,_|___/
                  |___/

     · Multiplayer Framework for Node.js ·

💖 Consider becoming a Sponsor on GitHub → https://github.com/sponsors/endel
🌟 Give us a star on GitHub → https://github.com/colyseus/colyseus
☁️  Deploy and scale your project on Colyseus Cloud → https://cloud.colyseus.io


[battle_room] created roomId=9D2pQvc7c gameType=deathmatch scoreLimit=5 maxClients=12 patchRateMs=33
{"ts":"2026-03-21T18:06:42.498Z","level":"info","event":"room_create","room":"battle_room","roomId":"9D2pQvc7c","gameType":"deathmatch","scoreLimit":5,"maxClients":12,"patchRateMs":33.333333333333336,"staleInputMs":500,"authoritative":true}
[battle_room] join sessionId=fQ3hmWXUQ name=Player_5584 team=red players=1
{"ts":"2026-03-21T18:06:44.486Z","level":"info","event":"room_join","room":"battle_room","roomId":"9D2pQvc7c","sessionId":"fQ3hmWXUQ","name":"Player_5584","players":1}
{"ts":"2026-03-21T18:06:44.537Z","level":"info","event":"battle_ready","room":"battle_room","roomId":"9D2pQvc7c","sessionId":"fQ3hmWXUQ","readyCount":0,"players":1}
[battle_room] join sessionId=zPAKt4z_y name=Player_3659 team=blue players=2
{"ts":"2026-03-21T18:06:47.305Z","level":"info","event":"room_join","room":"battle_room","roomId":"9D2pQvc7c","sessionId":"zPAKt4z_y","name":"Player_3659","players":2}
{"ts":"2026-03-21T18:06:49.171Z","level":"info","event":"battle_ready","room":"battle_room","roomId":"9D2pQvc7c","sessionId":"zPAKt4z_y","readyCount":1,"players":2}
{"ts":"2026-03-21T18:07:15.818Z","level":"warn","event":"rate_limited","sessionId":"fQ3hmWXUQ","messageType":"fireWeapon","violations":1}
{"ts":"2026-03-21T18:07:16.719Z","level":"warn","event":"rate_limited","sessionId":"fQ3hmWXUQ","messageType":"fireWeapon","violations":2}
{"ts":"2026-03-21T18:07:16.918Z","level":"warn","event":"rate_limited","sessionId":"fQ3hmWXUQ","messageType":"fireWeapon","violations":3}
{"ts":"2026-03-21T18:07:18.054Z","level":"warn","event":"rate_limited","sessionId":"fQ3hmWXUQ","messageType":"fireWeapon","violations":4}
{"ts":"2026-03-21T18:07:18.219Z","level":"warn","event":"rate_limited","sessionId":"fQ3hmWXUQ","messageType":"fireWeapon","violations":5}
{"ts":"2026-03-21T18:09:49.142Z","level":"info","event":"room_leave","room":"battle_room","roomId":"9D2pQvc7c","sessionId":"fQ3hmWXUQ","players":1}
[battle_room] leave sessionId=fQ3hmWXUQ players=1
{"ts":"2026-03-21T18:09:49.251Z","level":"info","event":"room_leave","room":"battle_room","roomId":"9D2pQvc7c","sessionId":"zPAKt4z_y","players":0}
[battle_room] leave sessionId=zPAKt4z_y players=0
[battle_room] created roomId=KToakJ5qu gameType=deathmatch scoreLimit=5 maxClients=12 patchRateMs=33
{"ts":"2026-03-21T18:09:50.318Z","level":"info","event":"room_create","room":"battle_room","roomId":"KToakJ5qu","gameType":"deathmatch","scoreLimit":5,"maxClients":12,"patchRateMs":33.333333333333336,"staleInputMs":500,"authoritative":true}
[battle_room] join sessionId=9CaiopGoX name=Player_5584 team=red players=1
{"ts":"2026-03-21T18:09:50.393Z","level":"info","event":"room_join","room":"battle_room","roomId":"KToakJ5qu","sessionId":"9CaiopGoX","name":"Player_5584","players":1}
{"ts":"2026-03-21T18:09:52.401Z","level":"info","event":"battle_ready","room":"battle_room","roomId":"KToakJ5qu","sessionId":"9CaiopGoX","readyCount":0,"players":1}
[battle_room] join sessionId=--fASA5bH name=Player_3659 team=blue players=2
{"ts":"2026-03-21T18:09:53.367Z","level":"info","event":"room_join","room":"battle_room","roomId":"KToakJ5qu","sessionId":"--fASA5bH","name":"Player_3659","players":2}
{"ts":"2026-03-21T18:09:53.514Z","level":"info","event":"battle_ready","room":"battle_room","roomId":"KToakJ5qu","sessionId":"--fASA5bH","readyCount":1,"players":2}
{"ts":"2026-03-21T18:09:59.392Z","level":"info","event":"room_leave","room":"battle_room","roomId":"KToakJ5qu","sessionId":"9CaiopGoX","players":1}
[battle_room] leave sessionId=9CaiopGoX players=1
{"ts":"2026-03-21T18:09:59.907Z","level":"info","event":"room_leave","room":"battle_room","roomId":"KToakJ5qu","sessionId":"--fASA5bH","players":0}
[battle_room] leave sessionId=--fASA5bH players=0
[battle_room] created roomId=TYUT8qOOl gameType=deathmatch scoreLimit=5 maxClients=12 patchRateMs=33
{"ts":"2026-03-21T18:10:00.090Z","level":"info","event":"room_create","room":"battle_room","roomId":"TYUT8qOOl","gameType":"deathmatch","scoreLimit":5,"maxClients":12,"patchRateMs":33.333333333333336,"staleInputMs":500,"authoritative":true}
[battle_room] join sessionId=sUYaMijbM name=Player_5584 team=red players=1
{"ts":"2026-03-21T18:10:02.088Z","level":"info","event":"room_join","room":"battle_room","roomId":"TYUT8qOOl","sessionId":"sUYaMijbM","name":"Player_5584","players":1}
{"ts":"2026-03-21T18:10:02.211Z","level":"info","event":"battle_ready","room":"battle_room","roomId":"TYUT8qOOl","sessionId":"sUYaMijbM","readyCount":0,"players":1}
[battle_room] join sessionId=viSHYTdKw name=Player_3659 team=blue players=2
{"ts":"2026-03-21T18:10:03.320Z","level":"info","event":"room_join","room":"battle_room","roomId":"TYUT8qOOl","sessionId":"viSHYTdKw","name":"Player_3659","players":2}
{"ts":"2026-03-21T18:10:05.592Z","level":"info","event":"battle_ready","room":"battle_room","roomId":"TYUT8qOOl","sessionId":"viSHYTdKw","readyCount":1,"players":2}
{"ts":"2026-03-21T18:10:05.663Z","level":"info","event":"room_leave","room":"battle_room","roomId":"TYUT8qOOl","sessionId":"sUYaMijbM","players":1}
[battle_room] leave sessionId=sUYaMijbM players=1
{"ts":"2026-03-21T18:10:05.725Z","level":"info","event":"room_leave","room":"battle_room","roomId":"TYUT8qOOl","sessionId":"viSHYTdKw","players":0}
[battle_room] leave sessionId=viSHYTdKw players=0
[battle_room] created roomId=BjOeZgoGN gameType=deathmatch scoreLimit=5 maxClients=12 patchRateMs=33
{"ts":"2026-03-21T18:10:06.969Z","level":"info","event":"room_create","room":"battle_room","roomId":"BjOeZgoGN","gameType":"deathmatch","scoreLimit":5,"maxClients":12,"patchRateMs":33.333333333333336,"staleInputMs":500,"authoritative":true}
[battle_room] join sessionId=06mgBIVko name=Player_5584 team=red players=1
{"ts":"2026-03-21T18:10:07.115Z","level":"info","event":"room_join","room":"battle_room","roomId":"BjOeZgoGN","sessionId":"06mgBIVko","name":"Player_5584","players":1}
[battle_room] join sessionId=6LZh9yPVD name=Player_3659 team=blue players=2
{"ts":"2026-03-21T18:10:11.540Z","level":"info","event":"room_join","room":"battle_room","roomId":"BjOeZgoGN","sessionId":"6LZh9yPVD","name":"Player_3659","players":2}
{"ts":"2026-03-21T18:10:11.573Z","level":"info","event":"battle_ready","room":"battle_room","roomId":"BjOeZgoGN","sessionId":"06mgBIVko","readyCount":0,"players":2}
{"ts":"2026-03-21T18:10:11.648Z","level":"info","event":"battle_ready","room":"battle_room","roomId":"BjOeZgoGN","sessionId":"6LZh9yPVD","readyCount":1,"players":2}
{"ts":"2026-03-21T18:10:19.006Z","level":"info","event":"room_leave","room":"battle_room","roomId":"BjOeZgoGN","sessionId":"06mgBIVko","players":1}
[battle_room] leave sessionId=06mgBIVko players=1
{"ts":"2026-03-21T18:10:19.064Z","level":"info","event":"room_leave","room":"battle_room","roomId":"BjOeZgoGN","sessionId":"6LZh9yPVD","players":0}
[battle_room] leave sessionId=6LZh9yPVD players=0
[battle_room] created roomId=vGBnvJDNP gameType=deathmatch scoreLimit=5 maxClients=12 patchRateMs=33
{"ts":"2026-03-21T18:10:20.408Z","level":"info","event":"room_create","room":"battle_room","roomId":"vGBnvJDNP","gameType":"deathmatch","scoreLimit":5,"maxClients":12,"patchRateMs":33.333333333333336,"staleInputMs":500,"authoritative":true}
[battle_room] join sessionId=2iIZqehaM name=Player_5584 team=red players=1
{"ts":"2026-03-21T18:10:23.624Z","level":"info","event":"room_join","room":"battle_room","roomId":"vGBnvJDNP","sessionId":"2iIZqehaM","name":"Player_5584","players":1}
[battle_room] join sessionId=xP5dhLxgW name=Player_3659 team=blue players=2
{"ts":"2026-03-21T18:10:23.860Z","level":"info","event":"room_join","room":"battle_room","roomId":"vGBnvJDNP","sessionId":"xP5dhLxgW","name":"Player_3659","players":2}
{"ts":"2026-03-21T18:10:23.987Z","level":"info","event":"battle_ready","room":"battle_room","roomId":"vGBnvJDNP","sessionId":"2iIZqehaM","readyCount":0,"players":2}
{"ts":"2026-03-21T18:10:26.992Z","level":"info","event":"battle_ready","room":"battle_room","roomId":"vGBnvJDNP","sessionId":"xP5dhLxgW","readyCount":1,"players":2}
{"ts":"2026-03-21T18:10:30.951Z","level":"info","event":"room_leave","room":"battle_room","roomId":"vGBnvJDNP","sessionId":"2iIZqehaM","players":1}
[battle_room] leave sessionId=2iIZqehaM players=1
{"ts":"2026-03-21T18:10:31.019Z","level":"info","event":"room_leave","room":"battle_room","roomId":"vGBnvJDNP","sessionId":"xP5dhLxgW","players":0}
[battle_room] leave sessionId=xP5dhLxgW players=0
[battle_room] created roomId=QvNuG6_ed gameType=deathmatch scoreLimit=5 maxClients=12 patchRateMs=33
{"ts":"2026-03-21T18:10:32.488Z","level":"info","event":"room_create","room":"battle_room","roomId":"QvNuG6_ed","gameType":"deathmatch","scoreLimit":5,"maxClients":12,"patchRateMs":33.333333333333336,"staleInputMs":500,"authoritative":true}
[battle_room] join sessionId=H-eNagsXd name=Player_5584 team=red players=1
{"ts":"2026-03-21T18:10:35.303Z","level":"info","event":"room_join","room":"battle_room","roomId":"QvNuG6_ed","sessionId":"H-eNagsXd","name":"Player_5584","players":1}
[battle_room] join sessionId=Frbiwbira name=Player_3659 team=blue players=2
{"ts":"2026-03-21T18:10:37.896Z","level":"info","event":"room_join","room":"battle_room","roomId":"QvNuG6_ed","sessionId":"Frbiwbira","name":"Player_3659","players":2}
{"ts":"2026-03-21T18:10:38.031Z","level":"info","event":"battle_ready","room":"battle_room","roomId":"QvNuG6_ed","sessionId":"H-eNagsXd","readyCount":0,"players":2}
{"ts":"2026-03-21T18:10:38.109Z","level":"info","event":"battle_ready","room":"battle_room","roomId":"QvNuG6_ed","sessionId":"Frbiwbira","readyCount":1,"players":2}
{"ts":"2026-03-21T18:10:39.372Z","level":"info","event":"room_leave","room":"battle_room","roomId":"QvNuG6_ed","sessionId":"H-eNagsXd","players":1}
[battle_room] leave sessionId=H-eNagsXd players=1
{"ts":"2026-03-21T18:10:39.401Z","level":"info","event":"room_leave","room":"battle_room","roomId":"QvNuG6_ed","sessionId":"Frbiwbira","players":0}
[battle_room] leave sessionId=Frbiwbira players=0
[battle_room] created roomId=MthClh5UY gameType=deathmatch scoreLimit=5 maxClients=12 patchRateMs=33
{"ts":"2026-03-21T18:10:40.603Z","level":"info","event":"room_create","room":"battle_room","roomId":"MthClh5UY","gameType":"deathmatch","scoreLimit":5,"maxClients":12,"patchRateMs":33.333333333333336,"staleInputMs":500,"authoritative":true}
[battle_room] join sessionId=vLZMpwsPX name=Player_5584 team=red players=1
{"ts":"2026-03-21T18:10:40.835Z","level":"info","event":"room_join","room":"battle_room","roomId":"MthClh5UY","sessionId":"vLZMpwsPX","name":"Player_5584","players":1}
[battle_room] join sessionId=BVT__jAZt name=Player_3659 team=blue players=2
{"ts":"2026-03-21T18:10:47.216Z","level":"info","event":"room_join","room":"battle_room","roomId":"MthClh5UY","sessionId":"BVT__jAZt","name":"Player_3659","players":2}
{"ts":"2026-03-21T18:10:47.247Z","level":"info","event":"battle_ready","room":"battle_room","roomId":"MthClh5UY","sessionId":"vLZMpwsPX","readyCount":0,"players":2}
{"ts":"2026-03-21T18:10:47.345Z","level":"info","event":"battle_ready","room":"battle_room","roomId":"MthClh5UY","sessionId":"BVT__jAZt","readyCount":1,"players":2}
{"ts":"2026-03-21T18:10:47.428Z","level":"info","event":"room_leave","room":"battle_room","roomId":"MthClh5UY","sessionId":"vLZMpwsPX","players":1}
[battle_room] leave sessionId=vLZMpwsPX players=1
{"ts":"2026-03-21T18:10:47.495Z","level":"info","event":"room_leave","room":"battle_room","roomId":"MthClh5UY","sessionId":"BVT__jAZt","players":0}
[battle_room] leave sessionId=BVT__jAZt players=0
[battle_room] created roomId=3ZhLMZxIU gameType=deathmatch scoreLimit=5 maxClients=12 patchRateMs=33
{"ts":"2026-03-21T18:10:48.750Z","level":"info","event":"room_create","room":"battle_room","roomId":"3ZhLMZxIU","gameType":"deathmatch","scoreLimit":5,"maxClients":12,"patchRateMs":33.333333333333336,"staleInputMs":500,"authoritative":true}
[battle_room] join sessionId=KZZYXsNLs name=Player_5584 team=red players=1
{"ts":"2026-03-21T18:10:49.618Z","level":"info","event":"room_join","room":"battle_room","roomId":"3ZhLMZxIU","sessionId":"KZZYXsNLs","name":"Player_5584","players":1}
[battle_room] join sessionId=vgGGzOqA1 name=Player_3659 team=blue players=2
{"ts":"2026-03-21T18:10:49.627Z","level":"info","event":"room_join","room":"battle_room","roomId":"3ZhLMZxIU","sessionId":"vgGGzOqA1","name":"Player_3659","players":2}
{"ts":"2026-03-21T18:10:49.665Z","level":"info","event":"battle_ready","room":"battle_room","roomId":"3ZhLMZxIU","sessionId":"KZZYXsNLs","readyCount":0,"players":2}
{"ts":"2026-03-21T18:10:49.768Z","level":"info","event":"battle_ready","room":"battle_room","roomId":"3ZhLMZxIU","sessionId":"vgGGzOqA1","readyCount":1,"players":2}
{"ts":"2026-03-21T18:11:35.140Z","level":"info","event":"room_leave","room":"battle_room","roomId":"3ZhLMZxIU","sessionId":"KZZYXsNLs","players":1}
[battle_room] leave sessionId=KZZYXsNLs players=1
{"ts":"2026-03-21T18:11:35.241Z","level":"info","event":"room_leave","room":"battle_room","roomId":"3ZhLMZxIU","sessionId":"vgGGzOqA1","players":0}
[battle_room] leave sessionId=vgGGzOqA1 players=0
[battle_room] created roomId=1qHyijEE4 gameType=deathmatch scoreLimit=5 maxClients=12 patchRateMs=33
{"ts":"2026-03-21T18:11:36.878Z","level":"info","event":"room_create","room":"battle_room","roomId":"1qHyijEE4","gameType":"deathmatch","scoreLimit":5,"maxClients":12,"patchRateMs":33.333333333333336,"staleInputMs":500,"authoritative":true}
[battle_room] join sessionId=Qxz3MSjLi name=Player_5584 team=red players=1
{"ts":"2026-03-21T18:11:39.664Z","level":"info","event":"room_join","room":"battle_room","roomId":"1qHyijEE4","sessionId":"Qxz3MSjLi","name":"Player_5584","players":1}
[battle_room] join sessionId=tiHwcOlmw name=Player_3659 team=blue players=2
{"ts":"2026-03-21T18:11:39.682Z","level":"info","event":"room_join","room":"battle_room","roomId":"1qHyijEE4","sessionId":"tiHwcOlmw","name":"Player_3659","players":2}
{"ts":"2026-03-21T18:11:41.800Z","level":"info","event":"battle_ready","room":"battle_room","roomId":"1qHyijEE4","sessionId":"Qxz3MSjLi","readyCount":0,"players":2}
{"ts":"2026-03-21T18:11:41.804Z","level":"info","event":"battle_ready","room":"battle_room","roomId":"1qHyijEE4","sessionId":"tiHwcOlmw","readyCount":1,"players":2}
{"ts":"2026-03-21T18:13:37.880Z","level":"info","event":"room_leave","room":"battle_room","roomId":"1qHyijEE4","sessionId":"Qxz3MSjLi","players":1}
[battle_room] leave sessionId=Qxz3MSjLi players=1
[battle_room] join sessionId=AWpy0vXIj name=Player_5584 team=blue players=2
{"ts":"2026-03-21T18:13:38.935Z","level":"info","event":"room_join","room":"battle_room","roomId":"1qHyijEE4","sessionId":"AWpy0vXIj","name":"Player_5584","players":2}
{"ts":"2026-03-21T18:13:41.374Z","level":"info","event":"room_leave","room":"battle_room","roomId":"1qHyijEE4","sessionId":"tiHwcOlmw","players":1}
[battle_room] leave sessionId=tiHwcOlmw players=1
[battle_room] join sessionId=-l7fpTriN name=Player_3659 team=blue players=2
{"ts":"2026-03-21T18:13:43.133Z","level":"info","event":"room_join","room":"battle_room","roomId":"1qHyijEE4","sessionId":"-l7fpTriN","name":"Player_3659","players":2}
{"ts":"2026-03-21T18:13:58.874Z","level":"info","event":"room_leave","room":"battle_room","roomId":"1qHyijEE4","sessionId":"AWpy0vXIj","players":1}
[battle_room] leave sessionId=AWpy0vXIj players=1
{"ts":"2026-03-21T18:13:58.933Z","level":"info","event":"room_leave","room":"battle_room","roomId":"1qHyijEE4","sessionId":"-l7fpTriN","players":0}
[battle_room] leave sessionId=-l7fpTriN players=0
[battle_room] created roomId=EqAWQHDHn gameType=deathmatch scoreLimit=5 maxClients=12 patchRateMs=33
{"ts":"2026-03-21T18:14:00.270Z","level":"info","event":"room_create","room":"battle_room","roomId":"EqAWQHDHn","gameType":"deathmatch","scoreLimit":5,"maxClients":12,"patchRateMs":33.333333333333336,"staleInputMs":500,"authoritative":true}
[battle_room] join sessionId=HutEbTaBj name=Player_5584 team=red players=1
{"ts":"2026-03-21T18:14:00.340Z","level":"info","event":"room_join","room":"battle_room","roomId":"EqAWQHDHn","sessionId":"HutEbTaBj","name":"Player_5584","players":1}
[battle_room] join sessionId=JXdpfW1QU name=Player_3659 team=blue players=2
{"ts":"2026-03-21T18:14:02.735Z","level":"info","event":"room_join","room":"battle_room","roomId":"EqAWQHDHn","sessionId":"JXdpfW1QU","name":"Player_3659","players":2}
{"ts":"2026-03-21T18:14:02.797Z","level":"info","event":"battle_ready","room":"battle_room","roomId":"EqAWQHDHn","sessionId":"HutEbTaBj","readyCount":0,"players":2}
{"ts":"2026-03-21T18:14:05.083Z","level":"info","event":"battle_ready","room":"battle_room","roomId":"EqAWQHDHn","sessionId":"JXdpfW1QU","readyCount":1,"players":2}
{"ts":"2026-03-21T18:14:23.365Z","level":"info","event":"room_leave","room":"battle_room","roomId":"EqAWQHDHn","sessionId":"HutEbTaBj","players":1}
[battle_room] leave sessionId=HutEbTaBj players=1
{"ts":"2026-03-21T18:14:23.424Z","level":"info","event":"room_leave","room":"battle_room","roomId":"EqAWQHDHn","sessionId":"JXdpfW1QU","players":0}
[battle_room] leave sessionId=JXdpfW1QU players=0
[battle_room] created roomId=KpxvRq1jz gameType=deathmatch scoreLimit=5 maxClients=12 patchRateMs=33
{"ts":"2026-03-21T18:14:24.657Z","level":"info","event":"room_create","room":"battle_room","roomId":"KpxvRq1jz","gameType":"deathmatch","scoreLimit":5,"maxClients":12,"patchRateMs":33.333333333333336,"staleInputMs":500,"authoritative":true}
[battle_room] join sessionId=GVoA9LFM8 name=Player_5584 team=red players=1
{"ts":"2026-03-21T18:14:28.838Z","level":"info","event":"room_join","room":"battle_room","roomId":"KpxvRq1jz","sessionId":"GVoA9LFM8","name":"Player_5584","players":1}
[battle_room] join sessionId=u0kmLpVCe name=Player_3659 team=blue players=2
{"ts":"2026-03-21T18:14:28.877Z","level":"info","event":"room_join","room":"battle_room","roomId":"KpxvRq1jz","sessionId":"u0kmLpVCe","name":"Player_3659","players":2}
{"ts":"2026-03-21T18:14:28.958Z","level":"info","event":"battle_ready","room":"battle_room","roomId":"KpxvRq1jz","sessionId":"GVoA9LFM8","readyCount":0,"players":2}
{"ts":"2026-03-21T18:14:28.974Z","level":"info","event":"battle_ready","room":"battle_room","roomId":"KpxvRq1jz","sessionId":"u0kmLpVCe","readyCount":1,"players":2}
{"ts":"2026-03-21T18:14:44.372Z","level":"info","event":"room_leave","room":"battle_room","roomId":"KpxvRq1jz","sessionId":"GVoA9LFM8","players":1}
[battle_room] leave sessionId=GVoA9LFM8 players=1
{"ts":"2026-03-21T18:14:44.408Z","level":"info","event":"room_leave","room":"battle_room","roomId":"KpxvRq1jz","sessionId":"u0kmLpVCe","players":0}
[battle_room] leave sessionId=u0kmLpVCe players=0
[battle_room] created roomId=FuVORrG7Y gameType=deathmatch scoreLimit=5 maxClients=12 patchRateMs=33
{"ts":"2026-03-21T18:14:45.544Z","level":"info","event":"room_create","room":"battle_room","roomId":"FuVORrG7Y","gameType":"deathmatch","scoreLimit":5,"maxClients":12,"patchRateMs":33.333333333333336,"staleInputMs":500,"authoritative":true}
[battle_room] join sessionId=56niHGR8E name=Player_3659 team=red players=1
{"ts":"2026-03-21T18:14:47.854Z","level":"info","event":"room_join","room":"battle_room","roomId":"FuVORrG7Y","sessionId":"56niHGR8E","name":"Player_3659","players":1}
[battle_room] join sessionId=reC2cSki2 name=Player_5584 team=blue players=2
{"ts":"2026-03-21T18:14:47.871Z","level":"info","event":"room_join","room":"battle_room","roomId":"FuVORrG7Y","sessionId":"reC2cSki2","name":"Player_5584","players":2}
{"ts":"2026-03-21T18:14:49.887Z","level":"info","event":"battle_ready","room":"battle_room","roomId":"FuVORrG7Y","sessionId":"56niHGR8E","readyCount":0,"players":2}
{"ts":"2026-03-21T18:14:49.890Z","level":"info","event":"battle_ready","room":"battle_room","roomId":"FuVORrG7Y","sessionId":"reC2cSki2","readyCount":1,"players":2}
{"ts":"2026-03-21T18:14:52.249Z","level":"info","event":"room_leave","room":"battle_room","roomId":"FuVORrG7Y","sessionId":"reC2cSki2","players":1}
[battle_room] leave sessionId=reC2cSki2 players=1
{"ts":"2026-03-21T18:14:52.295Z","level":"info","event":"room_leave","room":"battle_room","roomId":"FuVORrG7Y","sessionId":"56niHGR8E","players":0}
[battle_room] leave sessionId=56niHGR8E players=0
[battle_room] created roomId=E74NgbuSL gameType=deathmatch scoreLimit=5 maxClients=12 patchRateMs=33
{"ts":"2026-03-21T18:14:54.068Z","level":"info","event":"room_create","room":"battle_room","roomId":"E74NgbuSL","gameType":"deathmatch","scoreLimit":5,"maxClients":12,"patchRateMs":33.333333333333336,"staleInputMs":500,"authoritative":true}
[battle_room] join sessionId=7GkxbcQBJ name=Player_5584 team=red players=1
{"ts":"2026-03-21T18:14:54.387Z","level":"info","event":"room_join","room":"battle_room","roomId":"E74NgbuSL","sessionId":"7GkxbcQBJ","name":"Player_5584","players":1}
[battle_room] join sessionId=thH5SWlsI name=Player_3659 team=blue players=2
{"ts":"2026-03-21T18:14:54.399Z","level":"info","event":"room_join","room":"battle_room","roomId":"E74NgbuSL","sessionId":"thH5SWlsI","name":"Player_3659","players":2}
{"ts":"2026-03-21T18:14:54.440Z","level":"info","event":"battle_ready","room":"battle_room","roomId":"E74NgbuSL","sessionId":"7GkxbcQBJ","readyCount":0,"players":2}
{"ts":"2026-03-21T18:14:54.448Z","level":"info","event":"battle_ready","room":"battle_room","roomId":"E74NgbuSL","sessionId":"thH5SWlsI","readyCount":1,"players":2}
{"ts":"2026-03-21T18:15:48.304Z","level":"info","event":"room_leave","room":"battle_room","roomId":"E74NgbuSL","sessionId":"7GkxbcQBJ","players":1}
[battle_room] leave sessionId=7GkxbcQBJ players=1
{"ts":"2026-03-21T18:15:48.344Z","level":"info","event":"room_leave","room":"battle_room","roomId":"E74NgbuSL","sessionId":"thH5SWlsI","players":0}
[battle_room] leave sessionId=thH5SWlsI players=0
[battle_room] created roomId=JPg5FU5g1 gameType=deathmatch scoreLimit=5 maxClients=12 patchRateMs=33
{"ts":"2026-03-21T18:15:49.683Z","level":"info","event":"room_create","room":"battle_room","roomId":"JPg5FU5g1","gameType":"deathmatch","scoreLimit":5,"maxClients":12,"patchRateMs":33.333333333333336,"staleInputMs":500,"authoritative":true}
[battle_room] join sessionId=SkZ_-1C7- name=Player_5584 team=red players=1
{"ts":"2026-03-21T18:15:52.722Z","level":"info","event":"room_join","room":"battle_room","roomId":"JPg5FU5g1","sessionId":"SkZ_-1C7-","name":"Player_5584","players":1}
[battle_room] join sessionId=YvqiMPxg3 name=Player_3659 team=blue players=2
{"ts":"2026-03-21T18:15:54.774Z","level":"info","event":"room_join","room":"battle_room","roomId":"JPg5FU5g1","sessionId":"YvqiMPxg3","name":"Player_3659","players":2}
{"ts":"2026-03-21T18:15:54.868Z","level":"info","event":"battle_ready","room":"battle_room","roomId":"JPg5FU5g1","sessionId":"SkZ_-1C7-","readyCount":0,"players":2}
{"ts":"2026-03-21T18:15:54.906Z","level":"info","event":"battle_ready","room":"battle_room","roomId":"JPg5FU5g1","sessionId":"YvqiMPxg3","readyCount":1,"players":2}
{"ts":"2026-03-21T18:18:51.262Z","level":"info","event":"room_leave","room":"battle_room","roomId":"JPg5FU5g1","sessionId":"SkZ_-1C7-","players":1}
[battle_room] leave sessionId=SkZ_-1C7- players=1
[battle_room] join sessionId=Onuye4WTV name=Player_5584 team=blue players=2
{"ts":"2026-03-21T18:18:52.134Z","level":"info","event":"room_join","room":"battle_room","roomId":"JPg5FU5g1","sessionId":"Onuye4WTV","name":"Player_5584","players":2}
{"ts":"2026-03-21T18:18:54.424Z","level":"info","event":"room_leave","room":"battle_room","roomId":"JPg5FU5g1","sessionId":"YvqiMPxg3","players":1}
[battle_room] leave sessionId=YvqiMPxg3 players=1
[battle_room] join sessionId=Ney0NWWc0 name=Player_3659 team=blue players=2
{"ts":"2026-03-21T18:18:56.421Z","level":"info","event":"room_join","room":"battle_room","roomId":"JPg5FU5g1","sessionId":"Ney0NWWc0","name":"Player_3659","players":2}
{"ts":"2026-03-21T18:30:02.414Z","level":"info","event":"room_leave","room":"battle_room","roomId":"JPg5FU5g1","sessionId":"Ney0NWWc0","players":1}
[battle_room] leave sessionId=Ney0NWWc0 players=1
{"ts":"2026-03-21T18:30:02.418Z","level":"info","event":"room_leave","room":"battle_room","roomId":"JPg5FU5g1","sessionId":"Onuye4WTV","players":0}
[battle_room] leave sessionId=Onuye4WTV players=0
Restarting 'src/index.js'
{"ts":"2026-03-21T18:34:52.615Z","level":"info","event":"server_start","port":2567,"env":"development"}

       ___      _
      / __\___ | |_   _ ___  ___ _   _ ___
     / /  / _ \| | | | / __|/ _ \ | | / __|
    / /__| (_) | | |_| \__ \  __/ |_| \__ \
    \____/\___/|_|\__, |___/\___|\__,_|___/
                  |___/

     · Multiplayer Framework for Node.js ·

💖 Consider becoming a Sponsor on GitHub → https://github.com/sponsors/endel
🌟 Give us a star on GitHub → https://github.com/colyseus/colyseus
☁️  Deploy and scale your project on Colyseus Cloud → https://cloud.colyseus.io


Restarting 'src/index.js'
{"ts":"2026-03-21T18:34:53.179Z","level":"info","event":"server_start","port":2567,"env":"development"}

       ___      _
      / __\___ | |_   _ ___  ___ _   _ ___
     / /  / _ \| | | | / __|/ _ \ | | / __|
    / /__| (_) | | |_| \__ \  __/ |_| \__ \
    \____/\___/|_|\__, |___/\___|\__,_|___/
                  |___/

     · Multiplayer Framework for Node.js ·

💖 Consider becoming a Sponsor on GitHub → https://github.com/sponsors/endel
🌟 Give us a star on GitHub → https://github.com/colyseus/colyseus
☁️  Deploy and scale your project on Colyseus Cloud → https://cloud.colyseus.io


Restarting 'src/index.js'
Restarting 'src/index.js'
{"ts":"2026-03-21T19:34:52.712Z","level":"info","event":"server_start","port":2567,"env":"development"}
Restarting 'src/index.js'
{"ts":"2026-03-21T19:34:53.002Z","level":"info","event":"server_start","port":2567,"env":"development"}

       ___      _
      / __\___ | |_   _ ___  ___ _   _ ___
     / /  / _ \| | | | / __|/ _ \ | | / __|
    / /__| (_) | | |_| \__ \  __/ |_| \__ \
    \____/\___/|_|\__, |___/\___|\__,_|___/
                  |___/

     · Multiplayer Framework for Node.js ·

💖 Consider becoming a Sponsor on GitHub → https://github.com/sponsors/endel
🌟 Give us a star on GitHub → https://github.com/colyseus/colyseus
☁️  Deploy and scale your project on Colyseus Cloud → https://cloud.colyseus.io


Restarting 'src/index.js'
{"ts":"2026-03-21T19:34:53.482Z","level":"info","event":"server_start","port":2567,"env":"development"}

       ___      _
      / __\___ | |_   _ ___  ___ _   _ ___
     / /  / _ \| | | | / __|/ _ \ | | / __|
    / /__| (_) | | |_| \__ \  __/ |_| \__ \
    \____/\___/|_|\__, |___/\___|\__,_|___/
                  |___/

     · Multiplayer Framework for Node.js ·

💖 Consider becoming a Sponsor on GitHub → https://github.com/sponsors/endel
🌟 Give us a star on GitHub → https://github.com/colyseus/colyseus
☁️  Deploy and scale your project on Colyseus Cloud → https://cloud.colyseus.io


[battle_room] created roomId=G3UqtOD_a gameType=deathmatch scoreLimit=5 maxClients=12 patchRateMs=33
{"ts":"2026-03-21T20:22:15.761Z","level":"info","event":"room_create","room":"battle_room","roomId":"G3UqtOD_a","gameType":"deathmatch","scoreLimit":5,"maxClients":12,"patchRateMs":33.333333333333336,"staleInputMs":500,"authoritative":true}
[battle_room] join sessionId=bmJ4ILBcT name=Player_5584 team=red players=1
{"ts":"2026-03-21T20:22:15.983Z","level":"info","event":"room_join","room":"battle_room","roomId":"G3UqtOD_a","sessionId":"bmJ4ILBcT","name":"Player_5584","players":1}
{"ts":"2026-03-21T20:22:18.073Z","level":"info","event":"battle_ready","room":"battle_room","roomId":"G3UqtOD_a","sessionId":"bmJ4ILBcT","readyCount":0,"players":1}
[battle_room] join sessionId=mPGgQQHV0 name=Player_3659 team=blue players=2
{"ts":"2026-03-21T20:22:19.339Z","level":"info","event":"room_join","room":"battle_room","roomId":"G3UqtOD_a","sessionId":"mPGgQQHV0","name":"Player_3659","players":2}
{"ts":"2026-03-21T20:22:21.536Z","level":"info","event":"battle_ready","room":"battle_room","roomId":"G3UqtOD_a","sessionId":"mPGgQQHV0","readyCount":1,"players":2}
{"ts":"2026-03-21T20:24:36.101Z","level":"warn","event":"rate_limited","sessionId":"bmJ4ILBcT","messageType":"fireWeapon","violations":1}
{"ts":"2026-03-21T20:24:36.173Z","level":"warn","event":"rate_limited","sessionId":"bmJ4ILBcT","messageType":"fireWeapon","violations":2}
{"ts":"2026-03-21T20:24:50.366Z","level":"warn","event":"rate_limited","sessionId":"bmJ4ILBcT","messageType":"fireWeapon","violations":3}
{"ts":"2026-03-21T20:24:50.433Z","level":"warn","event":"rate_limited","sessionId":"bmJ4ILBcT","messageType":"fireWeapon","violations":4}
{"ts":"2026-03-21T20:24:50.518Z","level":"warn","event":"rate_limited","sessionId":"bmJ4ILBcT","messageType":"fireWeapon","violations":5}
{"ts":"2026-03-21T20:25:27.370Z","level":"info","event":"room_leave","room":"battle_room","roomId":"G3UqtOD_a","sessionId":"bmJ4ILBcT","players":1}
[battle_room] leave sessionId=bmJ4ILBcT players=1
{"ts":"2026-03-21T20:25:29.301Z","level":"info","event":"room_leave","room":"battle_room","roomId":"G3UqtOD_a","sessionId":"mPGgQQHV0","players":0}
[battle_room] leave sessionId=mPGgQQHV0 players=0
Restarting 'src/index.js'
Restarting 'src/index.js'
{"ts":"2026-03-21T20:34:52.745Z","level":"info","event":"server_start","port":2567,"env":"development"}

       ___      _
      / __\___ | |_   _ ___  ___ _   _ ___
     / /  / _ \| | | | / __|/ _ \ | | / __|
    / /__| (_) | | |_| \__ \  __/ |_| \__ \
    \____/\___/|_|\__, |___/\___|\__,_|___/
                  |___/

     · Multiplayer Framework for Node.js ·

💖 Consider becoming a Sponsor on GitHub → https://github.com/sponsors/endel
🌟 Give us a star on GitHub → https://github.com/colyseus/colyseus
☁️  Deploy and scale your project on Colyseus Cloud → https://cloud.colyseus.io


Restarting 'src/index.js'
{"ts":"2026-03-21T20:34:53.105Z","level":"info","event":"server_start","port":2567,"env":"development"}

       ___      _
      / __\___ | |_   _ ___  ___ _   _ ___
     / /  / _ \| | | | / __|/ _ \ | | / __|
    / /__| (_) | | |_| \__ \  __/ |_| \__ \
    \____/\___/|_|\__, |___/\___|\__,_|___/
                  |___/

     · Multiplayer Framework for Node.js ·

💖 Consider becoming a Sponsor on GitHub → https://github.com/sponsors/endel
🌟 Give us a star on GitHub → https://github.com/colyseus/colyseus
☁️  Deploy and scale your project on Colyseus Cloud → https://cloud.colyseus.io


Restarting 'src/index.js'
{"ts":"2026-03-21T20:34:53.567Z","level":"info","event":"server_start","port":2567,"env":"development"}

       ___      _
      / __\___ | |_   _ ___  ___ _   _ ___
     / /  / _ \| | | | / __|/ _ \ | | / __|
    / /__| (_) | | |_| \__ \  __/ |_| \__ \
    \____/\___/|_|\__, |___/\___|\__,_|___/
                  |___/

     · Multiplayer Framework for Node.js ·

💖 Consider becoming a Sponsor on GitHub → https://github.com/sponsors/endel
🌟 Give us a star on GitHub → https://github.com/colyseus/colyseus
☁️  Deploy and scale your project on Colyseus Cloud → https://cloud.colyseus.io


Restarting 'src/index.js'
Restarting 'src/index.js'
Restarting 'src/index.js'
{"ts":"2026-03-21T21:34:53.915Z","level":"info","event":"server_start","port":2567,"env":"development"}

       ___      _
      / __\___ | |_   _ ___  ___ _   _ ___
     / /  / _ \| | | | / __|/ _ \ | | / __|
    / /__| (_) | | |_| \__ \  __/ |_| \__ \
    \____/\___/|_|\__, |___/\___|\__,_|___/
                  |___/

     · Multiplayer Framework for Node.js ·

💖 Consider becoming a Sponsor on GitHub → https://github.com/sponsors/endel
🌟 Give us a star on GitHub → https://github.com/colyseus/colyseus
☁️  Deploy and scale your project on Colyseus Cloud → https://cloud.colyseus.io


Restarting 'src/index.js'
{"ts":"2026-03-21T21:34:54.948Z","level":"info","event":"server_start","port":2567,"env":"development"}

       ___      _
      / __\___ | |_   _ ___  ___ _   _ ___
     / /  / _ \| | | | / __|/ _ \ | | / __|
    / /__| (_) | | |_| \__ \  __/ |_| \__ \
    \____/\___/|_|\__, |___/\___|\__,_|___/
                  |___/

     · Multiplayer Framework for Node.js ·

💖 Consider becoming a Sponsor on GitHub → https://github.com/sponsors/endel
🌟 Give us a star on GitHub → https://github.com/colyseus/colyseus
☁️  Deploy and scale your project on Colyseus Cloud → https://cloud.colyseus.io


{"ts":"2026-03-21T21:43:48.610Z","level":"info","event":"room_join","room":"lobby_room","roomId":"e0PqtO-ed","sessionId":"8_2QBWP4f","players":1}
{"ts":"2026-03-21T21:44:02.029Z","level":"info","event":"room_join","room":"lobby_room","roomId":"e0PqtO-ed","sessionId":"EOF_v1zfe","players":2}
{"ts":"2026-03-21T21:44:13.198Z","level":"info","event":"room_leave","room":"lobby_room","roomId":"e0PqtO-ed","sessionId":"EOF_v1zfe","players":1}
{"ts":"2026-03-21T21:44:13.200Z","level":"info","event":"room_leave","room":"lobby_room","roomId":"e0PqtO-ed","sessionId":"8_2QBWP4f","players":0}
[battle_room] created roomId=DzaMb4ut6 gameType=deathmatch scoreLimit=5 maxClients=12 patchRateMs=33
{"ts":"2026-03-21T21:44:15.894Z","level":"info","event":"room_create","room":"battle_room","roomId":"DzaMb4ut6","gameType":"deathmatch","scoreLimit":5,"maxClients":12,"patchRateMs":33.333333333333336,"staleInputMs":500,"authoritative":true}
[battle_room] join sessionId=uOBYF5CPZ name=Player_8036 team=red players=1
{"ts":"2026-03-21T21:44:20.552Z","level":"info","event":"room_join","room":"battle_room","roomId":"DzaMb4ut6","sessionId":"uOBYF5CPZ","name":"Player_8036","players":1}
[battle_room] join sessionId=UZxFium7B name=Player_176 team=blue players=2
{"ts":"2026-03-21T21:44:20.596Z","level":"info","event":"room_join","room":"battle_room","roomId":"DzaMb4ut6","sessionId":"UZxFium7B","name":"Player_176","players":2}
{"ts":"2026-03-21T21:44:20.745Z","level":"info","event":"battle_ready","room":"battle_room","roomId":"DzaMb4ut6","sessionId":"uOBYF5CPZ","readyCount":0,"players":2}
{"ts":"2026-03-21T21:44:20.768Z","level":"info","event":"battle_ready","room":"battle_room","roomId":"DzaMb4ut6","sessionId":"UZxFium7B","readyCount":1,"players":2}
{"ts":"2026-03-21T21:44:54.598Z","level":"warn","event":"rate_limited","sessionId":"UZxFium7B","messageType":"fireWeapon","violations":1}
{"ts":"2026-03-21T21:44:54.644Z","level":"warn","event":"rate_limited","sessionId":"UZxFium7B","messageType":"fireWeapon","violations":2}
{"ts":"2026-03-21T21:44:54.694Z","level":"warn","event":"rate_limited","sessionId":"UZxFium7B","messageType":"fireWeapon","violations":3}
{"ts":"2026-03-21T21:44:54.744Z","level":"warn","event":"rate_limited","sessionId":"UZxFium7B","messageType":"fireWeapon","violations":4}
{"ts":"2026-03-21T21:44:54.794Z","level":"warn","event":"rate_limited","sessionId":"UZxFium7B","messageType":"fireWeapon","violations":5}
{"ts":"2026-03-21T21:53:48.428Z","level":"info","event":"room_leave","room":"battle_room","roomId":"DzaMb4ut6","sessionId":"UZxFium7B","players":1}
[battle_room] leave sessionId=UZxFium7B players=1
{"ts":"2026-03-21T21:53:49.580Z","level":"info","event":"room_leave","room":"battle_room","roomId":"DzaMb4ut6","sessionId":"uOBYF5CPZ","players":0}
[battle_room] leave sessionId=uOBYF5CPZ players=0
[battle_room] created roomId=vu4PDqVz- gameType=deathmatch scoreLimit=5 maxClients=12 patchRateMs=33
{"ts":"2026-03-21T21:53:52.903Z","level":"info","event":"room_create","room":"battle_room","roomId":"vu4PDqVz-","gameType":"deathmatch","scoreLimit":5,"maxClients":12,"patchRateMs":33.333333333333336,"staleInputMs":500,"authoritative":true}
[battle_room] join sessionId=jDEpA7n8N name=Player_8036 team=red players=1
{"ts":"2026-03-21T21:53:52.968Z","level":"info","event":"room_join","room":"battle_room","roomId":"vu4PDqVz-","sessionId":"jDEpA7n8N","name":"Player_8036","players":1}
[battle_room] join sessionId=TmVR3vCUs name=Player_176 team=blue players=2
{"ts":"2026-03-21T21:53:53.230Z","level":"info","event":"room_join","room":"battle_room","roomId":"vu4PDqVz-","sessionId":"TmVR3vCUs","name":"Player_176","players":2}
{"ts":"2026-03-21T21:53:53.244Z","level":"info","event":"battle_ready","room":"battle_room","roomId":"vu4PDqVz-","sessionId":"jDEpA7n8N","readyCount":0,"players":2}
{"ts":"2026-03-21T21:53:53.398Z","level":"info","event":"battle_ready","room":"battle_room","roomId":"vu4PDqVz-","sessionId":"TmVR3vCUs","readyCount":1,"players":2}
{"ts":"2026-03-21T21:55:23.092Z","level":"info","event":"room_leave","room":"battle_room","roomId":"vu4PDqVz-","sessionId":"jDEpA7n8N","players":1}
[battle_room] leave sessionId=jDEpA7n8N players=1
{"ts":"2026-03-21T21:55:23.205Z","level":"info","event":"room_leave","room":"battle_room","roomId":"vu4PDqVz-","sessionId":"TmVR3vCUs","players":0}
[battle_room] leave sessionId=TmVR3vCUs players=0
[battle_room] created roomId=yzS66THRM gameType=deathmatch scoreLimit=5 maxClients=12 patchRateMs=33
{"ts":"2026-03-21T21:55:27.564Z","level":"info","event":"room_create","room":"battle_room","roomId":"yzS66THRM","gameType":"deathmatch","scoreLimit":5,"maxClients":12,"patchRateMs":33.333333333333336,"staleInputMs":500,"authoritative":true}
[battle_room] join sessionId=6SnNVnUxo name=Player_8036 team=red players=1
{"ts":"2026-03-21T21:55:27.797Z","level":"info","event":"room_join","room":"battle_room","roomId":"yzS66THRM","sessionId":"6SnNVnUxo","name":"Player_8036","players":1}
[battle_room] join sessionId=AbWuFeYn7 name=Player_176 team=blue players=2
{"ts":"2026-03-21T21:55:27.812Z","level":"info","event":"room_join","room":"battle_room","roomId":"yzS66THRM","sessionId":"AbWuFeYn7","name":"Player_176","players":2}
{"ts":"2026-03-21T21:55:27.864Z","level":"info","event":"battle_ready","room":"battle_room","roomId":"yzS66THRM","sessionId":"6SnNVnUxo","readyCount":0,"players":2}
{"ts":"2026-03-21T21:55:28.060Z","level":"info","event":"battle_ready","room":"battle_room","roomId":"yzS66THRM","sessionId":"AbWuFeYn7","readyCount":1,"players":2}
{"ts":"2026-03-21T21:55:59.374Z","level":"info","event":"room_leave","room":"battle_room","roomId":"yzS66THRM","sessionId":"6SnNVnUxo","players":1}
[battle_room] leave sessionId=6SnNVnUxo players=1
{"ts":"2026-03-21T21:56:00.766Z","level":"info","event":"room_leave","room":"battle_room","roomId":"yzS66THRM","sessionId":"AbWuFeYn7","players":0}
[battle_room] leave sessionId=AbWuFeYn7 players=0
[battle_room] created roomId=v9vMESa6S gameType=deathmatch scoreLimit=5 maxClients=12 patchRateMs=33
{"ts":"2026-03-21T21:56:01.100Z","level":"info","event":"room_create","room":"battle_room","roomId":"v9vMESa6S","gameType":"deathmatch","scoreLimit":5,"maxClients":12,"patchRateMs":33.333333333333336,"staleInputMs":500,"authoritative":true}
[battle_room] join sessionId=Dkx09aj5p name=Player_8036 team=red players=1
{"ts":"2026-03-21T21:56:01.413Z","level":"info","event":"room_join","room":"battle_room","roomId":"v9vMESa6S","sessionId":"Dkx09aj5p","name":"Player_8036","players":1}
{"ts":"2026-03-21T21:56:03.410Z","level":"info","event":"battle_ready","room":"battle_room","roomId":"v9vMESa6S","sessionId":"Dkx09aj5p","readyCount":0,"players":1}
[battle_room] join sessionId=AkYhc5k0m name=Player_176 team=blue players=2
{"ts":"2026-03-21T21:56:04.593Z","level":"info","event":"room_join","room":"battle_room","roomId":"v9vMESa6S","sessionId":"AkYhc5k0m","name":"Player_176","players":2}
{"ts":"2026-03-21T21:56:06.892Z","level":"info","event":"battle_ready","room":"battle_room","roomId":"v9vMESa6S","sessionId":"AkYhc5k0m","readyCount":1,"players":2}
{"ts":"2026-03-21T21:56:45.375Z","level":"warn","event":"rate_limited","sessionId":"AkYhc5k0m","messageType":"fireWeapon","violations":1}
{"ts":"2026-03-21T21:56:45.425Z","level":"warn","event":"rate_limited","sessionId":"AkYhc5k0m","messageType":"fireWeapon","violations":2}
{"ts":"2026-03-21T21:56:45.471Z","level":"warn","event":"rate_limited","sessionId":"AkYhc5k0m","messageType":"fireWeapon","violations":3}
{"ts":"2026-03-21T21:56:45.523Z","level":"warn","event":"rate_limited","sessionId":"AkYhc5k0m","messageType":"fireWeapon","violations":4}
{"ts":"2026-03-21T21:56:45.584Z","level":"warn","event":"rate_limited","sessionId":"AkYhc5k0m","messageType":"fireWeapon","violations":5}
{"ts":"2026-03-21T21:57:33.010Z","level":"info","event":"room_leave","room":"battle_room","roomId":"v9vMESa6S","sessionId":"Dkx09aj5p","players":1}
[battle_room] leave sessionId=Dkx09aj5p players=1
[battle_room] join sessionId=bfmfwP1QJ name=Player_8036 team=blue players=2
{"ts":"2026-03-21T21:57:36.031Z","level":"info","event":"room_join","room":"battle_room","roomId":"v9vMESa6S","sessionId":"bfmfwP1QJ","name":"Player_8036","players":2}
{"ts":"2026-03-21T21:58:11.708Z","level":"info","event":"room_leave","room":"battle_room","roomId":"v9vMESa6S","sessionId":"bfmfwP1QJ","players":1}
[battle_room] leave sessionId=bfmfwP1QJ players=1
[battle_room] join sessionId=NDv3uPDq3 name=Player_8036 team=blue players=2
{"ts":"2026-03-21T21:58:13.316Z","level":"info","event":"room_join","room":"battle_room","roomId":"v9vMESa6S","sessionId":"NDv3uPDq3","name":"Player_8036","players":2}
{"ts":"2026-03-21T22:07:57.417Z","level":"info","event":"room_leave","room":"battle_room","roomId":"v9vMESa6S","sessionId":"AkYhc5k0m","players":1}
[battle_room] leave sessionId=AkYhc5k0m players=1
{"ts":"2026-03-21T22:07:57.444Z","level":"info","event":"room_leave","room":"battle_room","roomId":"v9vMESa6S","sessionId":"NDv3uPDq3","players":0}
[battle_room] leave sessionId=NDv3uPDq3 players=0
Restarting 'src/index.js'
Restarting 'src/index.js'
{"ts":"2026-03-21T22:35:04.107Z","level":"info","event":"server_start","port":2567,"env":"development"}

       ___      _
      / __\___ | |_   _ ___  ___ _   _ ___
     / /  / _ \| | | | / __|/ _ \ | | / __|
    / /__| (_) | | |_| \__ \  __/ |_| \__ \
    \____/\___/|_|\__, |___/\___|\__,_|___/
                  |___/

     · Multiplayer Framework for Node.js ·

💖 Consider becoming a Sponsor on GitHub → https://github.com/sponsors/endel
🌟 Give us a star on GitHub → https://github.com/colyseus/colyseus
☁️  Deploy and scale your project on Colyseus Cloud → https://cloud.colyseus.io


Restarting 'src/index.js'
Restarting 'src/index.js'
{"ts":"2026-03-21T22:35:09.269Z","level":"info","event":"server_start","port":2567,"env":"development"}

       ___      _
      / __\___ | |_   _ ___  ___ _   _ ___
     / /  / _ \| | | | / __|/ _ \ | | / __|
    / /__| (_) | | |_| \__ \  __/ |_| \__ \
    \____/\___/|_|\__, |___/\___|\__,_|___/
                  |___/

     · Multiplayer Framework for Node.js ·

💖 Consider becoming a Sponsor on GitHub → https://github.com/sponsors/endel
🌟 Give us a star on GitHub → https://github.com/colyseus/colyseus
☁️  Deploy and scale your project on Colyseus Cloud → https://cloud.colyseus.io


[battle_room] created roomId=PoKqg5S0N gameType=deathmatch scoreLimit=5 maxClients=2 patchRateMs=17
{"ts":"2026-03-21T22:49:09.345Z","level":"info","event":"room_create","room":"battle_room","roomId":"PoKqg5S0N","gameType":"deathmatch","scoreLimit":5,"maxClients":2,"patchRateMs":16.666666666666668,"staleInputMs":500,"authoritative":true}
[battle_room] join sessionId=kDwdL-sG8 name=DevBattle team=red players=1
{"ts":"2026-03-21T22:49:09.470Z","level":"info","event":"room_join","room":"battle_room","roomId":"PoKqg5S0N","sessionId":"kDwdL-sG8","name":"DevBattle","players":1}
{"ts":"2026-03-21T22:49:09.847Z","level":"info","event":"battle_ready","room":"battle_room","roomId":"PoKqg5S0N","sessionId":"kDwdL-sG8","readyCount":0,"players":1}
[battle_room] join sessionId=lZ6Q-Su8C name=DevBattle team=blue players=2
{"ts":"2026-03-21T22:50:33.114Z","level":"info","event":"room_join","room":"battle_room","roomId":"PoKqg5S0N","sessionId":"lZ6Q-Su8C","name":"DevBattle","players":2}
{"ts":"2026-03-21T22:50:33.383Z","level":"info","event":"battle_ready","room":"battle_room","roomId":"PoKqg5S0N","sessionId":"lZ6Q-Su8C","readyCount":1,"players":2}
{"ts":"2026-03-21T22:53:07.660Z","level":"info","event":"room_leave","room":"battle_room","roomId":"PoKqg5S0N","sessionId":"kDwdL-sG8","players":1}
[battle_room] leave sessionId=kDwdL-sG8 players=1
{"ts":"2026-03-21T22:53:07.755Z","level":"info","event":"room_leave","room":"battle_room","roomId":"PoKqg5S0N","sessionId":"lZ6Q-Su8C","players":0}
[battle_room] leave sessionId=lZ6Q-Su8C players=0
[battle_room] created roomId=EBoBQuis1 gameType=deathmatch scoreLimit=5 maxClients=2 patchRateMs=17
{"ts":"2026-03-21T22:53:10.261Z","level":"info","event":"room_create","room":"battle_room","roomId":"EBoBQuis1","gameType":"deathmatch","scoreLimit":5,"maxClients":2,"patchRateMs":16.666666666666668,"staleInputMs":500,"authoritative":true}
[battle_room] join sessionId=8Wb5cAJUP name=DevBattle team=red players=1
{"ts":"2026-03-21T22:53:10.347Z","level":"info","event":"room_join","room":"battle_room","roomId":"EBoBQuis1","sessionId":"8Wb5cAJUP","name":"DevBattle","players":1}
[battle_room] join sessionId=FlWSiUn02 name=DevBattle team=blue players=2
{"ts":"2026-03-21T22:53:10.428Z","level":"info","event":"room_join","room":"battle_room","roomId":"EBoBQuis1","sessionId":"FlWSiUn02","name":"DevBattle","players":2}
{"ts":"2026-03-21T22:53:10.537Z","level":"info","event":"battle_ready","room":"battle_room","roomId":"EBoBQuis1","sessionId":"8Wb5cAJUP","readyCount":0,"players":2}
{"ts":"2026-03-21T22:53:10.753Z","level":"info","event":"battle_ready","room":"battle_room","roomId":"EBoBQuis1","sessionId":"FlWSiUn02","readyCount":1,"players":2}
{"ts":"2026-03-21T22:53:13.684Z","level":"info","event":"room_leave","room":"battle_room","roomId":"EBoBQuis1","sessionId":"FlWSiUn02","players":1}
[battle_room] leave sessionId=FlWSiUn02 players=1
[battle_room] join sessionId=FPJzxy_P6 name=DevBattle team=blue players=2
{"ts":"2026-03-21T22:53:14.823Z","level":"info","event":"room_join","room":"battle_room","roomId":"EBoBQuis1","sessionId":"FPJzxy_P6","name":"DevBattle","players":2}
{"ts":"2026-03-21T22:53:15.004Z","level":"info","event":"battle_ready","room":"battle_room","roomId":"EBoBQuis1","sessionId":"FPJzxy_P6","readyCount":1,"players":2}
{"ts":"2026-03-21T22:54:36.051Z","level":"info","event":"room_leave","room":"battle_room","roomId":"EBoBQuis1","sessionId":"FPJzxy_P6","players":1}
[battle_room] leave sessionId=FPJzxy_P6 players=1
{"ts":"2026-03-21T22:54:36.723Z","level":"info","event":"room_leave","room":"battle_room","roomId":"EBoBQuis1","sessionId":"8Wb5cAJUP","players":0}
[battle_room] leave sessionId=8Wb5cAJUP players=0
[battle_room] created roomId=kCI53w4KB gameType=deathmatch scoreLimit=5 maxClients=2 patchRateMs=17
{"ts":"2026-03-21T22:54:37.457Z","level":"info","event":"room_create","room":"battle_room","roomId":"kCI53w4KB","gameType":"deathmatch","scoreLimit":5,"maxClients":2,"patchRateMs":16.666666666666668,"staleInputMs":500,"authoritative":true}
[battle_room] join sessionId=zdxTJK85N name=DevBattle team=red players=1
{"ts":"2026-03-21T22:54:37.831Z","level":"info","event":"room_join","room":"battle_room","roomId":"kCI53w4KB","sessionId":"zdxTJK85N","name":"DevBattle","players":1}
{"ts":"2026-03-21T22:54:37.855Z","level":"info","event":"battle_ready","room":"battle_room","roomId":"kCI53w4KB","sessionId":"zdxTJK85N","readyCount":0,"players":1}
[battle_room] join sessionId=NX2Cpz-vf name=DevBattle team=blue players=2
{"ts":"2026-03-21T22:54:38.242Z","level":"info","event":"room_join","room":"battle_room","roomId":"kCI53w4KB","sessionId":"NX2Cpz-vf","name":"DevBattle","players":2}
{"ts":"2026-03-21T22:54:38.426Z","level":"info","event":"battle_ready","room":"battle_room","roomId":"kCI53w4KB","sessionId":"NX2Cpz-vf","readyCount":1,"players":2}
{"ts":"2026-03-21T22:54:42.963Z","level":"info","event":"room_leave","room":"battle_room","roomId":"kCI53w4KB","sessionId":"zdxTJK85N","players":1}
[battle_room] leave sessionId=zdxTJK85N players=1
[battle_room] join sessionId=MTKmhIRpA name=DevBattle team=blue players=2
{"ts":"2026-03-21T22:54:43.976Z","level":"info","event":"room_join","room":"battle_room","roomId":"kCI53w4KB","sessionId":"MTKmhIRpA","name":"DevBattle","players":2}
{"ts":"2026-03-21T22:54:44.247Z","level":"info","event":"battle_ready","room":"battle_room","roomId":"kCI53w4KB","sessionId":"MTKmhIRpA","readyCount":1,"players":2}
{"ts":"2026-03-21T22:55:58.671Z","level":"info","event":"room_leave","room":"battle_room","roomId":"kCI53w4KB","sessionId":"MTKmhIRpA","players":1}
[battle_room] leave sessionId=MTKmhIRpA players=1
{"ts":"2026-03-21T22:55:58.718Z","level":"info","event":"room_leave","room":"battle_room","roomId":"kCI53w4KB","sessionId":"NX2Cpz-vf","players":0}
[battle_room] leave sessionId=NX2Cpz-vf players=0
[battle_room] created roomId=N5hOulMW3 gameType=deathmatch scoreLimit=5 maxClients=2 patchRateMs=17
{"ts":"2026-03-21T22:56:00.136Z","level":"info","event":"room_create","room":"battle_room","roomId":"N5hOulMW3","gameType":"deathmatch","scoreLimit":5,"maxClients":2,"patchRateMs":16.666666666666668,"staleInputMs":500,"authoritative":true}
[battle_room] join sessionId=5XkbD6eWO name=DevBattle team=red players=1
{"ts":"2026-03-21T22:56:00.199Z","level":"info","event":"room_join","room":"battle_room","roomId":"N5hOulMW3","sessionId":"5XkbD6eWO","name":"DevBattle","players":1}
{"ts":"2026-03-21T22:56:00.378Z","level":"info","event":"battle_ready","room":"battle_room","roomId":"N5hOulMW3","sessionId":"5XkbD6eWO","readyCount":0,"players":1}
[battle_room] join sessionId=wzo5hue04 name=DevBattle team=blue players=2
{"ts":"2026-03-21T22:56:00.518Z","level":"info","event":"room_join","room":"battle_room","roomId":"N5hOulMW3","sessionId":"wzo5hue04","name":"DevBattle","players":2}
{"ts":"2026-03-21T22:56:00.691Z","level":"info","event":"battle_ready","room":"battle_room","roomId":"N5hOulMW3","sessionId":"wzo5hue04","readyCount":1,"players":2}
{"ts":"2026-03-21T22:56:05.087Z","level":"info","event":"room_leave","room":"battle_room","roomId":"N5hOulMW3","sessionId":"5XkbD6eWO","players":1}
[battle_room] leave sessionId=5XkbD6eWO players=1
[battle_room] join sessionId=lusgQWVnh name=DevBattle team=blue players=2
{"ts":"2026-03-21T22:56:06.153Z","level":"info","event":"room_join","room":"battle_room","roomId":"N5hOulMW3","sessionId":"lusgQWVnh","name":"DevBattle","players":2}
{"ts":"2026-03-21T22:56:06.396Z","level":"info","event":"battle_ready","room":"battle_room","roomId":"N5hOulMW3","sessionId":"lusgQWVnh","readyCount":1,"players":2}
[battle_room] created roomId=rLAdvKQTN gameType=deathmatch scoreLimit=5 maxClients=2 patchRateMs=17
{"ts":"2026-03-21T22:58:58.636Z","level":"info","event":"room_create","room":"battle_room","roomId":"rLAdvKQTN","gameType":"deathmatch","scoreLimit":5,"maxClients":2,"patchRateMs":16.666666666666668,"staleInputMs":500,"authoritative":true}
[battle_room] join sessionId=MLiRyUqek name=DevBattle team=red players=1
{"ts":"2026-03-21T22:58:59.199Z","level":"info","event":"room_join","room":"battle_room","roomId":"rLAdvKQTN","sessionId":"MLiRyUqek","name":"DevBattle","players":1}
{"ts":"2026-03-21T22:59:00.203Z","level":"info","event":"battle_ready","room":"battle_room","roomId":"rLAdvKQTN","sessionId":"MLiRyUqek","readyCount":0,"players":1}
{"ts":"2026-03-21T22:59:56.026Z","level":"info","event":"room_leave","room":"battle_room","roomId":"rLAdvKQTN","sessionId":"MLiRyUqek","players":0}
[battle_room] leave sessionId=MLiRyUqek players=0
[battle_room] created roomId=65kkXvEJv gameType=deathmatch scoreLimit=5 maxClients=2 patchRateMs=17
{"ts":"2026-03-21T23:00:02.845Z","level":"info","event":"room_create","room":"battle_room","roomId":"65kkXvEJv","gameType":"deathmatch","scoreLimit":5,"maxClients":2,"patchRateMs":16.666666666666668,"staleInputMs":500,"authoritative":true}
[battle_room] join sessionId=LRWrDJqKH name=DevBattle team=red players=1
{"ts":"2026-03-21T23:00:03.395Z","level":"info","event":"room_join","room":"battle_room","roomId":"65kkXvEJv","sessionId":"LRWrDJqKH","name":"DevBattle","players":1}
{"ts":"2026-03-21T23:00:04.535Z","level":"info","event":"battle_ready","room":"battle_room","roomId":"65kkXvEJv","sessionId":"LRWrDJqKH","readyCount":0,"players":1}
{"ts":"2026-03-21T23:00:59.413Z","level":"info","event":"room_leave","room":"battle_room","roomId":"65kkXvEJv","sessionId":"LRWrDJqKH","players":0}
[battle_room] leave sessionId=LRWrDJqKH players=0
{"ts":"2026-03-21T23:01:33.161Z","level":"info","event":"room_leave","room":"battle_room","roomId":"N5hOulMW3","sessionId":"wzo5hue04","players":1}
[battle_room] leave sessionId=wzo5hue04 players=1
{"ts":"2026-03-21T23:01:33.372Z","level":"info","event":"room_leave","room":"battle_room","roomId":"N5hOulMW3","sessionId":"lusgQWVnh","players":0}
[battle_room] leave sessionId=lusgQWVnh players=0
[battle_room] created roomId=PB0gOAF0Z gameType=deathmatch scoreLimit=5 maxClients=2 patchRateMs=17
{"ts":"2026-03-21T23:01:36.781Z","level":"info","event":"room_create","room":"battle_room","roomId":"PB0gOAF0Z","gameType":"deathmatch","scoreLimit":5,"maxClients":2,"patchRateMs":16.666666666666668,"staleInputMs":500,"authoritative":true}
[battle_room] join sessionId=xojaF2RVr name=DevBattle team=red players=1
{"ts":"2026-03-21T23:01:37.167Z","level":"info","event":"room_join","room":"battle_room","roomId":"PB0gOAF0Z","sessionId":"xojaF2RVr","name":"DevBattle","players":1}
{"ts":"2026-03-21T23:01:37.327Z","level":"info","event":"battle_ready","room":"battle_room","roomId":"PB0gOAF0Z","sessionId":"xojaF2RVr","readyCount":0,"players":1}
[battle_room] join sessionId=umpDOB1UP name=DevBattle team=blue players=2
{"ts":"2026-03-21T23:01:38.495Z","level":"info","event":"room_join","room":"battle_room","roomId":"PB0gOAF0Z","sessionId":"umpDOB1UP","name":"DevBattle","players":2}
{"ts":"2026-03-21T23:01:38.643Z","level":"info","event":"battle_ready","room":"battle_room","roomId":"PB0gOAF0Z","sessionId":"umpDOB1UP","readyCount":1,"players":2}
[battle_room] created roomId=zuOhPzxoc gameType=deathmatch scoreLimit=5 maxClients=2 patchRateMs=17
{"ts":"2026-03-21T23:02:08.283Z","level":"info","event":"room_create","room":"battle_room","roomId":"zuOhPzxoc","gameType":"deathmatch","scoreLimit":5,"maxClients":2,"patchRateMs":16.666666666666668,"staleInputMs":500,"authoritative":true}
[battle_room] join sessionId=Sqwo9ZpU3 name=DevBattle team=red players=1
{"ts":"2026-03-21T23:02:08.929Z","level":"info","event":"room_join","room":"battle_room","roomId":"zuOhPzxoc","sessionId":"Sqwo9ZpU3","name":"DevBattle","players":1}
{"ts":"2026-03-21T23:02:10.077Z","level":"info","event":"battle_ready","room":"battle_room","roomId":"zuOhPzxoc","sessionId":"Sqwo9ZpU3","readyCount":0,"players":1}
{"ts":"2026-03-21T23:03:04.384Z","level":"info","event":"room_leave","room":"battle_room","roomId":"zuOhPzxoc","sessionId":"Sqwo9ZpU3","players":0}
[battle_room] leave sessionId=Sqwo9ZpU3 players=0
[battle_room] created roomId=4QgDcAIe0 gameType=deathmatch scoreLimit=5 maxClients=2 patchRateMs=17
{"ts":"2026-03-21T23:03:10.825Z","level":"info","event":"room_create","room":"battle_room","roomId":"4QgDcAIe0","gameType":"deathmatch","scoreLimit":5,"maxClients":2,"patchRateMs":16.666666666666668,"staleInputMs":500,"authoritative":true}
[battle_room] join sessionId=c0sqM0MmX name=DevBattle team=red players=1
{"ts":"2026-03-21T23:03:11.383Z","level":"info","event":"room_join","room":"battle_room","roomId":"4QgDcAIe0","sessionId":"c0sqM0MmX","name":"DevBattle","players":1}
{"ts":"2026-03-21T23:03:12.427Z","level":"info","event":"battle_ready","room":"battle_room","roomId":"4QgDcAIe0","sessionId":"c0sqM0MmX","readyCount":0,"players":1}
{"ts":"2026-03-21T23:04:08.143Z","level":"info","event":"room_leave","room":"battle_room","roomId":"4QgDcAIe0","sessionId":"c0sqM0MmX","players":0}
[battle_room] leave sessionId=c0sqM0MmX players=0
[battle_room] created roomId=n7GuT8G0A gameType=deathmatch scoreLimit=5 maxClients=2 patchRateMs=17
{"ts":"2026-03-21T23:04:47.938Z","level":"info","event":"room_create","room":"battle_room","roomId":"n7GuT8G0A","gameType":"deathmatch","scoreLimit":5,"maxClients":2,"patchRateMs":16.666666666666668,"staleInputMs":500,"authoritative":true}
[battle_room] join sessionId=w-P9-plFy name=DevBattle team=red players=1
{"ts":"2026-03-21T23:04:48.632Z","level":"info","event":"room_join","room":"battle_room","roomId":"n7GuT8G0A","sessionId":"w-P9-plFy","name":"DevBattle","players":1}
{"ts":"2026-03-21T23:04:49.923Z","level":"info","event":"battle_ready","room":"battle_room","roomId":"n7GuT8G0A","sessionId":"w-P9-plFy","readyCount":0,"players":1}
{"ts":"2026-03-21T23:05:13.144Z","level":"info","event":"room_leave","room":"battle_room","roomId":"n7GuT8G0A","sessionId":"w-P9-plFy","players":0}
[battle_room] leave sessionId=w-P9-plFy players=0
[battle_room] created roomId=RCJtk8mYA gameType=deathmatch scoreLimit=5 maxClients=2 patchRateMs=17
{"ts":"2026-03-21T23:05:20.007Z","level":"info","event":"room_create","room":"battle_room","roomId":"RCJtk8mYA","gameType":"deathmatch","scoreLimit":5,"maxClients":2,"patchRateMs":16.666666666666668,"staleInputMs":500,"authoritative":true}
[battle_room] join sessionId=R4zh3Z_se name=DevBattle team=red players=1
{"ts":"2026-03-21T23:05:20.627Z","level":"info","event":"room_join","room":"battle_room","roomId":"RCJtk8mYA","sessionId":"R4zh3Z_se","name":"DevBattle","players":1}
{"ts":"2026-03-21T23:05:21.825Z","level":"info","event":"battle_ready","room":"battle_room","roomId":"RCJtk8mYA","sessionId":"R4zh3Z_se","readyCount":0,"players":1}
{"ts":"2026-03-21T23:05:43.064Z","level":"info","event":"room_leave","room":"battle_room","roomId":"RCJtk8mYA","sessionId":"R4zh3Z_se","players":0}
[battle_room] leave sessionId=R4zh3Z_se players=0
[battle_room] created roomId=5pXYQaMx8 gameType=deathmatch scoreLimit=5 maxClients=2 patchRateMs=17
{"ts":"2026-03-21T23:06:14.201Z","level":"info","event":"room_create","room":"battle_room","roomId":"5pXYQaMx8","gameType":"deathmatch","scoreLimit":5,"maxClients":2,"patchRateMs":16.666666666666668,"staleInputMs":500,"authoritative":true}
[battle_room] join sessionId=SDKqOfD8y name=DevBattle team=red players=1
{"ts":"2026-03-21T23:06:14.897Z","level":"info","event":"room_join","room":"battle_room","roomId":"5pXYQaMx8","sessionId":"SDKqOfD8y","name":"DevBattle","players":1}
{"ts":"2026-03-21T23:06:16.214Z","level":"info","event":"battle_ready","room":"battle_room","roomId":"5pXYQaMx8","sessionId":"SDKqOfD8y","readyCount":0,"players":1}
{"ts":"2026-03-21T23:06:47.866Z","level":"info","event":"room_leave","room":"battle_room","roomId":"5pXYQaMx8","sessionId":"SDKqOfD8y","players":0}
[battle_room] leave sessionId=SDKqOfD8y players=0
{"ts":"2026-03-21T23:32:37.251Z","level":"info","event":"room_leave","room":"battle_room","roomId":"PB0gOAF0Z","sessionId":"xojaF2RVr","players":1}
[battle_room] leave sessionId=xojaF2RVr players=1
Restarting 'src/index.js'
Restarting 'src/index.js'
Restarting 'src/index.js'
Restarting 'src/index.js'
Restarting 'src/index.js'
{"ts":"2026-03-21T23:35:03.189Z","level":"info","event":"server_start","port":2567,"env":"development"}
Restarting 'src/index.js'
{"ts":"2026-03-21T23:35:04.901Z","level":"info","event":"server_start","port":2567,"env":"development"}
Restarting 'src/index.js'
{"ts":"2026-03-21T23:35:07.354Z","level":"info","event":"server_start","port":2567,"env":"development"}

       ___      _
      / __\___ | |_   _ ___  ___ _   _ ___
     / /  / _ \| | | | / __|/ _ \ | | / __|
    / /__| (_) | | |_| \__ \  __/ |_| \__ \
    \____/\___/|_|\__, |___/\___|\__,_|___/
                  |___/

     · Multiplayer Framework for Node.js ·

💖 Consider becoming a Sponsor on GitHub → https://github.com/sponsors/endel
🌟 Give us a star on GitHub → https://github.com/colyseus/colyseus
☁️  Deploy and scale your project on Colyseus Cloud → https://cloud.colyseus.io


Restarting 'src/index.js'
{"ts":"2026-03-21T23:35:09.581Z","level":"info","event":"server_start","port":2567,"env":"development"}
Restarting 'src/index.js'
{"ts":"2026-03-21T23:35:11.540Z","level":"info","event":"server_start","port":2567,"env":"development"}

       ___      _
      / __\___ | |_   _ ___  ___ _   _ ___
     / /  / _ \| | | | / __|/ _ \ | | / __|
    / /__| (_) | | |_| \__ \  __/ |_| \__ \
    \____/\___/|_|\__, |___/\___|\__,_|___/
                  |___/

     · Multiplayer Framework for Node.js ·

💖 Consider becoming a Sponsor on GitHub → https://github.com/sponsors/endel
🌟 Give us a star on GitHub → https://github.com/colyseus/colyseus
☁️  Deploy and scale your project on Colyseus Cloud → https://cloud.colyseus.io


[battle_room] created roomId=9-ZLM7spU gameType=deathmatch scoreLimit=5 maxClients=12 patchRateMs=33
{"ts":"2026-03-21T23:56:15.837Z","level":"info","event":"room_create","room":"battle_room","roomId":"9-ZLM7spU","gameType":"deathmatch","scoreLimit":5,"maxClients":12,"patchRateMs":33.333333333333336,"staleInputMs":500,"authoritative":true}
[battle_room] join sessionId=KzKqoiZ6v name=Player_176 team=red players=1
{"ts":"2026-03-21T23:56:18.703Z","level":"info","event":"room_join","room":"battle_room","roomId":"9-ZLM7spU","sessionId":"KzKqoiZ6v","name":"Player_176","players":1}
{"ts":"2026-03-21T23:56:18.860Z","level":"info","event":"battle_ready","room":"battle_room","roomId":"9-ZLM7spU","sessionId":"KzKqoiZ6v","readyCount":0,"players":1}
[battle_room] join sessionId=myr6-OyoJ name=Player_8036 team=blue players=2
{"ts":"2026-03-21T23:56:21.528Z","level":"info","event":"room_join","room":"battle_room","roomId":"9-ZLM7spU","sessionId":"myr6-OyoJ","name":"Player_8036","players":2}
{"ts":"2026-03-21T23:56:24.526Z","level":"info","event":"battle_ready","room":"battle_room","roomId":"9-ZLM7spU","sessionId":"myr6-OyoJ","readyCount":1,"players":2}
{"ts":"2026-03-22T00:09:22.710Z","level":"info","event":"room_leave","room":"battle_room","roomId":"9-ZLM7spU","sessionId":"KzKqoiZ6v","players":1}
[battle_room] leave sessionId=KzKqoiZ6v players=1
{"ts":"2026-03-22T00:09:25.377Z","level":"info","event":"room_leave","room":"battle_room","roomId":"9-ZLM7spU","sessionId":"myr6-OyoJ","players":0}
[battle_room] leave sessionId=myr6-OyoJ players=0
[battle_room] created roomId=DmF8vKevX gameType=deathmatch scoreLimit=5 maxClients=12 patchRateMs=33
{"ts":"2026-03-22T00:09:31.161Z","level":"info","event":"room_create","room":"battle_room","roomId":"DmF8vKevX","gameType":"deathmatch","scoreLimit":5,"maxClients":12,"patchRateMs":33.333333333333336,"staleInputMs":500,"authoritative":true}
[battle_room] join sessionId=NJhW6rml9 name=Player_176 team=red players=1
{"ts":"2026-03-22T00:09:31.386Z","level":"info","event":"room_join","room":"battle_room","roomId":"DmF8vKevX","sessionId":"NJhW6rml9","name":"Player_176","players":1}
{"ts":"2026-03-22T00:09:36.563Z","level":"info","event":"battle_ready","room":"battle_room","roomId":"DmF8vKevX","sessionId":"NJhW6rml9","readyCount":0,"players":1}
[battle_room] join sessionId=vxKzKblBj name=Player_8036 team=blue players=2
{"ts":"2026-03-22T00:09:36.664Z","level":"info","event":"room_join","room":"battle_room","roomId":"DmF8vKevX","sessionId":"vxKzKblBj","name":"Player_8036","players":2}
{"ts":"2026-03-22T00:09:41.284Z","level":"info","event":"battle_ready","room":"battle_room","roomId":"DmF8vKevX","sessionId":"vxKzKblBj","readyCount":1,"players":2}
{"ts":"2026-03-22T00:12:11.698Z","level":"warn","event":"rate_limited","sessionId":"NJhW6rml9","messageType":"fireWeapon","violations":1}
{"ts":"2026-03-22T00:15:52.863Z","level":"info","event":"room_leave","room":"battle_room","roomId":"DmF8vKevX","sessionId":"NJhW6rml9","players":1}
[battle_room] leave sessionId=NJhW6rml9 players=1
{"ts":"2026-03-22T00:15:54.929Z","level":"info","event":"room_leave","room":"battle_room","roomId":"DmF8vKevX","sessionId":"vxKzKblBj","players":0}
[battle_room] leave sessionId=vxKzKblBj players=0
[battle_room] created roomId=-SHF2t_UR gameType=deathmatch scoreLimit=5 maxClients=12 patchRateMs=33
{"ts":"2026-03-22T00:16:05.414Z","level":"info","event":"room_create","room":"battle_room","roomId":"-SHF2t_UR","gameType":"deathmatch","scoreLimit":5,"maxClients":12,"patchRateMs":33.333333333333336,"staleInputMs":500,"authoritative":true}
[battle_room] join sessionId=RBqBV0H_C name=Player_176 team=red players=1
{"ts":"2026-03-22T00:16:09.877Z","level":"info","event":"room_join","room":"battle_room","roomId":"-SHF2t_UR","sessionId":"RBqBV0H_C","name":"Player_176","players":1}
[battle_room] join sessionId=EdaVNeN4g name=Player_8036 team=blue players=2
{"ts":"2026-03-22T00:16:10.204Z","level":"info","event":"room_join","room":"battle_room","roomId":"-SHF2t_UR","sessionId":"EdaVNeN4g","name":"Player_8036","players":2}
{"ts":"2026-03-22T00:16:16.306Z","level":"info","event":"room_leave","room":"battle_room","roomId":"-SHF2t_UR","sessionId":"EdaVNeN4g","players":1}
[battle_room] leave sessionId=EdaVNeN4g players=1
{"ts":"2026-03-22T00:16:16.308Z","level":"info","event":"room_leave","room":"battle_room","roomId":"-SHF2t_UR","sessionId":"RBqBV0H_C","players":0}
[battle_room] leave sessionId=RBqBV0H_C players=0
[battle_room] created roomId=CSfTumHDQ gameType=deathmatch scoreLimit=5 maxClients=12 patchRateMs=33
{"ts":"2026-03-22T00:17:40.398Z","level":"info","event":"room_create","room":"battle_room","roomId":"CSfTumHDQ","gameType":"deathmatch","scoreLimit":5,"maxClients":12,"patchRateMs":33.333333333333336,"staleInputMs":500,"authoritative":true}
[battle_room] join sessionId=pCCqZ9Gkc name=Player_176 team=red players=1
{"ts":"2026-03-22T00:17:40.642Z","level":"info","event":"room_join","room":"battle_room","roomId":"CSfTumHDQ","sessionId":"pCCqZ9Gkc","name":"Player_176","players":1}
[battle_room] join sessionId=IZDJwZzCc name=Player_8036 team=blue players=2
{"ts":"2026-03-22T00:17:40.655Z","level":"info","event":"room_join","room":"battle_room","roomId":"CSfTumHDQ","sessionId":"IZDJwZzCc","name":"Player_8036","players":2}
{"ts":"2026-03-22T00:17:40.660Z","level":"info","event":"battle_ready","room":"battle_room","roomId":"CSfTumHDQ","sessionId":"pCCqZ9Gkc","readyCount":0,"players":2}
{"ts":"2026-03-22T00:17:40.844Z","level":"info","event":"battle_ready","room":"battle_room","roomId":"CSfTumHDQ","sessionId":"IZDJwZzCc","readyCount":1,"players":2}
{"ts":"2026-03-22T00:21:11.127Z","level":"info","event":"room_leave","room":"battle_room","roomId":"CSfTumHDQ","sessionId":"pCCqZ9Gkc","players":1}
[battle_room] leave sessionId=pCCqZ9Gkc players=1
{"ts":"2026-03-22T00:21:13.176Z","level":"info","event":"room_leave","room":"battle_room","roomId":"CSfTumHDQ","sessionId":"IZDJwZzCc","players":0}
[battle_room] leave sessionId=IZDJwZzCc players=0
[battle_room] created roomId=3Jxja07Rh gameType=deathmatch scoreLimit=5 maxClients=12 patchRateMs=33
{"ts":"2026-03-22T00:21:13.744Z","level":"info","event":"room_create","room":"battle_room","roomId":"3Jxja07Rh","gameType":"deathmatch","scoreLimit":5,"maxClients":12,"patchRateMs":33.333333333333336,"staleInputMs":500,"authoritative":true}
[battle_room] join sessionId=RoHNbVF_S name=Player_176 team=red players=1
{"ts":"2026-03-22T00:21:13.944Z","level":"info","event":"room_join","room":"battle_room","roomId":"3Jxja07Rh","sessionId":"RoHNbVF_S","name":"Player_176","players":1}
{"ts":"2026-03-22T00:21:15.960Z","level":"info","event":"battle_ready","room":"battle_room","roomId":"3Jxja07Rh","sessionId":"RoHNbVF_S","readyCount":0,"players":1}
{"ts":"2026-03-22T00:21:40.426Z","level":"info","event":"room_leave","room":"battle_room","roomId":"3Jxja07Rh","sessionId":"RoHNbVF_S","players":0}
[battle_room] leave sessionId=RoHNbVF_S players=0
{"ts":"2026-03-22T00:26:11.825Z","level":"info","event":"room_join","room":"lobby_room","roomId":"84GBgFfeu","sessionId":"Kl-2rzVsP","players":1}
{"ts":"2026-03-22T00:26:16.267Z","level":"info","event":"room_join","room":"lobby_room","roomId":"96ATxGEQq","sessionId":"v8FXLAZ0f","players":1}
{"ts":"2026-03-22T00:26:24.218Z","level":"info","event":"room_leave","room":"lobby_room","roomId":"84GBgFfeu","sessionId":"Kl-2rzVsP","players":0}
[battle_room] created roomId=tzduTJrnk gameType=deathmatch scoreLimit=5 maxClients=12 patchRateMs=33
{"ts":"2026-03-22T00:26:25.572Z","level":"info","event":"room_create","room":"battle_room","roomId":"tzduTJrnk","gameType":"deathmatch","scoreLimit":5,"maxClients":12,"patchRateMs":33.333333333333336,"staleInputMs":500,"authoritative":true}
[battle_room] join sessionId=0A27qWFfP name=Player_8784 team=red players=1
{"ts":"2026-03-22T00:26:25.668Z","level":"info","event":"room_join","room":"battle_room","roomId":"tzduTJrnk","sessionId":"0A27qWFfP","name":"Player_8784","players":1}
{"ts":"2026-03-22T00:26:27.927Z","level":"info","event":"battle_ready","room":"battle_room","roomId":"tzduTJrnk","sessionId":"0A27qWFfP","readyCount":0,"players":1}
{"ts":"2026-03-22T00:26:53.195Z","level":"info","event":"room_leave","room":"lobby_room","roomId":"96ATxGEQq","sessionId":"v8FXLAZ0f","players":0}
{"ts":"2026-03-22T00:26:53.233Z","level":"info","event":"room_leave","room":"battle_room","roomId":"tzduTJrnk","sessionId":"0A27qWFfP","players":0}
[battle_room] leave sessionId=0A27qWFfP players=0
[battle_room] created roomId=85CYocpj1 gameType=deathmatch scoreLimit=5 maxClients=12 patchRateMs=33
{"ts":"2026-03-22T00:26:55.181Z","level":"info","event":"room_create","room":"battle_room","roomId":"85CYocpj1","gameType":"deathmatch","scoreLimit":5,"maxClients":12,"patchRateMs":33.333333333333336,"staleInputMs":500,"authoritative":true}
[battle_room] join sessionId=USn9VTtCf name=Player_8784 team=red players=1
{"ts":"2026-03-22T00:26:55.401Z","level":"info","event":"room_join","room":"battle_room","roomId":"85CYocpj1","sessionId":"USn9VTtCf","name":"Player_8784","players":1}
{"ts":"2026-03-22T00:26:57.723Z","level":"info","event":"battle_ready","room":"battle_room","roomId":"85CYocpj1","sessionId":"USn9VTtCf","readyCount":0,"players":1}
{"ts":"2026-03-22T00:33:11.465Z","level":"info","event":"room_leave","room":"battle_room","roomId":"85CYocpj1","sessionId":"USn9VTtCf","players":0}
[battle_room] leave sessionId=USn9VTtCf players=0
[battle_room] created roomId=C5RBnlgG8 gameType=deathmatch scoreLimit=5 maxClients=12 patchRateMs=33
{"ts":"2026-03-22T00:33:14.157Z","level":"info","event":"room_create","room":"battle_room","roomId":"C5RBnlgG8","gameType":"deathmatch","scoreLimit":5,"maxClients":12,"patchRateMs":33.333333333333336,"staleInputMs":500,"authoritative":true}
[battle_room] join sessionId=UgvL3aV7p name=Player_8784 team=red players=1
{"ts":"2026-03-22T00:33:14.349Z","level":"info","event":"room_join","room":"battle_room","roomId":"C5RBnlgG8","sessionId":"UgvL3aV7p","name":"Player_8784","players":1}
{"ts":"2026-03-22T00:33:16.508Z","level":"info","event":"battle_ready","room":"battle_room","roomId":"C5RBnlgG8","sessionId":"UgvL3aV7p","readyCount":0,"players":1}
{"ts":"2026-03-22T00:33:21.358Z","level":"info","event":"room_leave","room":"battle_room","roomId":"C5RBnlgG8","sessionId":"UgvL3aV7p","players":0}
[battle_room] leave sessionId=UgvL3aV7p players=0
{"ts":"2026-03-22T00:33:30.141Z","level":"info","event":"room_join","room":"lobby_room","roomId":"MY0L8A7u9","sessionId":"OjTmthnF0","players":1}
{"ts":"2026-03-22T00:33:35.746Z","level":"info","event":"room_join","room":"lobby_room","roomId":"MY0L8A7u9","sessionId":"d-xAS6JNI","players":2}
{"ts":"2026-03-22T00:33:47.082Z","level":"info","event":"room_leave","room":"lobby_room","roomId":"MY0L8A7u9","sessionId":"d-xAS6JNI","players":1}
{"ts":"2026-03-22T00:33:47.084Z","level":"info","event":"room_leave","room":"lobby_room","roomId":"MY0L8A7u9","sessionId":"OjTmthnF0","players":0}
[battle_room] created roomId=-0HfEna8Y gameType=deathmatch scoreLimit=5 maxClients=12 patchRateMs=33
{"ts":"2026-03-22T00:33:49.463Z","level":"info","event":"room_create","room":"battle_room","roomId":"-0HfEna8Y","gameType":"deathmatch","scoreLimit":5,"maxClients":12,"patchRateMs":33.333333333333336,"staleInputMs":500,"authoritative":true}
[battle_room] join sessionId=CFnlXe8fe name=Player_8500 team=red players=1
{"ts":"2026-03-22T00:33:52.108Z","level":"info","event":"room_join","room":"battle_room","roomId":"-0HfEna8Y","sessionId":"CFnlXe8fe","name":"Player_8500","players":1}
[battle_room] join sessionId=-irpKZakt name=Player_2252 team=blue players=2
{"ts":"2026-03-22T00:33:54.725Z","level":"info","event":"room_join","room":"battle_room","roomId":"-0HfEna8Y","sessionId":"-irpKZakt","name":"Player_2252","players":2}
{"ts":"2026-03-22T00:33:54.739Z","level":"info","event":"battle_ready","room":"battle_room","roomId":"-0HfEna8Y","sessionId":"CFnlXe8fe","readyCount":0,"players":2}
{"ts":"2026-03-22T00:33:54.886Z","level":"info","event":"battle_ready","room":"battle_room","roomId":"-0HfEna8Y","sessionId":"-irpKZakt","readyCount":1,"players":2}
Restarting 'src/index.js'
Restarting 'src/index.js'
{"ts":"2026-03-22T00:35:17.634Z","level":"info","event":"server_start","port":2567,"env":"development"}

       ___      _
      / __\___ | |_   _ ___  ___ _   _ ___
     / /  / _ \| | | | / __|/ _ \ | | / __|
    / /__| (_) | | |_| \__ \  __/ |_| \__ \
    \____/\___/|_|\__, |___/\___|\__,_|___/
                  |___/

     · Multiplayer Framework for Node.js ·

💖 Consider becoming a Sponsor on GitHub → https://github.com/sponsors/endel
🌟 Give us a star on GitHub → https://github.com/colyseus/colyseus
☁️  Deploy and scale your project on Colyseus Cloud → https://cloud.colyseus.io


Restarting 'src/index.js'
{"ts":"2026-03-22T00:42:23.760Z","level":"info","event":"server_start","port":2567,"env":"development"}

       ___      _
      / __\___ | |_   _ ___  ___ _   _ ___
     / /  / _ \| | | | / __|/ _ \ | | / __|
    / /__| (_) | | |_| \__ \  __/ |_| \__ \
    \____/\___/|_|\__, |___/\___|\__,_|___/
                  |___/

     · Multiplayer Framework for Node.js ·

💖 Consider becoming a Sponsor on GitHub → https://github.com/sponsors/endel
🌟 Give us a star on GitHub → https://github.com/colyseus/colyseus
☁️  Deploy and scale your project on Colyseus Cloud → https://cloud.colyseus.io


Restarting 'src/index.js'
{"ts":"2026-03-22T00:42:28.889Z","level":"info","event":"server_start","port":2567,"env":"development"}

       ___      _
      / __\___ | |_   _ ___  ___ _   _ ___
     / /  / _ \| | | | / __|/ _ \ | | / __|
    / /__| (_) | | |_| \__ \  __/ |_| \__ \
    \____/\___/|_|\__, |___/\___|\__,_|___/
                  |___/

     · Multiplayer Framework for Node.js ·

💖 Consider becoming a Sponsor on GitHub → https://github.com/sponsors/endel
🌟 Give us a star on GitHub → https://github.com/colyseus/colyseus
☁️  Deploy and scale your project on Colyseus Cloud → https://cloud.colyseus.io


Restarting 'src/index.js'
{"ts":"2026-03-22T01:06:11.658Z","level":"info","event":"server_start","port":2567,"env":"development"}

       ___      _
      / __\___ | |_   _ ___  ___ _   _ ___
     / /  / _ \| | | | / __|/ _ \ | | / __|
    / /__| (_) | | |_| \__ \  __/ |_| \__ \
    \____/\___/|_|\__, |___/\___|\__,_|___/
                  |___/

     · Multiplayer Framework for Node.js ·

💖 Consider becoming a Sponsor on GitHub → https://github.com/sponsors/endel
🌟 Give us a star on GitHub → https://github.com/colyseus/colyseus
☁️  Deploy and scale your project on Colyseus Cloud → https://cloud.colyseus.io


[battle_room] created roomId=fHTPFj1pf gameType=deathmatch scoreLimit=5 maxClients=12 patchRateMs=33
{"ts":"2026-03-22T01:06:29.663Z","level":"info","event":"room_create","room":"battle_room","roomId":"fHTPFj1pf","gameType":"deathmatch","scoreLimit":5,"maxClients":12,"patchRateMs":33.333333333333336,"staleInputMs":500,"authoritative":true}
[battle_room] join sessionId=XCD-e04y6 name=Player_2252 team=red players=1
{"ts":"2026-03-22T01:06:34.510Z","level":"info","event":"room_join","room":"battle_room","roomId":"fHTPFj1pf","sessionId":"XCD-e04y6","name":"Player_2252","players":1}
{"ts":"2026-03-22T01:06:34.743Z","level":"info","event":"room_leave","room":"battle_room","roomId":"fHTPFj1pf","sessionId":"XCD-e04y6","players":0}
[battle_room] leave sessionId=XCD-e04y6 players=0
[battle_room] created roomId=d1jHgfuH3 gameType=deathmatch scoreLimit=5 maxClients=12 patchRateMs=33
{"ts":"2026-03-22T01:06:41.749Z","level":"info","event":"room_create","room":"battle_room","roomId":"d1jHgfuH3","gameType":"deathmatch","scoreLimit":5,"maxClients":12,"patchRateMs":33.333333333333336,"staleInputMs":500,"authoritative":true}
[battle_room] join sessionId=0tI6dvWV3 name=Player_2252 team=red players=1
{"ts":"2026-03-22T01:06:47.466Z","level":"info","event":"room_join","room":"battle_room","roomId":"d1jHgfuH3","sessionId":"0tI6dvWV3","name":"Player_2252","players":1}
[battle_room] join sessionId=SSmZq8IWr name=Player_8500 team=blue players=2
{"ts":"2026-03-22T01:06:53.191Z","level":"info","event":"room_join","room":"battle_room","roomId":"d1jHgfuH3","sessionId":"SSmZq8IWr","name":"Player_8500","players":2}
{"ts":"2026-03-22T01:06:53.257Z","level":"info","event":"battle_ready","room":"battle_room","roomId":"d1jHgfuH3","sessionId":"0tI6dvWV3","readyCount":0,"players":2}
{"ts":"2026-03-22T01:06:55.493Z","level":"info","event":"battle_ready","room":"battle_room","roomId":"d1jHgfuH3","sessionId":"SSmZq8IWr","readyCount":1,"players":2}
{"ts":"2026-03-22T01:07:23.461Z","level":"warn","event":"rate_limited","sessionId":"0tI6dvWV3","messageType":"fireWeapon","violations":1}
{"ts":"2026-03-22T01:07:23.529Z","level":"warn","event":"rate_limited","sessionId":"0tI6dvWV3","messageType":"fireWeapon","violations":2}
{"ts":"2026-03-22T01:07:23.596Z","level":"warn","event":"rate_limited","sessionId":"0tI6dvWV3","messageType":"fireWeapon","violations":3}
{"ts":"2026-03-22T01:07:23.664Z","level":"warn","event":"rate_limited","sessionId":"0tI6dvWV3","messageType":"fireWeapon","violations":4}
{"ts":"2026-03-22T01:07:23.756Z","level":"warn","event":"rate_limited","sessionId":"0tI6dvWV3","messageType":"fireWeapon","violations":5}
{"ts":"2026-03-22T01:07:52.931Z","level":"info","event":"room_leave","room":"battle_room","roomId":"d1jHgfuH3","sessionId":"SSmZq8IWr","players":1}
[battle_room] leave sessionId=SSmZq8IWr players=1
{"ts":"2026-03-22T01:07:53.107Z","level":"info","event":"room_leave","room":"battle_room","roomId":"d1jHgfuH3","sessionId":"0tI6dvWV3","players":0}
[battle_room] leave sessionId=0tI6dvWV3 players=0
[battle_room] created roomId=gaoL6qViB gameType=deathmatch scoreLimit=5 maxClients=12 patchRateMs=33
{"ts":"2026-03-22T01:07:56.757Z","level":"info","event":"room_create","room":"battle_room","roomId":"gaoL6qViB","gameType":"deathmatch","scoreLimit":5,"maxClients":12,"patchRateMs":33.333333333333336,"staleInputMs":500,"authoritative":true}
[battle_room] join sessionId=lRdY0M8wy name=Player_8500 team=red players=1
{"ts":"2026-03-22T01:07:59.559Z","level":"info","event":"room_join","room":"battle_room","roomId":"gaoL6qViB","sessionId":"lRdY0M8wy","name":"Player_8500","players":1}
[battle_room] join sessionId=PGCizthv8 name=Player_2252 team=blue players=2
{"ts":"2026-03-22T01:08:02.189Z","level":"info","event":"room_join","room":"battle_room","roomId":"gaoL6qViB","sessionId":"PGCizthv8","name":"Player_2252","players":2}
{"ts":"2026-03-22T01:08:02.378Z","level":"info","event":"battle_ready","room":"battle_room","roomId":"gaoL6qViB","sessionId":"lRdY0M8wy","readyCount":0,"players":2}
{"ts":"2026-03-22T01:08:02.483Z","level":"info","event":"battle_ready","room":"battle_room","roomId":"gaoL6qViB","sessionId":"PGCizthv8","readyCount":1,"players":2}
{"ts":"2026-03-22T01:10:19.566Z","level":"info","event":"room_leave","room":"battle_room","roomId":"gaoL6qViB","sessionId":"lRdY0M8wy","players":1}
[battle_room] leave sessionId=lRdY0M8wy players=1
{"ts":"2026-03-22T01:10:19.857Z","level":"info","event":"room_leave","room":"battle_room","roomId":"gaoL6qViB","sessionId":"PGCizthv8","players":0}
[battle_room] leave sessionId=PGCizthv8 players=0
[battle_room] created roomId=mdKrrpEV6 gameType=deathmatch scoreLimit=5 maxClients=12 patchRateMs=33
{"ts":"2026-03-22T01:10:24.383Z","level":"info","event":"room_create","room":"battle_room","roomId":"mdKrrpEV6","gameType":"deathmatch","scoreLimit":5,"maxClients":12,"patchRateMs":33.333333333333336,"staleInputMs":500,"authoritative":true}
[battle_room] join sessionId=-wvdSj83C name=Player_8500 team=red players=1
{"ts":"2026-03-22T01:10:27.083Z","level":"info","event":"room_join","room":"battle_room","roomId":"mdKrrpEV6","sessionId":"-wvdSj83C","name":"Player_8500","players":1}
{"ts":"2026-03-22T01:10:27.304Z","level":"info","event":"room_leave","room":"battle_room","roomId":"mdKrrpEV6","sessionId":"-wvdSj83C","players":0}
[battle_room] leave sessionId=-wvdSj83C players=0
[battle_room] join sessionId=o_Ncsxp7z name=Player_2252 team=red players=1
{"ts":"2026-03-22T01:10:31.549Z","level":"info","event":"room_join","room":"battle_room","roomId":"mdKrrpEV6","sessionId":"o_Ncsxp7z","name":"Player_2252","players":1}
[battle_room] join sessionId=TDHnfmdMA name=Player_8500 team=blue players=2
{"ts":"2026-03-22T01:10:36.730Z","level":"info","event":"room_join","room":"battle_room","roomId":"mdKrrpEV6","sessionId":"TDHnfmdMA","name":"Player_8500","players":2}
{"ts":"2026-03-22T01:10:36.777Z","level":"info","event":"battle_ready","room":"battle_room","roomId":"mdKrrpEV6","sessionId":"o_Ncsxp7z","readyCount":0,"players":2}
{"ts":"2026-03-22T01:10:36.943Z","level":"info","event":"room_leave","room":"battle_room","roomId":"mdKrrpEV6","sessionId":"o_Ncsxp7z","players":1}
[battle_room] leave sessionId=o_Ncsxp7z players=1
{"ts":"2026-03-22T01:10:37.446Z","level":"info","event":"room_leave","room":"battle_room","roomId":"mdKrrpEV6","sessionId":"TDHnfmdMA","players":0}
[battle_room] leave sessionId=TDHnfmdMA players=0
[battle_room] join sessionId=HgitePtf7 name=Player_2252 team=red players=1
{"ts":"2026-03-22T01:10:43.851Z","level":"info","event":"room_join","room":"battle_room","roomId":"mdKrrpEV6","sessionId":"HgitePtf7","name":"Player_2252","players":1}
[battle_room] join sessionId=n04hyDTxg name=Player_8500 team=blue players=2
{"ts":"2026-03-22T01:10:46.344Z","level":"info","event":"room_join","room":"battle_room","roomId":"mdKrrpEV6","sessionId":"n04hyDTxg","name":"Player_8500","players":2}
{"ts":"2026-03-22T01:10:46.407Z","level":"info","event":"battle_ready","room":"battle_room","roomId":"mdKrrpEV6","sessionId":"HgitePtf7","readyCount":0,"players":2}
{"ts":"2026-03-22T01:10:47.021Z","level":"info","event":"battle_ready","room":"battle_room","roomId":"mdKrrpEV6","sessionId":"n04hyDTxg","readyCount":1,"players":2}
{"ts":"2026-03-22T01:10:47.391Z","level":"info","event":"room_leave","room":"battle_room","roomId":"mdKrrpEV6","sessionId":"HgitePtf7","players":1}
[battle_room] leave sessionId=HgitePtf7 players=1
{"ts":"2026-03-22T01:10:48.358Z","level":"info","event":"room_leave","room":"battle_room","roomId":"mdKrrpEV6","sessionId":"n04hyDTxg","players":0}
[battle_room] leave sessionId=n04hyDTxg players=0
[battle_room] created roomId=gZ1L6RcCa gameType=deathmatch scoreLimit=5 maxClients=12 patchRateMs=33
{"ts":"2026-03-22T01:10:51.941Z","level":"info","event":"room_create","room":"battle_room","roomId":"gZ1L6RcCa","gameType":"deathmatch","scoreLimit":5,"maxClients":12,"patchRateMs":33.333333333333336,"staleInputMs":500,"authoritative":true}
[battle_room] join sessionId=NyOjQ5VHL name=Player_2252 team=red players=1
{"ts":"2026-03-22T01:10:54.595Z","level":"info","event":"room_join","room":"battle_room","roomId":"gZ1L6RcCa","sessionId":"NyOjQ5VHL","name":"Player_2252","players":1}
[battle_room] join sessionId=3zFYLnYzb name=Player_8500 team=blue players=2
{"ts":"2026-03-22T01:10:57.491Z","level":"info","event":"room_join","room":"battle_room","roomId":"gZ1L6RcCa","sessionId":"3zFYLnYzb","name":"Player_8500","players":2}
{"ts":"2026-03-22T01:10:57.570Z","level":"info","event":"battle_ready","room":"battle_room","roomId":"gZ1L6RcCa","sessionId":"NyOjQ5VHL","readyCount":0,"players":2}
{"ts":"2026-03-22T01:10:58.999Z","level":"info","event":"battle_ready","room":"battle_room","roomId":"gZ1L6RcCa","sessionId":"3zFYLnYzb","readyCount":1,"players":2}
{"ts":"2026-03-22T01:12:24.961Z","level":"info","event":"room_leave","room":"battle_room","roomId":"gZ1L6RcCa","sessionId":"NyOjQ5VHL","players":1}
[battle_room] leave sessionId=NyOjQ5VHL players=1
{"ts":"2026-03-22T01:12:25.520Z","level":"info","event":"room_leave","room":"battle_room","roomId":"gZ1L6RcCa","sessionId":"3zFYLnYzb","players":0}
[battle_room] leave sessionId=3zFYLnYzb players=0
[battle_room] created roomId=4rjcHD899 gameType=deathmatch scoreLimit=5 maxClients=12 patchRateMs=33
{"ts":"2026-03-22T01:12:31.173Z","level":"info","event":"room_create","room":"battle_room","roomId":"4rjcHD899","gameType":"deathmatch","scoreLimit":5,"maxClients":12,"patchRateMs":33.333333333333336,"staleInputMs":500,"authoritative":true}
[battle_room] join sessionId=cHF1pM6Ed name=Player_2252 team=red players=1
{"ts":"2026-03-22T01:12:31.425Z","level":"info","event":"room_join","room":"battle_room","roomId":"4rjcHD899","sessionId":"cHF1pM6Ed","name":"Player_2252","players":1}
[battle_room] join sessionId=pJhFnB79l name=Player_8500 team=blue players=2
{"ts":"2026-03-22T01:12:37.052Z","level":"info","event":"room_join","room":"battle_room","roomId":"4rjcHD899","sessionId":"pJhFnB79l","name":"Player_8500","players":2}
{"ts":"2026-03-22T01:12:37.113Z","level":"info","event":"battle_ready","room":"battle_room","roomId":"4rjcHD899","sessionId":"cHF1pM6Ed","readyCount":0,"players":2}
{"ts":"2026-03-22T01:12:38.814Z","level":"info","event":"battle_ready","room":"battle_room","roomId":"4rjcHD899","sessionId":"pJhFnB79l","readyCount":1,"players":2}
{"ts":"2026-03-22T01:14:34.375Z","level":"warn","event":"rate_limited","sessionId":"cHF1pM6Ed","messageType":"fireWeapon","violations":1}
{"ts":"2026-03-22T01:14:36.878Z","level":"warn","event":"rate_limited","sessionId":"cHF1pM6Ed","messageType":"fireWeapon","violations":2}
{"ts":"2026-03-22T01:14:36.933Z","level":"warn","event":"rate_limited","sessionId":"cHF1pM6Ed","messageType":"fireWeapon","violations":3}
{"ts":"2026-03-22T01:14:37.049Z","level":"warn","event":"rate_limited","sessionId":"cHF1pM6Ed","messageType":"fireWeapon","violations":4}
{"ts":"2026-03-22T01:14:37.096Z","level":"warn","event":"rate_limited","sessionId":"cHF1pM6Ed","messageType":"fireWeapon","violations":5}
Restarting 'src/index.js'
{"ts":"2026-03-22T01:18:08.355Z","level":"info","event":"server_start","port":2567,"env":"development"}

       ___      _
      / __\___ | |_   _ ___  ___ _   _ ___
     / /  / _ \| | | | / __|/ _ \ | | / __|
    / /__| (_) | | |_| \__ \  __/ |_| \__ \
    \____/\___/|_|\__, |___/\___|\__,_|___/
                  |___/

     · Multiplayer Framework for Node.js ·

💖 Consider becoming a Sponsor on GitHub → https://github.com/sponsors/endel
🌟 Give us a star on GitHub → https://github.com/colyseus/colyseus
☁️  Deploy and scale your project on Colyseus Cloud → https://cloud.colyseus.io


[battle_room] created roomId=FwVkTL9TG gameType=deathmatch scoreLimit=5 maxClients=12 patchRateMs=33
{"ts":"2026-03-22T01:18:19.052Z","level":"info","event":"room_create","room":"battle_room","roomId":"FwVkTL9TG","gameType":"deathmatch","scoreLimit":5,"maxClients":12,"patchRateMs":33.333333333333336,"staleInputMs":500,"authoritative":true}
[battle_room] join sessionId=QH_cMF-hh name=Player_8500 team=red players=1
{"ts":"2026-03-22T01:18:26.089Z","level":"info","event":"room_join","room":"battle_room","roomId":"FwVkTL9TG","sessionId":"QH_cMF-hh","name":"Player_8500","players":1}
[battle_room] join sessionId=Xw0FEqvOs name=Player_2252 team=blue players=2
{"ts":"2026-03-22T01:18:26.113Z","level":"info","event":"room_join","room":"battle_room","roomId":"FwVkTL9TG","sessionId":"Xw0FEqvOs","name":"Player_2252","players":2}
{"ts":"2026-03-22T01:18:26.191Z","level":"info","event":"battle_ready","room":"battle_room","roomId":"FwVkTL9TG","sessionId":"QH_cMF-hh","readyCount":0,"players":2}
{"ts":"2026-03-22T01:18:26.287Z","level":"info","event":"battle_ready","room":"battle_room","roomId":"FwVkTL9TG","sessionId":"Xw0FEqvOs","readyCount":1,"players":2}
{"ts":"2026-03-22T01:18:48.127Z","level":"info","event":"room_leave","room":"battle_room","roomId":"FwVkTL9TG","sessionId":"Xw0FEqvOs","players":1}
[battle_room] leave sessionId=Xw0FEqvOs players=1
{"ts":"2026-03-22T01:18:49.064Z","level":"info","event":"room_leave","room":"battle_room","roomId":"FwVkTL9TG","sessionId":"QH_cMF-hh","players":0}
[battle_room] leave sessionId=QH_cMF-hh players=0
[battle_room] created roomId=JnF3zBVGq gameType=deathmatch scoreLimit=5 maxClients=12 patchRateMs=33
{"ts":"2026-03-22T01:18:53.090Z","level":"info","event":"room_create","room":"battle_room","roomId":"JnF3zBVGq","gameType":"deathmatch","scoreLimit":5,"maxClients":12,"patchRateMs":33.333333333333336,"staleInputMs":500,"authoritative":true}
[battle_room] join sessionId=oNmzI94NK name=Player_2252 team=red players=1
{"ts":"2026-03-22T01:18:55.984Z","level":"info","event":"room_join","room":"battle_room","roomId":"JnF3zBVGq","sessionId":"oNmzI94NK","name":"Player_2252","players":1}
[battle_room] join sessionId=S-vra3XRs name=Player_8500 team=blue players=2
{"ts":"2026-03-22T01:18:58.466Z","level":"info","event":"room_join","room":"battle_room","roomId":"JnF3zBVGq","sessionId":"S-vra3XRs","name":"Player_8500","players":2}
{"ts":"2026-03-22T01:18:58.568Z","level":"info","event":"battle_ready","room":"battle_room","roomId":"JnF3zBVGq","sessionId":"oNmzI94NK","readyCount":0,"players":2}
{"ts":"2026-03-22T01:18:58.619Z","level":"info","event":"battle_ready","room":"battle_room","roomId":"JnF3zBVGq","sessionId":"S-vra3XRs","readyCount":1,"players":2}
{"ts":"2026-03-22T01:19:47.502Z","level":"warn","event":"rate_limited","sessionId":"S-vra3XRs","messageType":"fireWeapon","violations":1}
Restarting 'src/index.js'
{"ts":"2026-03-22T01:20:47.148Z","level":"info","event":"server_start","port":2567,"env":"development"}

       ___      _
      / __\___ | |_   _ ___  ___ _   _ ___
     / /  / _ \| | | | / __|/ _ \ | | / __|
    / /__| (_) | | |_| \__ \  __/ |_| \__ \
    \____/\___/|_|\__, |___/\___|\__,_|___/
                  |___/

     · Multiplayer Framework for Node.js ·

💖 Consider becoming a Sponsor on GitHub → https://github.com/sponsors/endel
🌟 Give us a star on GitHub → https://github.com/colyseus/colyseus
☁️  Deploy and scale your project on Colyseus Cloud → https://cloud.colyseus.io


[battle_room] created roomId=YfsL8a2i2 gameType=deathmatch scoreLimit=5 maxClients=12 patchRateMs=33
{"ts":"2026-03-22T01:20:51.693Z","level":"info","event":"room_create","room":"battle_room","roomId":"YfsL8a2i2","gameType":"deathmatch","scoreLimit":5,"maxClients":12,"patchRateMs":33.333333333333336,"staleInputMs":500,"authoritative":true}
[battle_room] join sessionId=ziO87PpyR name=Player_2252 team=red players=1
{"ts":"2026-03-22T01:20:54.898Z","level":"info","event":"room_join","room":"battle_room","roomId":"YfsL8a2i2","sessionId":"ziO87PpyR","name":"Player_2252","players":1}
[battle_room] join sessionId=CTMYMwLiL name=Player_8500 team=blue players=2
{"ts":"2026-03-22T01:20:57.681Z","level":"info","event":"room_join","room":"battle_room","roomId":"YfsL8a2i2","sessionId":"CTMYMwLiL","name":"Player_8500","players":2}
{"ts":"2026-03-22T01:20:57.777Z","level":"info","event":"battle_ready","room":"battle_room","roomId":"YfsL8a2i2","sessionId":"ziO87PpyR","readyCount":0,"players":2}
{"ts":"2026-03-22T01:20:57.928Z","level":"info","event":"battle_ready","room":"battle_room","roomId":"YfsL8a2i2","sessionId":"CTMYMwLiL","readyCount":1,"players":2}
{"ts":"2026-03-22T01:23:49.016Z","level":"info","event":"room_leave","room":"battle_room","roomId":"YfsL8a2i2","sessionId":"ziO87PpyR","players":1}
[battle_room] leave sessionId=ziO87PpyR players=1
{"ts":"2026-03-22T01:23:50.617Z","level":"info","event":"room_leave","room":"battle_room","roomId":"YfsL8a2i2","sessionId":"CTMYMwLiL","players":0}
[battle_room] leave sessionId=CTMYMwLiL players=0
[battle_room] created roomId=flWABCJe1 gameType=deathmatch scoreLimit=5 maxClients=12 patchRateMs=33
{"ts":"2026-03-22T01:23:58.647Z","level":"info","event":"room_create","room":"battle_room","roomId":"flWABCJe1","gameType":"deathmatch","scoreLimit":5,"maxClients":12,"patchRateMs":33.333333333333336,"staleInputMs":500,"authoritative":true}
[battle_room] join sessionId=rP825rlXm name=Player_2252 team=red players=1
{"ts":"2026-03-22T01:24:08.288Z","level":"info","event":"room_join","room":"battle_room","roomId":"flWABCJe1","sessionId":"rP825rlXm","name":"Player_2252","players":1}
[battle_room] join sessionId=2cn626zzP name=Player_8500 team=blue players=2
{"ts":"2026-03-22T01:24:08.307Z","level":"info","event":"room_join","room":"battle_room","roomId":"flWABCJe1","sessionId":"2cn626zzP","name":"Player_8500","players":2}
{"ts":"2026-03-22T01:24:08.491Z","level":"info","event":"battle_ready","room":"battle_room","roomId":"flWABCJe1","sessionId":"rP825rlXm","readyCount":0,"players":2}
{"ts":"2026-03-22T01:24:08.531Z","level":"info","event":"battle_ready","room":"battle_room","roomId":"flWABCJe1","sessionId":"2cn626zzP","readyCount":1,"players":2}
{"ts":"2026-03-22T01:24:16.111Z","level":"info","event":"room_leave","room":"battle_room","roomId":"flWABCJe1","sessionId":"2cn626zzP","players":1}
[battle_room] leave sessionId=2cn626zzP players=1
{"ts":"2026-03-22T01:24:16.887Z","level":"info","event":"room_leave","room":"battle_room","roomId":"flWABCJe1","sessionId":"rP825rlXm","players":0}
[battle_room] leave sessionId=rP825rlXm players=0
[battle_room] created roomId=DQpuD5Lc- gameType=deathmatch scoreLimit=5 maxClients=12 patchRateMs=33
{"ts":"2026-03-22T01:24:40.664Z","level":"info","event":"room_create","room":"battle_room","roomId":"DQpuD5Lc-","gameType":"deathmatch","scoreLimit":5,"maxClients":12,"patchRateMs":33.333333333333336,"staleInputMs":500,"authoritative":true}
[battle_room] join sessionId=2mD7ROIk9 name=Player_8500 team=red players=1
{"ts":"2026-03-22T01:24:46.146Z","level":"info","event":"room_join","room":"battle_room","roomId":"DQpuD5Lc-","sessionId":"2mD7ROIk9","name":"Player_8500","players":1}
[battle_room] join sessionId=B__iKAjxr name=Player_2252 team=blue players=2
{"ts":"2026-03-22T01:24:51.858Z","level":"info","event":"room_join","room":"battle_room","roomId":"DQpuD5Lc-","sessionId":"B__iKAjxr","name":"Player_2252","players":2}
{"ts":"2026-03-22T01:24:51.933Z","level":"info","event":"battle_ready","room":"battle_room","roomId":"DQpuD5Lc-","sessionId":"2mD7ROIk9","readyCount":0,"players":2}
{"ts":"2026-03-22T01:24:53.778Z","level":"info","event":"battle_ready","room":"battle_room","roomId":"DQpuD5Lc-","sessionId":"B__iKAjxr","readyCount":1,"players":2}
{"ts":"2026-03-22T01:29:35.474Z","level":"info","event":"room_leave","room":"battle_room","roomId":"DQpuD5Lc-","sessionId":"2mD7ROIk9","players":1}
[battle_room] leave sessionId=2mD7ROIk9 players=1
{"ts":"2026-03-22T01:29:35.848Z","level":"info","event":"room_leave","room":"battle_room","roomId":"DQpuD5Lc-","sessionId":"B__iKAjxr","players":0}
[battle_room] leave sessionId=B__iKAjxr players=0
[battle_room] created roomId=-EahCInCb gameType=deathmatch scoreLimit=5 maxClients=12 patchRateMs=33
{"ts":"2026-03-22T01:29:41.827Z","level":"info","event":"room_create","room":"battle_room","roomId":"-EahCInCb","gameType":"deathmatch","scoreLimit":5,"maxClients":12,"patchRateMs":33.333333333333336,"staleInputMs":500,"authoritative":true}
[battle_room] join sessionId=_yqgiE_wC name=Player_8500 team=red players=1
{"ts":"2026-03-22T01:29:46.501Z","level":"info","event":"room_join","room":"battle_room","roomId":"-EahCInCb","sessionId":"_yqgiE_wC","name":"Player_8500","players":1}
[battle_room] join sessionId=vO-umNDhM name=Player_2252 team=blue players=2
{"ts":"2026-03-22T01:29:50.748Z","level":"info","event":"room_join","room":"battle_room","roomId":"-EahCInCb","sessionId":"vO-umNDhM","name":"Player_2252","players":2}
{"ts":"2026-03-22T01:29:50.927Z","level":"info","event":"battle_ready","room":"battle_room","roomId":"-EahCInCb","sessionId":"_yqgiE_wC","readyCount":0,"players":2}
{"ts":"2026-03-22T01:29:51.128Z","level":"info","event":"battle_ready","room":"battle_room","roomId":"-EahCInCb","sessionId":"vO-umNDhM","readyCount":1,"players":2}
{"ts":"2026-03-22T01:30:00.465Z","level":"info","event":"room_leave","room":"battle_room","roomId":"-EahCInCb","sessionId":"_yqgiE_wC","players":1}
[battle_room] leave sessionId=_yqgiE_wC players=1
{"ts":"2026-03-22T01:30:01.734Z","level":"info","event":"room_leave","room":"battle_room","roomId":"-EahCInCb","sessionId":"vO-umNDhM","players":0}
[battle_room] leave sessionId=vO-umNDhM players=0
[battle_room] created roomId=if6Mv_70k gameType=deathmatch scoreLimit=5 maxClients=12 patchRateMs=33
{"ts":"2026-03-22T01:30:08.656Z","level":"info","event":"room_create","room":"battle_room","roomId":"if6Mv_70k","gameType":"deathmatch","scoreLimit":5,"maxClients":12,"patchRateMs":33.333333333333336,"staleInputMs":500,"authoritative":true}
[battle_room] join sessionId=khFKwq0fu name=Player_2252 team=red players=1
{"ts":"2026-03-22T01:30:19.435Z","level":"info","event":"room_join","room":"battle_room","roomId":"if6Mv_70k","sessionId":"khFKwq0fu","name":"Player_2252","players":1}
[battle_room] join sessionId=at2YhFOZW name=Player_8500 team=blue players=2
{"ts":"2026-03-22T01:30:19.460Z","level":"info","event":"room_join","room":"battle_room","roomId":"if6Mv_70k","sessionId":"at2YhFOZW","name":"Player_8500","players":2}
{"ts":"2026-03-22T01:30:19.694Z","level":"info","event":"battle_ready","room":"battle_room","roomId":"if6Mv_70k","sessionId":"khFKwq0fu","readyCount":0,"players":2}
{"ts":"2026-03-22T01:30:19.721Z","level":"info","event":"battle_ready","room":"battle_room","roomId":"if6Mv_70k","sessionId":"at2YhFOZW","readyCount":1,"players":2}
{"ts":"2026-03-22T01:31:45.516Z","level":"warn","event":"rate_limited","sessionId":"at2YhFOZW","messageType":"fireWeapon","violations":1}
Restarting 'src/index.js'
{"ts":"2026-03-22T01:36:24.553Z","level":"info","event":"server_start","port":2567,"env":"development"}

       ___      _
      / __\___ | |_   _ ___  ___ _   _ ___
     / /  / _ \| | | | / __|/ _ \ | | / __|
    / /__| (_) | | |_| \__ \  __/ |_| \__ \
    \____/\___/|_|\__, |___/\___|\__,_|___/
                  |___/

     · Multiplayer Framework for Node.js ·

💖 Consider becoming a Sponsor on GitHub → https://github.com/sponsors/endel
🌟 Give us a star on GitHub → https://github.com/colyseus/colyseus
☁️  Deploy and scale your project on Colyseus Cloud → https://cloud.colyseus.io


Restarting 'src/index.js'
{"ts":"2026-03-22T01:36:25.435Z","level":"info","event":"server_start","port":2567,"env":"development"}

       ___      _
      / __\___ | |_   _ ___  ___ _   _ ___
     / /  / _ \| | | | / __|/ _ \ | | / __|
    / /__| (_) | | |_| \__ \  __/ |_| \__ \
    \____/\___/|_|\__, |___/\___|\__,_|___/
                  |___/

     · Multiplayer Framework for Node.js ·

💖 Consider becoming a Sponsor on GitHub → https://github.com/sponsors/endel
🌟 Give us a star on GitHub → https://github.com/colyseus/colyseus
☁️  Deploy and scale your project on Colyseus Cloud → https://cloud.colyseus.io


Restarting 'src/index.js'
{"ts":"2026-03-22T01:42:56.003Z","level":"info","event":"server_start","port":2567,"env":"development"}

       ___      _
      / __\___ | |_   _ ___  ___ _   _ ___
     / /  / _ \| | | | / __|/ _ \ | | / __|
    / /__| (_) | | |_| \__ \  __/ |_| \__ \
    \____/\___/|_|\__, |___/\___|\__,_|___/
                  |___/

     · Multiplayer Framework for Node.js ·

💖 Consider becoming a Sponsor on GitHub → https://github.com/sponsors/endel
🌟 Give us a star on GitHub → https://github.com/colyseus/colyseus
☁️  Deploy and scale your project on Colyseus Cloud → https://cloud.colyseus.io


[battle_room] created roomId=Ii0F77xDS gameType=deathmatch scoreLimit=5 maxClients=2 patchRateMs=17
{"ts":"2026-03-22T01:43:13.719Z","level":"info","event":"room_create","room":"battle_room","roomId":"Ii0F77xDS","gameType":"deathmatch","scoreLimit":5,"maxClients":2,"patchRateMs":16.666666666666668,"staleInputMs":500,"authoritative":true}
[battle_room] join sessionId=tE6QqPcsU name=DevBattle team=red players=1
{"ts":"2026-03-22T01:43:14.387Z","level":"info","event":"room_join","room":"battle_room","roomId":"Ii0F77xDS","sessionId":"tE6QqPcsU","name":"DevBattle","players":1}
{"ts":"2026-03-22T01:43:15.673Z","level":"info","event":"battle_ready","room":"battle_room","roomId":"Ii0F77xDS","sessionId":"tE6QqPcsU","readyCount":0,"players":1}
{"ts":"2026-03-22T01:44:04.307Z","level":"info","event":"room_leave","room":"battle_room","roomId":"Ii0F77xDS","sessionId":"tE6QqPcsU","players":0}
[battle_room] leave sessionId=tE6QqPcsU players=0
[battle_room] created roomId=HAxPLXK4M gameType=deathmatch scoreLimit=5 maxClients=2 patchRateMs=17
{"ts":"2026-03-22T01:44:07.668Z","level":"info","event":"room_create","room":"battle_room","roomId":"HAxPLXK4M","gameType":"deathmatch","scoreLimit":5,"maxClients":2,"patchRateMs":16.666666666666668,"staleInputMs":500,"authoritative":true}
[battle_room] join sessionId=QNWgAaMRo name=DevBattle team=red players=1
{"ts":"2026-03-22T01:44:08.354Z","level":"info","event":"room_join","room":"battle_room","roomId":"HAxPLXK4M","sessionId":"QNWgAaMRo","name":"DevBattle","players":1}
{"ts":"2026-03-22T01:44:09.548Z","level":"info","event":"battle_ready","room":"battle_room","roomId":"HAxPLXK4M","sessionId":"QNWgAaMRo","readyCount":0,"players":1}
{"ts":"2026-03-22T01:44:42.125Z","level":"info","event":"room_leave","room":"battle_room","roomId":"HAxPLXK4M","sessionId":"QNWgAaMRo","players":0}
[battle_room] leave sessionId=QNWgAaMRo players=0
[battle_room] created roomId=2Y-n9GXj5 gameType=deathmatch scoreLimit=5 maxClients=2 patchRateMs=17
{"ts":"2026-03-22T01:44:46.904Z","level":"info","event":"room_create","room":"battle_room","roomId":"2Y-n9GXj5","gameType":"deathmatch","scoreLimit":5,"maxClients":2,"patchRateMs":16.666666666666668,"staleInputMs":500,"authoritative":true}
[battle_room] join sessionId=o--Q2jRkj name=DevBattle team=red players=1
{"ts":"2026-03-22T01:44:47.255Z","level":"info","event":"room_join","room":"battle_room","roomId":"2Y-n9GXj5","sessionId":"o--Q2jRkj","name":"DevBattle","players":1}
{"ts":"2026-03-22T01:44:48.108Z","level":"info","event":"battle_ready","room":"battle_room","roomId":"2Y-n9GXj5","sessionId":"o--Q2jRkj","readyCount":0,"players":1}
{"ts":"2026-03-22T01:45:17.515Z","level":"info","event":"room_leave","room":"battle_room","roomId":"2Y-n9GXj5","sessionId":"o--Q2jRkj","players":0}
[battle_room] leave sessionId=o--Q2jRkj players=0
[battle_room] created roomId=cudR2OzL9 gameType=deathmatch scoreLimit=5 maxClients=2 patchRateMs=17
{"ts":"2026-03-22T01:45:53.301Z","level":"info","event":"room_create","room":"battle_room","roomId":"cudR2OzL9","gameType":"deathmatch","scoreLimit":5,"maxClients":2,"patchRateMs":16.666666666666668,"staleInputMs":500,"authoritative":true}
[battle_room] join sessionId=4hrKpcmSf name=DevBattle team=red players=1
{"ts":"2026-03-22T01:45:53.675Z","level":"info","event":"room_join","room":"battle_room","roomId":"cudR2OzL9","sessionId":"4hrKpcmSf","name":"DevBattle","players":1}
{"ts":"2026-03-22T01:45:54.367Z","level":"info","event":"battle_ready","room":"battle_room","roomId":"cudR2OzL9","sessionId":"4hrKpcmSf","readyCount":0,"players":1}
{"ts":"2026-03-22T01:46:21.264Z","level":"info","event":"room_leave","room":"battle_room","roomId":"cudR2OzL9","sessionId":"4hrKpcmSf","players":0}
[battle_room] leave sessionId=4hrKpcmSf players=0
[battle_room] created roomId=aWlYLw2EZ gameType=deathmatch scoreLimit=5 maxClients=2 patchRateMs=17
{"ts":"2026-03-22T01:46:24.897Z","level":"info","event":"room_create","room":"battle_room","roomId":"aWlYLw2EZ","gameType":"deathmatch","scoreLimit":5,"maxClients":2,"patchRateMs":16.666666666666668,"staleInputMs":500,"authoritative":true}
[battle_room] join sessionId=cwPJ4zkeg name=DevBattle team=red players=1
{"ts":"2026-03-22T01:46:25.246Z","level":"info","event":"room_join","room":"battle_room","roomId":"aWlYLw2EZ","sessionId":"cwPJ4zkeg","name":"DevBattle","players":1}
{"ts":"2026-03-22T01:46:25.809Z","level":"info","event":"battle_ready","room":"battle_room","roomId":"aWlYLw2EZ","sessionId":"cwPJ4zkeg","readyCount":0,"players":1}
{"ts":"2026-03-22T01:46:49.734Z","level":"info","event":"room_leave","room":"battle_room","roomId":"aWlYLw2EZ","sessionId":"cwPJ4zkeg","players":0}
[battle_room] leave sessionId=cwPJ4zkeg players=0
[battle_room] created roomId=8GLtMHnTk gameType=deathmatch scoreLimit=5 maxClients=2 patchRateMs=17
{"ts":"2026-03-22T01:47:40.948Z","level":"info","event":"room_create","room":"battle_room","roomId":"8GLtMHnTk","gameType":"deathmatch","scoreLimit":5,"maxClients":2,"patchRateMs":16.666666666666668,"staleInputMs":500,"authoritative":true}
[battle_room] join sessionId=z8bKj6ON7 name=DevBattle team=red players=1
{"ts":"2026-03-22T01:47:41.364Z","level":"info","event":"room_join","room":"battle_room","roomId":"8GLtMHnTk","sessionId":"z8bKj6ON7","name":"DevBattle","players":1}
{"ts":"2026-03-22T01:47:42.062Z","level":"info","event":"battle_ready","room":"battle_room","roomId":"8GLtMHnTk","sessionId":"z8bKj6ON7","readyCount":0,"players":1}
{"ts":"2026-03-22T01:48:12.311Z","level":"info","event":"room_leave","room":"battle_room","roomId":"8GLtMHnTk","sessionId":"z8bKj6ON7","players":0}
[battle_room] leave sessionId=z8bKj6ON7 players=0
[battle_room] created roomId=hug5YGLTJ gameType=deathmatch scoreLimit=5 maxClients=2 patchRateMs=17
{"ts":"2026-03-22T01:48:17.189Z","level":"info","event":"room_create","room":"battle_room","roomId":"hug5YGLTJ","gameType":"deathmatch","scoreLimit":5,"maxClients":2,"patchRateMs":16.666666666666668,"staleInputMs":500,"authoritative":true}
[battle_room] join sessionId=k_p7rlB5i name=DevBattle team=red players=1
{"ts":"2026-03-22T01:48:17.579Z","level":"info","event":"room_join","room":"battle_room","roomId":"hug5YGLTJ","sessionId":"k_p7rlB5i","name":"DevBattle","players":1}
{"ts":"2026-03-22T01:48:18.375Z","level":"info","event":"battle_ready","room":"battle_room","roomId":"hug5YGLTJ","sessionId":"k_p7rlB5i","readyCount":0,"players":1}
{"ts":"2026-03-22T01:48:47.210Z","level":"info","event":"room_leave","room":"battle_room","roomId":"hug5YGLTJ","sessionId":"k_p7rlB5i","players":0}
[battle_room] leave sessionId=k_p7rlB5i players=0
[battle_room] created roomId=N-KyLbPS3 gameType=deathmatch scoreLimit=5 maxClients=2 patchRateMs=17
{"ts":"2026-03-22T01:49:04.066Z","level":"info","event":"room_create","room":"battle_room","roomId":"N-KyLbPS3","gameType":"deathmatch","scoreLimit":5,"maxClients":2,"patchRateMs":16.666666666666668,"staleInputMs":500,"authoritative":true}
[battle_room] join sessionId=bv7PzBsx3 name=DevBattle team=red players=1
{"ts":"2026-03-22T01:49:04.369Z","level":"info","event":"room_join","room":"battle_room","roomId":"N-KyLbPS3","sessionId":"bv7PzBsx3","name":"DevBattle","players":1}
{"ts":"2026-03-22T01:49:04.904Z","level":"info","event":"battle_ready","room":"battle_room","roomId":"N-KyLbPS3","sessionId":"bv7PzBsx3","readyCount":0,"players":1}
{"ts":"2026-03-22T01:49:24.119Z","level":"info","event":"room_leave","room":"battle_room","roomId":"N-KyLbPS3","sessionId":"bv7PzBsx3","players":0}
[battle_room] leave sessionId=bv7PzBsx3 players=0
[battle_room] created roomId=x7aeXdJ3T gameType=deathmatch scoreLimit=5 maxClients=2 patchRateMs=17
{"ts":"2026-03-22T01:50:07.829Z","level":"info","event":"room_create","room":"battle_room","roomId":"x7aeXdJ3T","gameType":"deathmatch","scoreLimit":5,"maxClients":2,"patchRateMs":16.666666666666668,"staleInputMs":500,"authoritative":true}
[battle_room] join sessionId=F2Vn1wvEN name=DevBattle team=red players=1
{"ts":"2026-03-22T01:50:08.197Z","level":"info","event":"room_join","room":"battle_room","roomId":"x7aeXdJ3T","sessionId":"F2Vn1wvEN","name":"DevBattle","players":1}
{"ts":"2026-03-22T01:50:08.960Z","level":"info","event":"battle_ready","room":"battle_room","roomId":"x7aeXdJ3T","sessionId":"F2Vn1wvEN","readyCount":0,"players":1}
{"ts":"2026-03-22T01:50:31.559Z","level":"info","event":"room_leave","room":"battle_room","roomId":"x7aeXdJ3T","sessionId":"F2Vn1wvEN","players":0}
[battle_room] leave sessionId=F2Vn1wvEN players=0
[battle_room] created roomId=MJiSPKZjj gameType=deathmatch scoreLimit=5 maxClients=2 patchRateMs=17
{"ts":"2026-03-22T01:52:09.704Z","level":"info","event":"room_create","room":"battle_room","roomId":"MJiSPKZjj","gameType":"deathmatch","scoreLimit":5,"maxClients":2,"patchRateMs":16.666666666666668,"staleInputMs":500,"authoritative":true}
[battle_room] join sessionId=scv4CayaL name=DevBattle team=red players=1
{"ts":"2026-03-22T01:52:10.119Z","level":"info","event":"room_join","room":"battle_room","roomId":"MJiSPKZjj","sessionId":"scv4CayaL","name":"DevBattle","players":1}
{"ts":"2026-03-22T01:52:10.954Z","level":"info","event":"battle_ready","room":"battle_room","roomId":"MJiSPKZjj","sessionId":"scv4CayaL","readyCount":0,"players":1}
{"ts":"2026-03-22T01:52:30.929Z","level":"info","event":"room_leave","room":"battle_room","roomId":"MJiSPKZjj","sessionId":"scv4CayaL","players":0}
[battle_room] leave sessionId=scv4CayaL players=0
[battle_room] created roomId=efrWg-q-Q gameType=deathmatch scoreLimit=5 maxClients=2 patchRateMs=17
{"ts":"2026-03-22T01:52:45.978Z","level":"info","event":"room_create","room":"battle_room","roomId":"efrWg-q-Q","gameType":"deathmatch","scoreLimit":5,"maxClients":2,"patchRateMs":16.666666666666668,"staleInputMs":500,"authoritative":true}
[battle_room] join sessionId=o-KlqYCQT name=DevBattle team=red players=1
{"ts":"2026-03-22T01:52:46.449Z","level":"info","event":"room_join","room":"battle_room","roomId":"efrWg-q-Q","sessionId":"o-KlqYCQT","name":"DevBattle","players":1}
{"ts":"2026-03-22T01:52:47.598Z","level":"info","event":"battle_ready","room":"battle_room","roomId":"efrWg-q-Q","sessionId":"o-KlqYCQT","readyCount":0,"players":1}
{"ts":"2026-03-22T01:53:16.103Z","level":"info","event":"room_leave","room":"battle_room","roomId":"efrWg-q-Q","sessionId":"o-KlqYCQT","players":0}
[battle_room] leave sessionId=o-KlqYCQT players=0
[battle_room] created roomId=CNJSKk5eu gameType=deathmatch scoreLimit=5 maxClients=2 patchRateMs=17
{"ts":"2026-03-22T01:53:31.845Z","level":"info","event":"room_create","room":"battle_room","roomId":"CNJSKk5eu","gameType":"deathmatch","scoreLimit":5,"maxClients":2,"patchRateMs":16.666666666666668,"staleInputMs":500,"authoritative":true}
[battle_room] join sessionId=a21Ya1Wr_ name=DevBattle team=red players=1
{"ts":"2026-03-22T01:53:32.387Z","level":"info","event":"room_join","room":"battle_room","roomId":"CNJSKk5eu","sessionId":"a21Ya1Wr_","name":"DevBattle","players":1}
{"ts":"2026-03-22T01:53:33.579Z","level":"info","event":"battle_ready","room":"battle_room","roomId":"CNJSKk5eu","sessionId":"a21Ya1Wr_","readyCount":0,"players":1}
{"ts":"2026-03-22T01:54:01.127Z","level":"info","event":"room_leave","room":"battle_room","roomId":"CNJSKk5eu","sessionId":"a21Ya1Wr_","players":0}
[battle_room] leave sessionId=a21Ya1Wr_ players=0
[battle_room] created roomId=GlQSH8Cxv gameType=deathmatch scoreLimit=5 maxClients=2 patchRateMs=17
{"ts":"2026-03-22T01:54:04.316Z","level":"info","event":"room_create","room":"battle_room","roomId":"GlQSH8Cxv","gameType":"deathmatch","scoreLimit":5,"maxClients":2,"patchRateMs":16.666666666666668,"staleInputMs":500,"authoritative":true}
[battle_room] join sessionId=E_T4vVlfI name=DevBattle team=red players=1
{"ts":"2026-03-22T01:54:04.937Z","level":"info","event":"room_join","room":"battle_room","roomId":"GlQSH8Cxv","sessionId":"E_T4vVlfI","name":"DevBattle","players":1}
{"ts":"2026-03-22T01:54:06.086Z","level":"info","event":"battle_ready","room":"battle_room","roomId":"GlQSH8Cxv","sessionId":"E_T4vVlfI","readyCount":0,"players":1}
{"ts":"2026-03-22T01:54:36.616Z","level":"info","event":"room_leave","room":"battle_room","roomId":"GlQSH8Cxv","sessionId":"E_T4vVlfI","players":0}
[battle_room] leave sessionId=E_T4vVlfI players=0
[battle_room] created roomId=DKGRqcL9j gameType=deathmatch scoreLimit=5 maxClients=2 patchRateMs=17
{"ts":"2026-03-22T02:02:30.711Z","level":"info","event":"room_create","room":"battle_room","roomId":"DKGRqcL9j","gameType":"deathmatch","scoreLimit":5,"maxClients":2,"patchRateMs":16.666666666666668,"staleInputMs":500,"authoritative":true}
[battle_room] join sessionId=Zg6tEMqB0 name=DevBattle team=red players=1
{"ts":"2026-03-22T02:02:31.347Z","level":"info","event":"room_join","room":"battle_room","roomId":"DKGRqcL9j","sessionId":"Zg6tEMqB0","name":"DevBattle","players":1}
{"ts":"2026-03-22T02:02:32.581Z","level":"info","event":"battle_ready","room":"battle_room","roomId":"DKGRqcL9j","sessionId":"Zg6tEMqB0","readyCount":0,"players":1}
{"ts":"2026-03-22T02:02:59.362Z","level":"info","event":"room_leave","room":"battle_room","roomId":"DKGRqcL9j","sessionId":"Zg6tEMqB0","players":0}
[battle_room] leave sessionId=Zg6tEMqB0 players=0
[battle_room] created roomId=xrg6Z6Sh_ gameType=deathmatch scoreLimit=5 maxClients=2 patchRateMs=17
{"ts":"2026-03-22T02:03:02.541Z","level":"info","event":"room_create","room":"battle_room","roomId":"xrg6Z6Sh_","gameType":"deathmatch","scoreLimit":5,"maxClients":2,"patchRateMs":16.666666666666668,"staleInputMs":500,"authoritative":true}
[battle_room] join sessionId=2xB3N3lTN name=DevBattle team=red players=1
{"ts":"2026-03-22T02:03:03.148Z","level":"info","event":"room_join","room":"battle_room","roomId":"xrg6Z6Sh_","sessionId":"2xB3N3lTN","name":"DevBattle","players":1}
{"ts":"2026-03-22T02:03:04.255Z","level":"info","event":"battle_ready","room":"battle_room","roomId":"xrg6Z6Sh_","sessionId":"2xB3N3lTN","readyCount":0,"players":1}
{"ts":"2026-03-22T02:03:36.245Z","level":"info","event":"room_leave","room":"battle_room","roomId":"xrg6Z6Sh_","sessionId":"2xB3N3lTN","players":0}
[battle_room] leave sessionId=2xB3N3lTN players=0
[battle_room] created roomId=JrJjkAgr8 gameType=deathmatch scoreLimit=5 maxClients=2 patchRateMs=17
{"ts":"2026-03-22T02:03:39.326Z","level":"info","event":"room_create","room":"battle_room","roomId":"JrJjkAgr8","gameType":"deathmatch","scoreLimit":5,"maxClients":2,"patchRateMs":16.666666666666668,"staleInputMs":500,"authoritative":true}
[battle_room] join sessionId=VMevxTKzw name=DevBattle team=red players=1
{"ts":"2026-03-22T02:03:39.938Z","level":"info","event":"room_join","room":"battle_room","roomId":"JrJjkAgr8","sessionId":"VMevxTKzw","name":"DevBattle","players":1}
{"ts":"2026-03-22T02:03:40.949Z","level":"info","event":"battle_ready","room":"battle_room","roomId":"JrJjkAgr8","sessionId":"VMevxTKzw","readyCount":0,"players":1}
{"ts":"2026-03-22T02:04:16.587Z","level":"info","event":"room_leave","room":"battle_room","roomId":"JrJjkAgr8","sessionId":"VMevxTKzw","players":0}
[battle_room] leave sessionId=VMevxTKzw players=0
[battle_room] created roomId=dLQrl8IT3 gameType=deathmatch scoreLimit=5 maxClients=2 patchRateMs=17
{"ts":"2026-03-22T02:04:22.216Z","level":"info","event":"room_create","room":"battle_room","roomId":"dLQrl8IT3","gameType":"deathmatch","scoreLimit":5,"maxClients":2,"patchRateMs":16.666666666666668,"staleInputMs":500,"authoritative":true}
[battle_room] join sessionId=gu3KP3iZ7 name=DevBattle team=red players=1
{"ts":"2026-03-22T02:04:22.798Z","level":"info","event":"room_join","room":"battle_room","roomId":"dLQrl8IT3","sessionId":"gu3KP3iZ7","name":"DevBattle","players":1}
{"ts":"2026-03-22T02:04:24.040Z","level":"info","event":"battle_ready","room":"battle_room","roomId":"dLQrl8IT3","sessionId":"gu3KP3iZ7","readyCount":0,"players":1}
{"ts":"2026-03-22T02:04:58.837Z","level":"info","event":"room_leave","room":"battle_room","roomId":"dLQrl8IT3","sessionId":"gu3KP3iZ7","players":0}
[battle_room] leave sessionId=gu3KP3iZ7 players=0
[battle_room] created roomId=RzPxd2ziI gameType=deathmatch scoreLimit=5 maxClients=2 patchRateMs=17
{"ts":"2026-03-22T02:05:27.719Z","level":"info","event":"room_create","room":"battle_room","roomId":"RzPxd2ziI","gameType":"deathmatch","scoreLimit":5,"maxClients":2,"patchRateMs":16.666666666666668,"staleInputMs":500,"authoritative":true}
[battle_room] join sessionId=tlt0jjqBR name=DevBattle team=red players=1
{"ts":"2026-03-22T02:05:28.150Z","level":"info","event":"room_join","room":"battle_room","roomId":"RzPxd2ziI","sessionId":"tlt0jjqBR","name":"DevBattle","players":1}
{"ts":"2026-03-22T02:05:28.986Z","level":"info","event":"battle_ready","room":"battle_room","roomId":"RzPxd2ziI","sessionId":"tlt0jjqBR","readyCount":0,"players":1}
{"ts":"2026-03-22T02:05:52.014Z","level":"info","event":"room_leave","room":"battle_room","roomId":"RzPxd2ziI","sessionId":"tlt0jjqBR","players":0}
[battle_room] leave sessionId=tlt0jjqBR players=0
[battle_room] created roomId=lAVE3SLHU gameType=deathmatch scoreLimit=5 maxClients=2 patchRateMs=17
{"ts":"2026-03-22T02:06:26.367Z","level":"info","event":"room_create","room":"battle_room","roomId":"lAVE3SLHU","gameType":"deathmatch","scoreLimit":5,"maxClients":2,"patchRateMs":16.666666666666668,"staleInputMs":500,"authoritative":true}
[battle_room] join sessionId=fzwpueZPI name=DevBattle team=red players=1
{"ts":"2026-03-22T02:06:26.775Z","level":"info","event":"room_join","room":"battle_room","roomId":"lAVE3SLHU","sessionId":"fzwpueZPI","name":"DevBattle","players":1}
{"ts":"2026-03-22T02:06:27.521Z","level":"info","event":"battle_ready","room":"battle_room","roomId":"lAVE3SLHU","sessionId":"fzwpueZPI","readyCount":0,"players":1}
{"ts":"2026-03-22T02:06:57.017Z","level":"info","event":"room_leave","room":"battle_room","roomId":"lAVE3SLHU","sessionId":"fzwpueZPI","players":0}
[battle_room] leave sessionId=fzwpueZPI players=0
[battle_room] created roomId=NDC7ivOxZ gameType=deathmatch scoreLimit=5 maxClients=2 patchRateMs=17
{"ts":"2026-03-22T02:07:44.756Z","level":"info","event":"room_create","room":"battle_room","roomId":"NDC7ivOxZ","gameType":"deathmatch","scoreLimit":5,"maxClients":2,"patchRateMs":16.666666666666668,"staleInputMs":500,"authoritative":true}
[battle_room] join sessionId=sFiPUSN1p name=DevBattle team=red players=1
{"ts":"2026-03-22T02:07:45.242Z","level":"info","event":"room_join","room":"battle_room","roomId":"NDC7ivOxZ","sessionId":"sFiPUSN1p","name":"DevBattle","players":1}
{"ts":"2026-03-22T02:07:45.997Z","level":"info","event":"battle_ready","room":"battle_room","roomId":"NDC7ivOxZ","sessionId":"sFiPUSN1p","readyCount":0,"players":1}
{"ts":"2026-03-22T02:08:16.959Z","level":"info","event":"room_leave","room":"battle_room","roomId":"NDC7ivOxZ","sessionId":"sFiPUSN1p","players":0}
[battle_room] leave sessionId=sFiPUSN1p players=0
[battle_room] created roomId=QtF_UasKG gameType=deathmatch scoreLimit=5 maxClients=2 patchRateMs=17
{"ts":"2026-03-22T02:09:28.097Z","level":"info","event":"room_create","room":"battle_room","roomId":"QtF_UasKG","gameType":"deathmatch","scoreLimit":5,"maxClients":2,"patchRateMs":16.666666666666668,"staleInputMs":500,"authoritative":true}
[battle_room] join sessionId=z7jf7CMX0 name=DevBattle team=red players=1
{"ts":"2026-03-22T02:09:28.587Z","level":"info","event":"room_join","room":"battle_room","roomId":"QtF_UasKG","sessionId":"z7jf7CMX0","name":"DevBattle","players":1}
{"ts":"2026-03-22T02:09:29.747Z","level":"info","event":"battle_ready","room":"battle_room","roomId":"QtF_UasKG","sessionId":"z7jf7CMX0","readyCount":0,"players":1}
{"ts":"2026-03-22T02:09:57.347Z","level":"info","event":"room_leave","room":"battle_room","roomId":"QtF_UasKG","sessionId":"z7jf7CMX0","players":0}
[battle_room] leave sessionId=z7jf7CMX0 players=0
[battle_room] created roomId=1coEwV8GJ gameType=deathmatch scoreLimit=5 maxClients=2 patchRateMs=17
{"ts":"2026-03-22T02:10:00.369Z","level":"info","event":"room_create","room":"battle_room","roomId":"1coEwV8GJ","gameType":"deathmatch","scoreLimit":5,"maxClients":2,"patchRateMs":16.666666666666668,"staleInputMs":500,"authoritative":true}
[battle_room] join sessionId=Rj2w_ByrF name=DevBattle team=red players=1
{"ts":"2026-03-22T02:10:00.910Z","level":"info","event":"room_join","room":"battle_room","roomId":"1coEwV8GJ","sessionId":"Rj2w_ByrF","name":"DevBattle","players":1}
{"ts":"2026-03-22T02:10:02.053Z","level":"info","event":"battle_ready","room":"battle_room","roomId":"1coEwV8GJ","sessionId":"Rj2w_ByrF","readyCount":0,"players":1}
{"ts":"2026-03-22T02:10:32.299Z","level":"info","event":"room_leave","room":"battle_room","roomId":"1coEwV8GJ","sessionId":"Rj2w_ByrF","players":0}
[battle_room] leave sessionId=Rj2w_ByrF players=0
[battle_room] created roomId=NcaWid1Kq gameType=deathmatch scoreLimit=5 maxClients=2 patchRateMs=17
{"ts":"2026-03-22T02:10:35.194Z","level":"info","event":"room_create","room":"battle_room","roomId":"NcaWid1Kq","gameType":"deathmatch","scoreLimit":5,"maxClients":2,"patchRateMs":16.666666666666668,"staleInputMs":500,"authoritative":true}
[battle_room] join sessionId=EWrCjPsGS name=DevBattle team=red players=1
{"ts":"2026-03-22T02:10:35.759Z","level":"info","event":"room_join","room":"battle_room","roomId":"NcaWid1Kq","sessionId":"EWrCjPsGS","name":"DevBattle","players":1}
{"ts":"2026-03-22T02:10:36.703Z","level":"info","event":"battle_ready","room":"battle_room","roomId":"NcaWid1Kq","sessionId":"EWrCjPsGS","readyCount":0,"players":1}
{"ts":"2026-03-22T02:11:16.886Z","level":"info","event":"room_leave","room":"battle_room","roomId":"NcaWid1Kq","sessionId":"EWrCjPsGS","players":0}
[battle_room] leave sessionId=EWrCjPsGS players=0
[battle_room] created roomId=piE21O5-N gameType=deathmatch scoreLimit=5 maxClients=2 patchRateMs=17
{"ts":"2026-03-22T02:11:22.435Z","level":"info","event":"room_create","room":"battle_room","roomId":"piE21O5-N","gameType":"deathmatch","scoreLimit":5,"maxClients":2,"patchRateMs":16.666666666666668,"staleInputMs":500,"authoritative":true}
[battle_room] join sessionId=jjikxV8oa name=DevBattle team=red players=1
{"ts":"2026-03-22T02:11:22.962Z","level":"info","event":"room_join","room":"battle_room","roomId":"piE21O5-N","sessionId":"jjikxV8oa","name":"DevBattle","players":1}
{"ts":"2026-03-22T02:11:24.137Z","level":"info","event":"battle_ready","room":"battle_room","roomId":"piE21O5-N","sessionId":"jjikxV8oa","readyCount":0,"players":1}
{"ts":"2026-03-22T02:12:04.865Z","level":"info","event":"room_leave","room":"battle_room","roomId":"piE21O5-N","sessionId":"jjikxV8oa","players":0}
[battle_room] leave sessionId=jjikxV8oa players=0
[battle_room] created roomId=YgYi1I-Ma gameType=deathmatch scoreLimit=5 maxClients=2 patchRateMs=17
{"ts":"2026-03-22T02:12:27.119Z","level":"info","event":"room_create","room":"battle_room","roomId":"YgYi1I-Ma","gameType":"deathmatch","scoreLimit":5,"maxClients":2,"patchRateMs":16.666666666666668,"staleInputMs":500,"authoritative":true}
[battle_room] join sessionId=Q_CAAHYUR name=DevBattle team=red players=1
{"ts":"2026-03-22T02:12:27.697Z","level":"info","event":"room_join","room":"battle_room","roomId":"YgYi1I-Ma","sessionId":"Q_CAAHYUR","name":"DevBattle","players":1}
{"ts":"2026-03-22T02:12:28.888Z","level":"info","event":"battle_ready","room":"battle_room","roomId":"YgYi1I-Ma","sessionId":"Q_CAAHYUR","readyCount":0,"players":1}
{"ts":"2026-03-22T02:13:08.604Z","level":"info","event":"room_leave","room":"battle_room","roomId":"YgYi1I-Ma","sessionId":"Q_CAAHYUR","players":0}
[battle_room] leave sessionId=Q_CAAHYUR players=0
[battle_room] created roomId=NR-j5z9P8 gameType=deathmatch scoreLimit=5 maxClients=2 patchRateMs=17
{"ts":"2026-03-22T02:13:20.363Z","level":"info","event":"room_create","room":"battle_room","roomId":"NR-j5z9P8","gameType":"deathmatch","scoreLimit":5,"maxClients":2,"patchRateMs":16.666666666666668,"staleInputMs":500,"authoritative":true}
[battle_room] join sessionId=QIrNL5VEN name=DevBattle team=red players=1
{"ts":"2026-03-22T02:13:20.809Z","level":"info","event":"room_join","room":"battle_room","roomId":"NR-j5z9P8","sessionId":"QIrNL5VEN","name":"DevBattle","players":1}
{"ts":"2026-03-22T02:13:21.742Z","level":"info","event":"battle_ready","room":"battle_room","roomId":"NR-j5z9P8","sessionId":"QIrNL5VEN","readyCount":0,"players":1}
{"ts":"2026-03-22T02:13:45.035Z","level":"info","event":"room_leave","room":"battle_room","roomId":"NR-j5z9P8","sessionId":"QIrNL5VEN","players":0}
[battle_room] leave sessionId=QIrNL5VEN players=0
[battle_room] created roomId=EoiUy_Goj gameType=deathmatch scoreLimit=5 maxClients=2 patchRateMs=17
{"ts":"2026-03-22T02:13:47.867Z","level":"info","event":"room_create","room":"battle_room","roomId":"EoiUy_Goj","gameType":"deathmatch","scoreLimit":5,"maxClients":2,"patchRateMs":16.666666666666668,"staleInputMs":500,"authoritative":true}
[battle_room] join sessionId=qMKLzMyUE name=DevBattle team=red players=1
{"ts":"2026-03-22T02:13:48.436Z","level":"info","event":"room_join","room":"battle_room","roomId":"EoiUy_Goj","sessionId":"qMKLzMyUE","name":"DevBattle","players":1}
{"ts":"2026-03-22T02:13:49.538Z","level":"info","event":"battle_ready","room":"battle_room","roomId":"EoiUy_Goj","sessionId":"qMKLzMyUE","readyCount":0,"players":1}
{"ts":"2026-03-22T02:14:16.789Z","level":"info","event":"room_leave","room":"battle_room","roomId":"EoiUy_Goj","sessionId":"qMKLzMyUE","players":0}
[battle_room] leave sessionId=qMKLzMyUE players=0
[battle_room] created roomId=es_aivfe8 gameType=deathmatch scoreLimit=5 maxClients=2 patchRateMs=17
{"ts":"2026-03-22T02:14:19.458Z","level":"info","event":"room_create","room":"battle_room","roomId":"es_aivfe8","gameType":"deathmatch","scoreLimit":5,"maxClients":2,"patchRateMs":16.666666666666668,"staleInputMs":500,"authoritative":true}
[battle_room] join sessionId=dsnrTSEuU name=DevBattle team=red players=1
{"ts":"2026-03-22T02:14:19.982Z","level":"info","event":"room_join","room":"battle_room","roomId":"es_aivfe8","sessionId":"dsnrTSEuU","name":"DevBattle","players":1}
{"ts":"2026-03-22T02:14:21.040Z","level":"info","event":"battle_ready","room":"battle_room","roomId":"es_aivfe8","sessionId":"dsnrTSEuU","readyCount":0,"players":1}
{"ts":"2026-03-22T02:14:53.801Z","level":"info","event":"room_leave","room":"battle_room","roomId":"es_aivfe8","sessionId":"dsnrTSEuU","players":0}
[battle_room] leave sessionId=dsnrTSEuU players=0
{"ts":"2026-03-22T02:16:25.222Z","level":"info","event":"room_join","room":"lobby_room","roomId":"L3N8uFUUJ","sessionId":"5A4lD8qzw","players":1}
{"ts":"2026-03-22T02:16:30.679Z","level":"info","event":"room_join","room":"lobby_room","roomId":"L3N8uFUUJ","sessionId":"8IGk5zHPa","players":2}
{"ts":"2026-03-22T02:16:39.431Z","level":"info","event":"room_leave","room":"lobby_room","roomId":"L3N8uFUUJ","sessionId":"8IGk5zHPa","players":1}
{"ts":"2026-03-22T02:16:39.433Z","level":"info","event":"room_leave","room":"lobby_room","roomId":"L3N8uFUUJ","sessionId":"5A4lD8qzw","players":0}
[battle_room] created roomId=TxzYonil6 gameType=deathmatch scoreLimit=5 maxClients=12 patchRateMs=33
{"ts":"2026-03-22T02:16:42.575Z","level":"info","event":"room_create","room":"battle_room","roomId":"TxzYonil6","gameType":"deathmatch","scoreLimit":5,"maxClients":12,"patchRateMs":33.333333333333336,"staleInputMs":500,"authoritative":true}
[battle_room] join sessionId=ZHGbSJjAx name=Player_6319 team=red players=1
{"ts":"2026-03-22T02:16:43.329Z","level":"info","event":"room_join","room":"battle_room","roomId":"TxzYonil6","sessionId":"ZHGbSJjAx","name":"Player_6319","players":1}
[battle_room] join sessionId=k5I0VRUvy name=Player_2737 team=blue players=2
{"ts":"2026-03-22T02:16:46.098Z","level":"info","event":"room_join","room":"battle_room","roomId":"TxzYonil6","sessionId":"k5I0VRUvy","name":"Player_2737","players":2}
{"ts":"2026-03-22T02:16:46.154Z","level":"info","event":"battle_ready","room":"battle_room","roomId":"TxzYonil6","sessionId":"ZHGbSJjAx","readyCount":0,"players":2}
{"ts":"2026-03-22T02:16:48.813Z","level":"info","event":"battle_ready","room":"battle_room","roomId":"TxzYonil6","sessionId":"k5I0VRUvy","readyCount":1,"players":2}
{"ts":"2026-03-22T02:19:41.462Z","level":"info","event":"room_leave","room":"battle_room","roomId":"TxzYonil6","sessionId":"ZHGbSJjAx","players":1}
[battle_room] leave sessionId=ZHGbSJjAx players=1
{"ts":"2026-03-22T02:19:42.616Z","level":"info","event":"room_leave","room":"battle_room","roomId":"TxzYonil6","sessionId":"k5I0VRUvy","players":0}
[battle_room] leave sessionId=k5I0VRUvy players=0
[battle_room] created roomId=GDCYq8r0j gameType=deathmatch scoreLimit=5 maxClients=12 patchRateMs=33
{"ts":"2026-03-22T02:19:47.589Z","level":"info","event":"room_create","room":"battle_room","roomId":"GDCYq8r0j","gameType":"deathmatch","scoreLimit":5,"maxClients":12,"patchRateMs":33.333333333333336,"staleInputMs":500,"authoritative":true}
[battle_room] join sessionId=zeb6v3q10 name=Player_6319 team=red players=1
{"ts":"2026-03-22T02:19:50.721Z","level":"info","event":"room_join","room":"battle_room","roomId":"GDCYq8r0j","sessionId":"zeb6v3q10","name":"Player_6319","players":1}
[battle_room] join sessionId=3g3EU08fv name=Player_2737 team=blue players=2
{"ts":"2026-03-22T02:19:53.371Z","level":"info","event":"room_join","room":"battle_room","roomId":"GDCYq8r0j","sessionId":"3g3EU08fv","name":"Player_2737","players":2}
{"ts":"2026-03-22T02:19:53.435Z","level":"info","event":"room_leave","room":"battle_room","roomId":"GDCYq8r0j","sessionId":"zeb6v3q10","players":1}
[battle_room] leave sessionId=zeb6v3q10 players=1
{"ts":"2026-03-22T02:19:53.577Z","level":"info","event":"room_leave","room":"battle_room","roomId":"GDCYq8r0j","sessionId":"3g3EU08fv","players":0}
[battle_room] leave sessionId=3g3EU08fv players=0
[battle_room] created roomId=YrGXHOJM8 gameType=deathmatch scoreLimit=5 maxClients=12 patchRateMs=33
{"ts":"2026-03-22T02:19:55.629Z","level":"info","event":"room_create","room":"battle_room","roomId":"YrGXHOJM8","gameType":"deathmatch","scoreLimit":5,"maxClients":12,"patchRateMs":33.333333333333336,"staleInputMs":500,"authoritative":true}
[battle_room] join sessionId=1GAHzKrr2 name=Player_6319 team=red players=1
{"ts":"2026-03-22T02:19:55.856Z","level":"info","event":"room_join","room":"battle_room","roomId":"YrGXHOJM8","sessionId":"1GAHzKrr2","name":"Player_6319","players":1}
[battle_room] join sessionId=CYVC1H-Jt name=Player_2737 team=blue players=2
{"ts":"2026-03-22T02:19:58.566Z","level":"info","event":"room_join","room":"battle_room","roomId":"YrGXHOJM8","sessionId":"CYVC1H-Jt","name":"Player_2737","players":2}
{"ts":"2026-03-22T02:19:58.596Z","level":"info","event":"battle_ready","room":"battle_room","roomId":"YrGXHOJM8","sessionId":"1GAHzKrr2","readyCount":0,"players":2}
{"ts":"2026-03-22T02:20:02.298Z","level":"info","event":"battle_ready","room":"battle_room","roomId":"YrGXHOJM8","sessionId":"CYVC1H-Jt","readyCount":1,"players":2}
{"ts":"2026-03-22T02:20:19.869Z","level":"warn","event":"rate_limited","sessionId":"CYVC1H-Jt","messageType":"fireWeapon","violations":1}
{"ts":"2026-03-22T02:20:20.058Z","level":"warn","event":"rate_limited","sessionId":"CYVC1H-Jt","messageType":"fireWeapon","violations":2}
{"ts":"2026-03-22T02:20:22.023Z","level":"warn","event":"rate_limited","sessionId":"CYVC1H-Jt","messageType":"fireWeapon","violations":3}
{"ts":"2026-03-22T02:20:22.148Z","level":"warn","event":"rate_limited","sessionId":"CYVC1H-Jt","messageType":"fireWeapon","violations":4}
{"ts":"2026-03-22T02:20:22.212Z","level":"warn","event":"rate_limited","sessionId":"CYVC1H-Jt","messageType":"fireWeapon","violations":5}
[battle_room] created roomId=NpP-BzTRH gameType=deathmatch scoreLimit=5 maxClients=2 patchRateMs=17
{"ts":"2026-03-22T02:20:48.790Z","level":"info","event":"room_create","room":"battle_room","roomId":"NpP-BzTRH","gameType":"deathmatch","scoreLimit":5,"maxClients":2,"patchRateMs":16.666666666666668,"staleInputMs":500,"authoritative":true}
[battle_room] join sessionId=tSnaVqd8r name=DevBattle team=red players=1
{"ts":"2026-03-22T02:20:49.375Z","level":"info","event":"room_join","room":"battle_room","roomId":"NpP-BzTRH","sessionId":"tSnaVqd8r","name":"DevBattle","players":1}
{"ts":"2026-03-22T02:20:50.562Z","level":"info","event":"battle_ready","room":"battle_room","roomId":"NpP-BzTRH","sessionId":"tSnaVqd8r","readyCount":0,"players":1}
Restarting 'src/index.js'
{"ts":"2026-03-22T02:20:57.080Z","level":"info","event":"server_start","port":2567,"env":"development"}

       ___      _
      / __\___ | |_   _ ___  ___ _   _ ___
     / /  / _ \| | | | / __|/ _ \ | | / __|
    / /__| (_) | | |_| \__ \  __/ |_| \__ \
    \____/\___/|_|\__, |___/\___|\__,_|___/
                  |___/

     · Multiplayer Framework for Node.js ·

💖 Consider becoming a Sponsor on GitHub → https://github.com/sponsors/endel
🌟 Give us a star on GitHub → https://github.com/colyseus/colyseus
☁️  Deploy and scale your project on Colyseus Cloud → https://cloud.colyseus.io


[battle_room] created roomId=kMmtoIuix gameType=deathmatch scoreLimit=5 maxClients=12 patchRateMs=33
{"ts":"2026-03-22T02:26:01.479Z","level":"info","event":"room_create","room":"battle_room","roomId":"kMmtoIuix","gameType":"deathmatch","scoreLimit":5,"maxClients":12,"patchRateMs":33.333333333333336,"staleInputMs":500,"authoritative":true}
[battle_room] join sessionId=8qj1MRmdv name=Player_2737 team=red players=1
{"ts":"2026-03-22T02:26:01.694Z","level":"info","event":"room_join","room":"battle_room","roomId":"kMmtoIuix","sessionId":"8qj1MRmdv","name":"Player_2737","players":1}
{"ts":"2026-03-22T02:26:04.139Z","level":"info","event":"battle_ready","room":"battle_room","roomId":"kMmtoIuix","sessionId":"8qj1MRmdv","readyCount":0,"players":1}
[battle_room] join sessionId=d33x2lmV4 name=Player_6319 team=blue players=2
{"ts":"2026-03-22T02:26:05.325Z","level":"info","event":"room_join","room":"battle_room","roomId":"kMmtoIuix","sessionId":"d33x2lmV4","name":"Player_6319","players":2}
{"ts":"2026-03-22T02:26:07.930Z","level":"info","event":"battle_ready","room":"battle_room","roomId":"kMmtoIuix","sessionId":"d33x2lmV4","readyCount":1,"players":2}
{"ts":"2026-03-22T02:26:39.711Z","level":"warn","event":"rate_limited","sessionId":"8qj1MRmdv","messageType":"fireWeapon","violations":1}
{"ts":"2026-03-22T02:27:33.101Z","level":"warn","event":"rate_limited","sessionId":"8qj1MRmdv","messageType":"fireWeapon","violations":2}
{"ts":"2026-03-22T02:28:29.200Z","level":"info","event":"room_leave","room":"battle_room","roomId":"kMmtoIuix","sessionId":"8qj1MRmdv","players":1}
[battle_room] leave sessionId=8qj1MRmdv players=1
{"ts":"2026-03-22T02:28:29.952Z","level":"info","event":"room_leave","room":"battle_room","roomId":"kMmtoIuix","sessionId":"d33x2lmV4","players":0}
[battle_room] leave sessionId=d33x2lmV4 players=0
[battle_room] created roomId=Fv_dT4L7_ gameType=deathmatch scoreLimit=5 maxClients=12 patchRateMs=33
{"ts":"2026-03-22T02:29:25.809Z","level":"info","event":"room_create","room":"battle_room","roomId":"Fv_dT4L7_","gameType":"deathmatch","scoreLimit":5,"maxClients":12,"patchRateMs":33.333333333333336,"staleInputMs":500,"authoritative":true}
[battle_room] join sessionId=Weiti9kdF name=Player_2737 team=red players=1
{"ts":"2026-03-22T02:29:26.074Z","level":"info","event":"room_join","room":"battle_room","roomId":"Fv_dT4L7_","sessionId":"Weiti9kdF","name":"Player_2737","players":1}
[battle_room] join sessionId=ZwqtAfvzS name=Player_6319 team=blue players=2
{"ts":"2026-03-22T02:29:30.964Z","level":"info","event":"room_join","room":"battle_room","roomId":"Fv_dT4L7_","sessionId":"ZwqtAfvzS","name":"Player_6319","players":2}
{"ts":"2026-03-22T02:29:31.007Z","level":"info","event":"battle_ready","room":"battle_room","roomId":"Fv_dT4L7_","sessionId":"Weiti9kdF","readyCount":0,"players":2}
{"ts":"2026-03-22T02:29:31.137Z","level":"info","event":"battle_ready","room":"battle_room","roomId":"Fv_dT4L7_","sessionId":"ZwqtAfvzS","readyCount":1,"players":2}
{"ts":"2026-03-22T02:30:09.001Z","level":"info","event":"room_leave","room":"battle_room","roomId":"Fv_dT4L7_","sessionId":"Weiti9kdF","players":1}
[battle_room] leave sessionId=Weiti9kdF players=1
{"ts":"2026-03-22T02:30:09.126Z","level":"info","event":"room_leave","room":"battle_room","roomId":"Fv_dT4L7_","sessionId":"ZwqtAfvzS","players":0}
[battle_room] leave sessionId=ZwqtAfvzS players=0
[battle_room] created roomId=tj_-TG5RU gameType=deathmatch scoreLimit=5 maxClients=12 patchRateMs=33
{"ts":"2026-03-22T02:30:10.866Z","level":"info","event":"room_create","room":"battle_room","roomId":"tj_-TG5RU","gameType":"deathmatch","scoreLimit":5,"maxClients":12,"patchRateMs":33.333333333333336,"staleInputMs":500,"authoritative":true}
[battle_room] join sessionId=iu0RnAruK name=Player_2737 team=red players=1
{"ts":"2026-03-22T02:30:13.299Z","level":"info","event":"room_join","room":"battle_room","roomId":"tj_-TG5RU","sessionId":"iu0RnAruK","name":"Player_2737","players":1}
[battle_room] join sessionId=4di3ijAY1 name=Player_6319 team=blue players=2
{"ts":"2026-03-22T02:30:15.637Z","level":"info","event":"room_join","room":"battle_room","roomId":"tj_-TG5RU","sessionId":"4di3ijAY1","name":"Player_6319","players":2}
{"ts":"2026-03-22T02:30:15.730Z","level":"info","event":"battle_ready","room":"battle_room","roomId":"tj_-TG5RU","sessionId":"iu0RnAruK","readyCount":0,"players":2}
{"ts":"2026-03-22T02:30:15.752Z","level":"info","event":"room_leave","room":"battle_room","roomId":"tj_-TG5RU","sessionId":"4di3ijAY1","players":1}
[battle_room] leave sessionId=4di3ijAY1 players=1
{"ts":"2026-03-22T02:30:15.784Z","level":"info","event":"room_leave","room":"battle_room","roomId":"tj_-TG5RU","sessionId":"iu0RnAruK","players":0}
[battle_room] leave sessionId=iu0RnAruK players=0
[battle_room] created roomId=GIud6PfI8 gameType=deathmatch scoreLimit=5 maxClients=12 patchRateMs=33
{"ts":"2026-03-22T02:30:17.211Z","level":"info","event":"room_create","room":"battle_room","roomId":"GIud6PfI8","gameType":"deathmatch","scoreLimit":5,"maxClients":12,"patchRateMs":33.333333333333336,"staleInputMs":500,"authoritative":true}
[battle_room] join sessionId=Y5yP-nKvP name=Player_6319 team=red players=1
{"ts":"2026-03-22T02:30:22.162Z","level":"info","event":"room_join","room":"battle_room","roomId":"GIud6PfI8","sessionId":"Y5yP-nKvP","name":"Player_6319","players":1}
[battle_room] join sessionId=EtrwlPQxe name=Player_2737 team=blue players=2
{"ts":"2026-03-22T02:30:22.181Z","level":"info","event":"room_join","room":"battle_room","roomId":"GIud6PfI8","sessionId":"EtrwlPQxe","name":"Player_2737","players":2}
{"ts":"2026-03-22T02:30:22.235Z","level":"info","event":"battle_ready","room":"battle_room","roomId":"GIud6PfI8","sessionId":"Y5yP-nKvP","readyCount":0,"players":2}
{"ts":"2026-03-22T02:30:22.242Z","level":"info","event":"battle_ready","room":"battle_room","roomId":"GIud6PfI8","sessionId":"EtrwlPQxe","readyCount":1,"players":2}
{"ts":"2026-03-22T02:30:22.509Z","level":"info","event":"room_leave","room":"battle_room","roomId":"GIud6PfI8","sessionId":"EtrwlPQxe","players":1}
[battle_room] leave sessionId=EtrwlPQxe players=1
{"ts":"2026-03-22T02:30:22.610Z","level":"info","event":"room_leave","room":"battle_room","roomId":"GIud6PfI8","sessionId":"Y5yP-nKvP","players":0}
[battle_room] leave sessionId=Y5yP-nKvP players=0
[battle_room] created roomId=aNVd3cypu gameType=deathmatch scoreLimit=5 maxClients=12 patchRateMs=33
{"ts":"2026-03-22T02:30:23.695Z","level":"info","event":"room_create","room":"battle_room","roomId":"aNVd3cypu","gameType":"deathmatch","scoreLimit":5,"maxClients":12,"patchRateMs":33.333333333333336,"staleInputMs":500,"authoritative":true}
[battle_room] join sessionId=BOVf9foGj name=Player_2737 team=red players=1
{"ts":"2026-03-22T02:30:24.031Z","level":"info","event":"room_join","room":"battle_room","roomId":"aNVd3cypu","sessionId":"BOVf9foGj","name":"Player_2737","players":1}
[battle_room] join sessionId=xHDbjrZp5 name=Player_6319 team=blue players=2
{"ts":"2026-03-22T02:30:28.546Z","level":"info","event":"room_join","room":"battle_room","roomId":"aNVd3cypu","sessionId":"xHDbjrZp5","name":"Player_6319","players":2}
{"ts":"2026-03-22T02:30:28.621Z","level":"info","event":"battle_ready","room":"battle_room","roomId":"aNVd3cypu","sessionId":"BOVf9foGj","readyCount":0,"players":2}
{"ts":"2026-03-22T02:30:28.712Z","level":"info","event":"battle_ready","room":"battle_room","roomId":"aNVd3cypu","sessionId":"xHDbjrZp5","readyCount":1,"players":2}
{"ts":"2026-03-22T02:30:28.810Z","level":"info","event":"room_leave","room":"battle_room","roomId":"aNVd3cypu","sessionId":"BOVf9foGj","players":1}
[battle_room] leave sessionId=BOVf9foGj players=1
{"ts":"2026-03-22T02:30:28.857Z","level":"info","event":"room_leave","room":"battle_room","roomId":"aNVd3cypu","sessionId":"xHDbjrZp5","players":0}
[battle_room] leave sessionId=xHDbjrZp5 players=0
[battle_room] created roomId=tt1Zr3Vm7 gameType=deathmatch scoreLimit=5 maxClients=12 patchRateMs=33
{"ts":"2026-03-22T02:30:30.416Z","level":"info","event":"room_create","room":"battle_room","roomId":"tt1Zr3Vm7","gameType":"deathmatch","scoreLimit":5,"maxClients":12,"patchRateMs":33.333333333333336,"staleInputMs":500,"authoritative":true}
[battle_room] join sessionId=RWqJTp2JF name=Player_2737 team=red players=1
{"ts":"2026-03-22T02:30:33.310Z","level":"info","event":"room_join","room":"battle_room","roomId":"tt1Zr3Vm7","sessionId":"RWqJTp2JF","name":"Player_2737","players":1}
[battle_room] join sessionId=YpywHAjeY name=Player_6319 team=blue players=2
{"ts":"2026-03-22T02:30:33.332Z","level":"info","event":"room_join","room":"battle_room","roomId":"tt1Zr3Vm7","sessionId":"YpywHAjeY","name":"Player_6319","players":2}
{"ts":"2026-03-22T02:30:35.695Z","level":"info","event":"battle_ready","room":"battle_room","roomId":"tt1Zr3Vm7","sessionId":"RWqJTp2JF","readyCount":0,"players":2}
{"ts":"2026-03-22T02:30:35.702Z","level":"info","event":"battle_ready","room":"battle_room","roomId":"tt1Zr3Vm7","sessionId":"YpywHAjeY","readyCount":1,"players":2}
{"ts":"2026-03-22T02:30:35.838Z","level":"info","event":"room_leave","room":"battle_room","roomId":"tt1Zr3Vm7","sessionId":"YpywHAjeY","players":1}
[battle_room] leave sessionId=YpywHAjeY players=1
{"ts":"2026-03-22T02:30:35.907Z","level":"info","event":"room_leave","room":"battle_room","roomId":"tt1Zr3Vm7","sessionId":"RWqJTp2JF","players":0}
[battle_room] leave sessionId=RWqJTp2JF players=0
[battle_room] created roomId=lnEBBQtai gameType=deathmatch scoreLimit=5 maxClients=12 patchRateMs=33
{"ts":"2026-03-22T02:30:36.985Z","level":"info","event":"room_create","room":"battle_room","roomId":"lnEBBQtai","gameType":"deathmatch","scoreLimit":5,"maxClients":12,"patchRateMs":33.333333333333336,"staleInputMs":500,"authoritative":true}
[battle_room] join sessionId=9GmLUeBXi name=Player_6319 team=red players=1
{"ts":"2026-03-22T02:30:37.307Z","level":"info","event":"room_join","room":"battle_room","roomId":"lnEBBQtai","sessionId":"9GmLUeBXi","name":"Player_6319","players":1}
[battle_room] join sessionId=uPV2daGxp name=Player_2737 team=blue players=2
{"ts":"2026-03-22T02:30:42.117Z","level":"info","event":"room_join","room":"battle_room","roomId":"lnEBBQtai","sessionId":"uPV2daGxp","name":"Player_2737","players":2}
{"ts":"2026-03-22T02:30:42.152Z","level":"info","event":"battle_ready","room":"battle_room","roomId":"lnEBBQtai","sessionId":"9GmLUeBXi","readyCount":0,"players":2}
{"ts":"2026-03-22T02:30:42.308Z","level":"info","event":"battle_ready","room":"battle_room","roomId":"lnEBBQtai","sessionId":"uPV2daGxp","readyCount":1,"players":2}
{"ts":"2026-03-22T02:30:43.252Z","level":"info","event":"room_leave","room":"battle_room","roomId":"lnEBBQtai","sessionId":"9GmLUeBXi","players":1}
[battle_room] leave sessionId=9GmLUeBXi players=1
{"ts":"2026-03-22T02:30:43.310Z","level":"info","event":"room_leave","room":"battle_room","roomId":"lnEBBQtai","sessionId":"uPV2daGxp","players":0}
[battle_room] leave sessionId=uPV2daGxp players=0
[battle_room] created roomId=wU1QN790l gameType=deathmatch scoreLimit=5 maxClients=12 patchRateMs=33
{"ts":"2026-03-22T02:30:44.470Z","level":"info","event":"room_create","room":"battle_room","roomId":"wU1QN790l","gameType":"deathmatch","scoreLimit":5,"maxClients":12,"patchRateMs":33.333333333333336,"staleInputMs":500,"authoritative":true}
[battle_room] join sessionId=FkHLv0mcz name=Player_6319 team=red players=1
{"ts":"2026-03-22T02:30:44.885Z","level":"info","event":"room_join","room":"battle_room","roomId":"wU1QN790l","sessionId":"FkHLv0mcz","name":"Player_6319","players":1}
[battle_room] join sessionId=KiwMDZq7X name=Player_2737 team=blue players=2
{"ts":"2026-03-22T02:30:44.896Z","level":"info","event":"room_join","room":"battle_room","roomId":"wU1QN790l","sessionId":"KiwMDZq7X","name":"Player_2737","players":2}
{"ts":"2026-03-22T02:30:50.134Z","level":"info","event":"battle_ready","room":"battle_room","roomId":"wU1QN790l","sessionId":"FkHLv0mcz","readyCount":0,"players":2}
{"ts":"2026-03-22T02:30:50.142Z","level":"info","event":"battle_ready","room":"battle_room","roomId":"wU1QN790l","sessionId":"KiwMDZq7X","readyCount":1,"players":2}
{"ts":"2026-03-22T02:31:31.684Z","level":"warn","event":"rate_limited","sessionId":"KiwMDZq7X","messageType":"fireWeapon","violations":1}
{"ts":"2026-03-22T02:31:31.937Z","level":"warn","event":"rate_limited","sessionId":"KiwMDZq7X","messageType":"fireWeapon","violations":2}
{"ts":"2026-03-22T02:32:01.989Z","level":"warn","event":"rate_limited","sessionId":"KiwMDZq7X","messageType":"fireWeapon","violations":3}
{"ts":"2026-03-22T02:32:02.156Z","level":"warn","event":"rate_limited","sessionId":"KiwMDZq7X","messageType":"fireWeapon","violations":4}
{"ts":"2026-03-22T02:32:02.373Z","level":"warn","event":"rate_limited","sessionId":"KiwMDZq7X","messageType":"fireWeapon","violations":5}
{"ts":"2026-03-22T02:34:22.093Z","level":"info","event":"room_leave","room":"battle_room","roomId":"wU1QN790l","sessionId":"FkHLv0mcz","players":1}
[battle_room] leave sessionId=FkHLv0mcz players=1
{"ts":"2026-03-22T02:34:23.822Z","level":"info","event":"room_leave","room":"battle_room","roomId":"wU1QN790l","sessionId":"KiwMDZq7X","players":0}
[battle_room] leave sessionId=KiwMDZq7X players=0
[battle_room] created roomId=Hc1t3FOwy gameType=deathmatch scoreLimit=5 maxClients=12 patchRateMs=33
{"ts":"2026-03-22T02:34:28.750Z","level":"info","event":"room_create","room":"battle_room","roomId":"Hc1t3FOwy","gameType":"deathmatch","scoreLimit":5,"maxClients":12,"patchRateMs":33.333333333333336,"staleInputMs":500,"authoritative":true}
[battle_room] join sessionId=htFzDdy_r name=Player_6319 team=red players=1
{"ts":"2026-03-22T02:34:39.603Z","level":"info","event":"room_join","room":"battle_room","roomId":"Hc1t3FOwy","sessionId":"htFzDdy_r","name":"Player_6319","players":1}
[battle_room] join sessionId=_4amyD5ph name=Player_2737 team=blue players=2
{"ts":"2026-03-22T02:34:39.623Z","level":"info","event":"room_join","room":"battle_room","roomId":"Hc1t3FOwy","sessionId":"_4amyD5ph","name":"Player_2737","players":2}
{"ts":"2026-03-22T02:34:39.816Z","level":"info","event":"battle_ready","room":"battle_room","roomId":"Hc1t3FOwy","sessionId":"htFzDdy_r","readyCount":0,"players":2}
{"ts":"2026-03-22T02:34:39.836Z","level":"info","event":"battle_ready","room":"battle_room","roomId":"Hc1t3FOwy","sessionId":"_4amyD5ph","readyCount":1,"players":2}
{"ts":"2026-03-22T02:35:16.398Z","level":"warn","event":"rate_limited","sessionId":"_4amyD5ph","messageType":"fireWeapon","violations":1}
{"ts":"2026-03-22T02:35:16.726Z","level":"warn","event":"rate_limited","sessionId":"_4amyD5ph","messageType":"fireWeapon","violations":2}
{"ts":"2026-03-22T02:35:16.782Z","level":"warn","event":"rate_limited","sessionId":"_4amyD5ph","messageType":"fireWeapon","violations":3}
{"ts":"2026-03-22T02:35:19.173Z","level":"warn","event":"rate_limited","sessionId":"_4amyD5ph","messageType":"fireWeapon","violations":4}
{"ts":"2026-03-22T02:35:19.291Z","level":"warn","event":"rate_limited","sessionId":"_4amyD5ph","messageType":"fireWeapon","violations":5}
Restarting 'src/index.js'
{"ts":"2026-03-22T02:36:45.977Z","level":"info","event":"server_start","port":2567,"env":"development"}

       ___      _
      / __\___ | |_   _ ___  ___ _   _ ___
     / /  / _ \| | | | / __|/ _ \ | | / __|
    / /__| (_) | | |_| \__ \  __/ |_| \__ \
    \____/\___/|_|\__, |___/\___|\__,_|___/
                  |___/

     · Multiplayer Framework for Node.js ·

💖 Consider becoming a Sponsor on GitHub → https://github.com/sponsors/endel
🌟 Give us a star on GitHub → https://github.com/colyseus/colyseus
☁️  Deploy and scale your project on Colyseus Cloud → https://cloud.colyseus.io


Restarting 'src/index.js'
{"ts":"2026-03-22T02:36:46.687Z","level":"info","event":"server_start","port":2567,"env":"development"}

       ___      _
      / __\___ | |_   _ ___  ___ _   _ ___
     / /  / _ \| | | | / __|/ _ \ | | / __|
    / /__| (_) | | |_| \__ \  __/ |_| \__ \
    \____/\___/|_|\__, |___/\___|\__,_|___/
                  |___/

     · Multiplayer Framework for Node.js ·

💖 Consider becoming a Sponsor on GitHub → https://github.com/sponsors/endel
🌟 Give us a star on GitHub → https://github.com/colyseus/colyseus
☁️  Deploy and scale your project on Colyseus Cloud → https://cloud.colyseus.io


Restarting 'src/index.js'
{"ts":"2026-03-22T02:37:51.387Z","level":"info","event":"server_start","port":2567,"env":"development"}

       ___      _
      / __\___ | |_   _ ___  ___ _   _ ___
     / /  / _ \| | | | / __|/ _ \ | | / __|
    / /__| (_) | | |_| \__ \  __/ |_| \__ \
    \____/\___/|_|\__, |___/\___|\__,_|___/
                  |___/

     · Multiplayer Framework for Node.js ·

💖 Consider becoming a Sponsor on GitHub → https://github.com/sponsors/endel
🌟 Give us a star on GitHub → https://github.com/colyseus/colyseus
☁️  Deploy and scale your project on Colyseus Cloud → https://cloud.colyseus.io


Restarting 'src/index.js'
{"ts":"2026-03-22T02:37:55.442Z","level":"info","event":"server_start","port":2567,"env":"development"}

       ___      _
      / __\___ | |_   _ ___  ___ _   _ ___
     / /  / _ \| | | | / __|/ _ \ | | / __|
    / /__| (_) | | |_| \__ \  __/ |_| \__ \
    \____/\___/|_|\__, |___/\___|\__,_|___/
                  |___/

     · Multiplayer Framework for Node.js ·

💖 Consider becoming a Sponsor on GitHub → https://github.com/sponsors/endel
🌟 Give us a star on GitHub → https://github.com/colyseus/colyseus
☁️  Deploy and scale your project on Colyseus Cloud → https://cloud.colyseus.io


Restarting 'src/index.js'
{"ts":"2026-03-22T02:37:58.877Z","level":"info","event":"server_start","port":2567,"env":"development"}

       ___      _
      / __\___ | |_   _ ___  ___ _   _ ___
     / /  / _ \| | | | / __|/ _ \ | | / __|
    / /__| (_) | | |_| \__ \  __/ |_| \__ \
    \____/\___/|_|\__, |___/\___|\__,_|___/
                  |___/

     · Multiplayer Framework for Node.js ·

💖 Consider becoming a Sponsor on GitHub → https://github.com/sponsors/endel
🌟 Give us a star on GitHub → https://github.com/colyseus/colyseus
☁️  Deploy and scale your project on Colyseus Cloud → https://cloud.colyseus.io


Restarting 'src/index.js'
{"ts":"2026-03-22T02:38:52.578Z","level":"info","event":"server_start","port":2567,"env":"development"}

       ___      _
      / __\___ | |_   _ ___  ___ _   _ ___
     / /  / _ \| | | | / __|/ _ \ | | / __|
    / /__| (_) | | |_| \__ \  __/ |_| \__ \
    \____/\___/|_|\__, |___/\___|\__,_|___/
                  |___/

     · Multiplayer Framework for Node.js ·

💖 Consider becoming a Sponsor on GitHub → https://github.com/sponsors/endel
🌟 Give us a star on GitHub → https://github.com/colyseus/colyseus
☁️  Deploy and scale your project on Colyseus Cloud → https://cloud.colyseus.io


[battle_room] created roomId=0zMZV8DXS gameType=deathmatch scoreLimit=5 maxClients=12 patchRateMs=33
{"ts":"2026-03-22T02:38:54.747Z","level":"info","event":"room_create","room":"battle_room","roomId":"0zMZV8DXS","gameType":"deathmatch","scoreLimit":5,"maxClients":12,"patchRateMs":33.333333333333336,"staleInputMs":500,"authoritative":true}
[battle_room] join sessionId=MEJL1bFj4 name=Player_6319 team=red players=1
{"ts":"2026-03-22T02:38:54.783Z","level":"info","event":"room_join","room":"battle_room","roomId":"0zMZV8DXS","sessionId":"MEJL1bFj4","name":"Player_6319","players":1}
{"ts":"2026-03-22T02:38:54.846Z","level":"info","event":"battle_ready","room":"battle_room","roomId":"0zMZV8DXS","sessionId":"MEJL1bFj4","readyCount":0,"players":1}
{"ts":"2026-03-22T02:38:57.012Z","level":"info","event":"room_leave","room":"battle_room","roomId":"0zMZV8DXS","sessionId":"MEJL1bFj4","players":0}
[battle_room] leave sessionId=MEJL1bFj4 players=0
[battle_room] created roomId=whR9i5BjY gameType=deathmatch scoreLimit=5 maxClients=12 patchRateMs=33
{"ts":"2026-03-22T02:39:00.207Z","level":"info","event":"room_create","room":"battle_room","roomId":"whR9i5BjY","gameType":"deathmatch","scoreLimit":5,"maxClients":12,"patchRateMs":33.333333333333336,"staleInputMs":500,"authoritative":true}
[battle_room] join sessionId=df9iJXmQD name=Player_6319 team=red players=1
{"ts":"2026-03-22T02:39:06.469Z","level":"info","event":"room_join","room":"battle_room","roomId":"whR9i5BjY","sessionId":"df9iJXmQD","name":"Player_6319","players":1}
[battle_room] join sessionId=zkIqp5ztE name=Player_2737 team=blue players=2
{"ts":"2026-03-22T02:39:06.489Z","level":"info","event":"room_join","room":"battle_room","roomId":"whR9i5BjY","sessionId":"zkIqp5ztE","name":"Player_2737","players":2}
{"ts":"2026-03-22T02:39:06.559Z","level":"info","event":"battle_ready","room":"battle_room","roomId":"whR9i5BjY","sessionId":"df9iJXmQD","readyCount":0,"players":2}
{"ts":"2026-03-22T02:39:06.577Z","level":"info","event":"battle_ready","room":"battle_room","roomId":"whR9i5BjY","sessionId":"zkIqp5ztE","readyCount":1,"players":2}
{"ts":"2026-03-22T02:44:11.400Z","level":"info","event":"room_leave","room":"battle_room","roomId":"whR9i5BjY","sessionId":"df9iJXmQD","players":1}
[battle_room] leave sessionId=df9iJXmQD players=1
{"ts":"2026-03-22T02:44:11.404Z","level":"info","event":"room_leave","room":"battle_room","roomId":"whR9i5BjY","sessionId":"zkIqp5ztE","players":0}
[battle_room] leave sessionId=zkIqp5ztE players=0
[battle_room] created roomId=dQOuDAOub gameType=deathmatch scoreLimit=5 maxClients=12 patchRateMs=33
{"ts":"2026-03-22T02:44:15.863Z","level":"info","event":"room_create","room":"battle_room","roomId":"dQOuDAOub","gameType":"deathmatch","scoreLimit":5,"maxClients":12,"patchRateMs":33.333333333333336,"staleInputMs":500,"authoritative":true}
[battle_room] join sessionId=7QOthXt4W name=Player_2737 team=red players=1
{"ts":"2026-03-22T02:44:18.304Z","level":"info","event":"room_join","room":"battle_room","roomId":"dQOuDAOub","sessionId":"7QOthXt4W","name":"Player_2737","players":1}
{"ts":"2026-03-22T02:44:18.376Z","level":"info","event":"battle_ready","room":"battle_room","roomId":"dQOuDAOub","sessionId":"7QOthXt4W","readyCount":0,"players":1}
[battle_room] join sessionId=IXYgdnSV1 name=Player_6319 team=blue players=2
{"ts":"2026-03-22T02:44:22.477Z","level":"info","event":"room_join","room":"battle_room","roomId":"dQOuDAOub","sessionId":"IXYgdnSV1","name":"Player_6319","players":2}
{"ts":"2026-03-22T02:44:22.756Z","level":"info","event":"battle_ready","room":"battle_room","roomId":"dQOuDAOub","sessionId":"IXYgdnSV1","readyCount":1,"players":2}
{"ts":"2026-03-22T02:45:29.474Z","level":"info","event":"room_leave","room":"battle_room","roomId":"dQOuDAOub","sessionId":"7QOthXt4W","players":1}
[battle_room] leave sessionId=7QOthXt4W players=1
{"ts":"2026-03-22T02:45:29.898Z","level":"info","event":"room_leave","room":"battle_room","roomId":"dQOuDAOub","sessionId":"IXYgdnSV1","players":0}
[battle_room] leave sessionId=IXYgdnSV1 players=0
[battle_room] created roomId=bY2hal8dH gameType=deathmatch scoreLimit=5 maxClients=12 patchRateMs=33
{"ts":"2026-03-22T02:45:32.263Z","level":"info","event":"room_create","room":"battle_room","roomId":"bY2hal8dH","gameType":"deathmatch","scoreLimit":5,"maxClients":12,"patchRateMs":33.333333333333336,"staleInputMs":500,"authoritative":true}
Restarting 'src/index.js'
{"ts":"2026-03-22T02:45:34.767Z","level":"info","event":"server_start","port":2567,"env":"development"}

       ___      _
      / __\___ | |_   _ ___  ___ _   _ ___
     / /  / _ \| | | | / __|/ _ \ | | / __|
    / /__| (_) | | |_| \__ \  __/ |_| \__ \
    \____/\___/|_|\__, |___/\___|\__,_|___/
                  |___/

     · Multiplayer Framework for Node.js ·

💖 Consider becoming a Sponsor on GitHub → https://github.com/sponsors/endel
🌟 Give us a star on GitHub → https://github.com/colyseus/colyseus
☁️  Deploy and scale your project on Colyseus Cloud → https://cloud.colyseus.io


[battle_room] created roomId=HPXQCQ_Io gameType=deathmatch scoreLimit=5 maxClients=12 patchRateMs=33
{"ts":"2026-03-22T02:45:37.237Z","level":"info","event":"room_create","room":"battle_room","roomId":"HPXQCQ_Io","gameType":"deathmatch","scoreLimit":5,"maxClients":12,"patchRateMs":33.333333333333336,"staleInputMs":500,"authoritative":true}
[battle_room] join sessionId=D-T28Gj0k name=Player_6319 team=red players=1
{"ts":"2026-03-22T02:45:41.808Z","level":"info","event":"room_join","room":"battle_room","roomId":"HPXQCQ_Io","sessionId":"D-T28Gj0k","name":"Player_6319","players":1}
{"ts":"2026-03-22T02:45:41.985Z","level":"info","event":"battle_ready","room":"battle_room","roomId":"HPXQCQ_Io","sessionId":"D-T28Gj0k","readyCount":0,"players":1}
{"ts":"2026-03-22T02:45:42.059Z","level":"info","event":"room_leave","room":"battle_room","roomId":"HPXQCQ_Io","sessionId":"D-T28Gj0k","players":0}
[battle_room] leave sessionId=D-T28Gj0k players=0
[battle_room] created roomId=koGAMA4lU gameType=deathmatch scoreLimit=5 maxClients=12 patchRateMs=33
{"ts":"2026-03-22T02:45:43.972Z","level":"info","event":"room_create","room":"battle_room","roomId":"koGAMA4lU","gameType":"deathmatch","scoreLimit":5,"maxClients":12,"patchRateMs":33.333333333333336,"staleInputMs":500,"authoritative":true}
[battle_room] join sessionId=7Hi8-Op2C name=Player_2737 team=red players=1
{"ts":"2026-03-22T02:45:44.252Z","level":"info","event":"room_join","room":"battle_room","roomId":"koGAMA4lU","sessionId":"7Hi8-Op2C","name":"Player_2737","players":1}
{"ts":"2026-03-22T02:45:52.922Z","level":"info","event":"room_leave","room":"battle_room","roomId":"koGAMA4lU","sessionId":"7Hi8-Op2C","players":0}
[battle_room] leave sessionId=7Hi8-Op2C players=0
[battle_room] join sessionId=Ctb08eZQp name=Player_6319 team=red players=1
{"ts":"2026-03-22T02:45:54.781Z","level":"info","event":"room_join","room":"battle_room","roomId":"koGAMA4lU","sessionId":"Ctb08eZQp","name":"Player_6319","players":1}
{"ts":"2026-03-22T02:45:55.003Z","level":"info","event":"battle_ready","room":"battle_room","roomId":"koGAMA4lU","sessionId":"Ctb08eZQp","readyCount":0,"players":1}
[battle_room] join sessionId=1fOARm0xK name=Player_2737 team=blue players=2
{"ts":"2026-03-22T02:46:22.498Z","level":"info","event":"room_join","room":"battle_room","roomId":"koGAMA4lU","sessionId":"1fOARm0xK","name":"Player_2737","players":2}
{"ts":"2026-03-22T02:46:24.639Z","level":"info","event":"room_leave","room":"battle_room","roomId":"koGAMA4lU","sessionId":"Ctb08eZQp","players":1}
[battle_room] leave sessionId=Ctb08eZQp players=1
{"ts":"2026-03-22T02:46:24.729Z","level":"info","event":"battle_ready","room":"battle_room","roomId":"koGAMA4lU","sessionId":"1fOARm0xK","readyCount":0,"players":1}
[battle_room] join sessionId=2SzcNKPHf name=Player_6319 team=blue players=2
{"ts":"2026-03-22T02:46:26.475Z","level":"info","event":"room_join","room":"battle_room","roomId":"koGAMA4lU","sessionId":"2SzcNKPHf","name":"Player_6319","players":2}
{"ts":"2026-03-22T02:46:28.752Z","level":"info","event":"battle_ready","room":"battle_room","roomId":"koGAMA4lU","sessionId":"2SzcNKPHf","readyCount":1,"players":2}
{"ts":"2026-03-22T02:48:16.115Z","level":"info","event":"room_leave","room":"battle_room","roomId":"koGAMA4lU","sessionId":"1fOARm0xK","players":1}
[battle_room] leave sessionId=1fOARm0xK players=1
{"ts":"2026-03-22T02:48:16.605Z","level":"info","event":"room_leave","room":"battle_room","roomId":"koGAMA4lU","sessionId":"2SzcNKPHf","players":0}
[battle_room] leave sessionId=2SzcNKPHf players=0
[battle_room] created roomId=Q5AxoHkOF gameType=deathmatch scoreLimit=5 maxClients=12 patchRateMs=33
{"ts":"2026-03-22T02:48:18.431Z","level":"info","event":"room_create","room":"battle_room","roomId":"Q5AxoHkOF","gameType":"deathmatch","scoreLimit":5,"maxClients":12,"patchRateMs":33.333333333333336,"staleInputMs":500,"authoritative":true}
[battle_room] join sessionId=6Mxtyigtv name=Player_6319 team=red players=1
{"ts":"2026-03-22T02:48:18.827Z","level":"info","event":"room_join","room":"battle_room","roomId":"Q5AxoHkOF","sessionId":"6Mxtyigtv","name":"Player_6319","players":1}
[battle_room] join sessionId=Mv89BzhRQ name=Player_2737 team=blue players=2
{"ts":"2026-03-22T02:48:23.475Z","level":"info","event":"room_join","room":"battle_room","roomId":"Q5AxoHkOF","sessionId":"Mv89BzhRQ","name":"Player_2737","players":2}
{"ts":"2026-03-22T02:48:23.568Z","level":"info","event":"battle_ready","room":"battle_room","roomId":"Q5AxoHkOF","sessionId":"6Mxtyigtv","readyCount":0,"players":2}
{"ts":"2026-03-22T02:48:23.813Z","level":"info","event":"battle_ready","room":"battle_room","roomId":"Q5AxoHkOF","sessionId":"Mv89BzhRQ","readyCount":1,"players":2}
{"ts":"2026-03-22T02:48:34.163Z","level":"info","event":"room_leave","room":"battle_room","roomId":"Q5AxoHkOF","sessionId":"Mv89BzhRQ","players":1}
[battle_room] leave sessionId=Mv89BzhRQ players=1
{"ts":"2026-03-22T02:48:34.240Z","level":"info","event":"room_leave","room":"battle_room","roomId":"Q5AxoHkOF","sessionId":"6Mxtyigtv","players":0}
[battle_room] leave sessionId=6Mxtyigtv players=0
[battle_room] created roomId=F6Cp4G7vK gameType=deathmatch scoreLimit=5 maxClients=12 patchRateMs=33
{"ts":"2026-03-22T02:48:36.789Z","level":"info","event":"room_create","room":"battle_room","roomId":"F6Cp4G7vK","gameType":"deathmatch","scoreLimit":5,"maxClients":12,"patchRateMs":33.333333333333336,"staleInputMs":500,"authoritative":true}
[battle_room] join sessionId=Z1fL_LJ5S name=Player_2737 team=red players=1
{"ts":"2026-03-22T02:48:39.399Z","level":"info","event":"room_join","room":"battle_room","roomId":"F6Cp4G7vK","sessionId":"Z1fL_LJ5S","name":"Player_2737","players":1}
[battle_room] join sessionId=viEO6hCfV name=Player_6319 team=blue players=2
{"ts":"2026-03-22T02:48:41.611Z","level":"info","event":"room_join","room":"battle_room","roomId":"F6Cp4G7vK","sessionId":"viEO6hCfV","name":"Player_6319","players":2}
{"ts":"2026-03-22T02:48:42.122Z","level":"info","event":"battle_ready","room":"battle_room","roomId":"F6Cp4G7vK","sessionId":"Z1fL_LJ5S","readyCount":0,"players":2}
{"ts":"2026-03-22T02:48:42.152Z","level":"info","event":"battle_ready","room":"battle_room","roomId":"F6Cp4G7vK","sessionId":"viEO6hCfV","readyCount":1,"players":2}
{"ts":"2026-03-22T02:48:50.319Z","level":"info","event":"room_leave","room":"battle_room","roomId":"F6Cp4G7vK","sessionId":"Z1fL_LJ5S","players":1}
[battle_room] leave sessionId=Z1fL_LJ5S players=1
{"ts":"2026-03-22T02:48:50.467Z","level":"info","event":"room_leave","room":"battle_room","roomId":"F6Cp4G7vK","sessionId":"viEO6hCfV","players":0}
[battle_room] leave sessionId=viEO6hCfV players=0
[battle_room] created roomId=837x7N3ad gameType=deathmatch scoreLimit=5 maxClients=12 patchRateMs=33
{"ts":"2026-03-22T02:48:53.022Z","level":"info","event":"room_create","room":"battle_room","roomId":"837x7N3ad","gameType":"deathmatch","scoreLimit":5,"maxClients":12,"patchRateMs":33.333333333333336,"staleInputMs":500,"authoritative":true}
[battle_room] join sessionId=fr7By8rw4 name=Player_2737 team=red players=1
{"ts":"2026-03-22T02:48:55.693Z","level":"info","event":"room_join","room":"battle_room","roomId":"837x7N3ad","sessionId":"fr7By8rw4","name":"Player_2737","players":1}
[battle_room] join sessionId=AeJC6Ybwq name=Player_6319 team=blue players=2
{"ts":"2026-03-22T02:48:58.285Z","level":"info","event":"room_join","room":"battle_room","roomId":"837x7N3ad","sessionId":"AeJC6Ybwq","name":"Player_6319","players":2}
{"ts":"2026-03-22T02:48:58.378Z","level":"info","event":"battle_ready","room":"battle_room","roomId":"837x7N3ad","sessionId":"fr7By8rw4","readyCount":0,"players":2}
{"ts":"2026-03-22T02:48:58.415Z","level":"info","event":"battle_ready","room":"battle_room","roomId":"837x7N3ad","sessionId":"AeJC6Ybwq","readyCount":1,"players":2}
{"ts":"2026-03-22T02:50:58.771Z","level":"info","event":"room_leave","room":"battle_room","roomId":"837x7N3ad","sessionId":"fr7By8rw4","players":1}
[battle_room] leave sessionId=fr7By8rw4 players=1
{"ts":"2026-03-22T02:51:00.042Z","level":"info","event":"room_leave","room":"battle_room","roomId":"837x7N3ad","sessionId":"AeJC6Ybwq","players":0}
[battle_room] leave sessionId=AeJC6Ybwq players=0
[battle_room] created roomId=h7u1VfSni gameType=deathmatch scoreLimit=5 maxClients=12 patchRateMs=33
{"ts":"2026-03-22T02:51:03.904Z","level":"info","event":"room_create","room":"battle_room","roomId":"h7u1VfSni","gameType":"deathmatch","scoreLimit":5,"maxClients":12,"patchRateMs":33.333333333333336,"staleInputMs":500,"authoritative":true}
[battle_room] join sessionId=2UobA0duz name=Player_2737 team=red players=1
{"ts":"2026-03-22T02:51:10.105Z","level":"info","event":"room_join","room":"battle_room","roomId":"h7u1VfSni","sessionId":"2UobA0duz","name":"Player_2737","players":1}
[battle_room] join sessionId=FxtpAkjMr name=Player_6319 team=blue players=2
{"ts":"2026-03-22T02:51:17.454Z","level":"info","event":"room_join","room":"battle_room","roomId":"h7u1VfSni","sessionId":"FxtpAkjMr","name":"Player_6319","players":2}
{"ts":"2026-03-22T02:51:17.615Z","level":"info","event":"battle_ready","room":"battle_room","roomId":"h7u1VfSni","sessionId":"2UobA0duz","readyCount":0,"players":2}
{"ts":"2026-03-22T02:51:18.050Z","level":"info","event":"battle_ready","room":"battle_room","roomId":"h7u1VfSni","sessionId":"FxtpAkjMr","readyCount":1,"players":2}
{"ts":"2026-03-22T02:55:39.827Z","level":"info","event":"room_leave","room":"battle_room","roomId":"h7u1VfSni","sessionId":"2UobA0duz","players":1}
[battle_room] leave sessionId=2UobA0duz players=1
{"ts":"2026-03-22T02:55:40.844Z","level":"info","event":"room_leave","room":"battle_room","roomId":"h7u1VfSni","sessionId":"FxtpAkjMr","players":0}
[battle_room] leave sessionId=FxtpAkjMr players=0
[battle_room] created roomId=XoAc2pO6Q gameType=deathmatch scoreLimit=5 maxClients=12 patchRateMs=33
{"ts":"2026-03-22T02:55:44.277Z","level":"info","event":"room_create","room":"battle_room","roomId":"XoAc2pO6Q","gameType":"deathmatch","scoreLimit":5,"maxClients":12,"patchRateMs":33.333333333333336,"staleInputMs":500,"authoritative":true}
[battle_room] join sessionId=-oD-vPhhO name=Player_2737 team=red players=1
{"ts":"2026-03-22T02:55:44.481Z","level":"info","event":"room_join","room":"battle_room","roomId":"XoAc2pO6Q","sessionId":"-oD-vPhhO","name":"Player_2737","players":1}
{"ts":"2026-03-22T02:55:47.632Z","level":"info","event":"room_leave","room":"battle_room","roomId":"XoAc2pO6Q","sessionId":"-oD-vPhhO","players":0}
[battle_room] leave sessionId=-oD-vPhhO players=0
[battle_room] join sessionId=7AyqGs3Yb name=Player_6319 team=red players=1
{"ts":"2026-03-22T02:55:53.902Z","level":"info","event":"room_join","room":"battle_room","roomId":"XoAc2pO6Q","sessionId":"7AyqGs3Yb","name":"Player_6319","players":1}
[battle_room] join sessionId=t8CFUqr47 name=Player_2737 team=blue players=2
{"ts":"2026-03-22T02:55:56.480Z","level":"info","event":"room_join","room":"battle_room","roomId":"XoAc2pO6Q","sessionId":"t8CFUqr47","name":"Player_2737","players":2}
{"ts":"2026-03-22T02:55:56.557Z","level":"info","event":"battle_ready","room":"battle_room","roomId":"XoAc2pO6Q","sessionId":"7AyqGs3Yb","readyCount":0,"players":2}
{"ts":"2026-03-22T02:55:56.599Z","level":"info","event":"battle_ready","room":"battle_room","roomId":"XoAc2pO6Q","sessionId":"t8CFUqr47","readyCount":1,"players":2}
{"ts":"2026-03-22T03:00:08.780Z","level":"info","event":"room_leave","room":"battle_room","roomId":"XoAc2pO6Q","sessionId":"7AyqGs3Yb","players":1}
[battle_room] leave sessionId=7AyqGs3Yb players=1
{"ts":"2026-03-22T03:00:10.889Z","level":"info","event":"room_leave","room":"battle_room","roomId":"XoAc2pO6Q","sessionId":"t8CFUqr47","players":0}
[battle_room] leave sessionId=t8CFUqr47 players=0
[battle_room] created roomId=Dp1F1DjOk gameType=deathmatch scoreLimit=5 maxClients=12 patchRateMs=33
{"ts":"2026-03-22T03:00:14.954Z","level":"info","event":"room_create","room":"battle_room","roomId":"Dp1F1DjOk","gameType":"deathmatch","scoreLimit":5,"maxClients":12,"patchRateMs":33.333333333333336,"staleInputMs":500,"authoritative":true}
[battle_room] join sessionId=ahmQlq1O0 name=Player_6319 team=red players=1
{"ts":"2026-03-22T03:00:23.269Z","level":"info","event":"room_join","room":"battle_room","roomId":"Dp1F1DjOk","sessionId":"ahmQlq1O0","name":"Player_6319","players":1}
[battle_room] join sessionId=N6NJKwoVu name=Player_2737 team=blue players=2
{"ts":"2026-03-22T03:00:23.290Z","level":"info","event":"room_join","room":"battle_room","roomId":"Dp1F1DjOk","sessionId":"N6NJKwoVu","name":"Player_2737","players":2}
{"ts":"2026-03-22T03:00:23.517Z","level":"info","event":"battle_ready","room":"battle_room","roomId":"Dp1F1DjOk","sessionId":"ahmQlq1O0","readyCount":0,"players":2}
{"ts":"2026-03-22T03:00:23.538Z","level":"info","event":"battle_ready","room":"battle_room","roomId":"Dp1F1DjOk","sessionId":"N6NJKwoVu","readyCount":1,"players":2}
{"ts":"2026-03-22T03:00:25.726Z","level":"info","event":"room_leave","room":"battle_room","roomId":"Dp1F1DjOk","sessionId":"ahmQlq1O0","players":1}
[battle_room] leave sessionId=ahmQlq1O0 players=1
{"ts":"2026-03-22T03:00:28.693Z","level":"info","event":"room_leave","room":"battle_room","roomId":"Dp1F1DjOk","sessionId":"N6NJKwoVu","players":0}
[battle_room] leave sessionId=N6NJKwoVu players=0
[battle_room] created roomId=gc6tJkvUw gameType=deathmatch scoreLimit=5 maxClients=12 patchRateMs=33
{"ts":"2026-03-22T03:00:31.051Z","level":"info","event":"room_create","room":"battle_room","roomId":"gc6tJkvUw","gameType":"deathmatch","scoreLimit":5,"maxClients":12,"patchRateMs":33.333333333333336,"staleInputMs":500,"authoritative":true}
[battle_room] join sessionId=7V4CaxBjr name=Player_6319 team=red players=1
{"ts":"2026-03-22T03:00:35.135Z","level":"info","event":"room_join","room":"battle_room","roomId":"gc6tJkvUw","sessionId":"7V4CaxBjr","name":"Player_6319","players":1}
[battle_room] join sessionId=kyo_matTu name=Player_2737 team=blue players=2
{"ts":"2026-03-22T03:00:39.691Z","level":"info","event":"room_join","room":"battle_room","roomId":"gc6tJkvUw","sessionId":"kyo_matTu","name":"Player_2737","players":2}
{"ts":"2026-03-22T03:00:39.799Z","level":"info","event":"battle_ready","room":"battle_room","roomId":"gc6tJkvUw","sessionId":"7V4CaxBjr","readyCount":0,"players":2}
{"ts":"2026-03-22T03:00:40.006Z","level":"info","event":"battle_ready","room":"battle_room","roomId":"gc6tJkvUw","sessionId":"kyo_matTu","readyCount":1,"players":2}
{"ts":"2026-03-22T03:00:55.541Z","level":"info","event":"room_leave","room":"battle_room","roomId":"gc6tJkvUw","sessionId":"7V4CaxBjr","players":1}
[battle_room] leave sessionId=7V4CaxBjr players=1
{"ts":"2026-03-22T03:00:55.611Z","level":"info","event":"room_leave","room":"battle_room","roomId":"gc6tJkvUw","sessionId":"kyo_matTu","players":0}
[battle_room] leave sessionId=kyo_matTu players=0
[battle_room] created roomId=v8a7WV0r6 gameType=deathmatch scoreLimit=5 maxClients=12 patchRateMs=33
{"ts":"2026-03-22T03:00:58.561Z","level":"info","event":"room_create","room":"battle_room","roomId":"v8a7WV0r6","gameType":"deathmatch","scoreLimit":5,"maxClients":12,"patchRateMs":33.333333333333336,"staleInputMs":500,"authoritative":true}
[battle_room] join sessionId=OP5lJB79A name=Player_6319 team=red players=1
{"ts":"2026-03-22T03:01:07.050Z","level":"info","event":"room_join","room":"battle_room","roomId":"v8a7WV0r6","sessionId":"OP5lJB79A","name":"Player_6319","players":1}
[battle_room] join sessionId=sqTl31Ynv name=Player_2737 team=blue players=2
{"ts":"2026-03-22T03:01:07.065Z","level":"info","event":"room_join","room":"battle_room","roomId":"v8a7WV0r6","sessionId":"sqTl31Ynv","name":"Player_2737","players":2}
{"ts":"2026-03-22T03:01:07.272Z","level":"info","event":"room_leave","room":"battle_room","roomId":"v8a7WV0r6","sessionId":"OP5lJB79A","players":1}
[battle_room] leave sessionId=OP5lJB79A players=1
{"ts":"2026-03-22T03:01:07.302Z","level":"info","event":"room_leave","room":"battle_room","roomId":"v8a7WV0r6","sessionId":"sqTl31Ynv","players":0}
[battle_room] leave sessionId=sqTl31Ynv players=0
[battle_room] created roomId=0XRJ6_G-h gameType=deathmatch scoreLimit=5 maxClients=12 patchRateMs=33
{"ts":"2026-03-22T03:01:08.802Z","level":"info","event":"room_create","room":"battle_room","roomId":"0XRJ6_G-h","gameType":"deathmatch","scoreLimit":5,"maxClients":12,"patchRateMs":33.333333333333336,"staleInputMs":500,"authoritative":true}
[battle_room] join sessionId=xkeY6eQi4 name=Player_6319 team=red players=1
{"ts":"2026-03-22T03:01:17.392Z","level":"info","event":"room_join","room":"battle_room","roomId":"0XRJ6_G-h","sessionId":"xkeY6eQi4","name":"Player_6319","players":1}
[battle_room] join sessionId=Wy-9vGX0O name=Player_2737 team=blue players=2
{"ts":"2026-03-22T03:01:17.409Z","level":"info","event":"room_join","room":"battle_room","roomId":"0XRJ6_G-h","sessionId":"Wy-9vGX0O","name":"Player_2737","players":2}
{"ts":"2026-03-22T03:01:17.559Z","level":"info","event":"battle_ready","room":"battle_room","roomId":"0XRJ6_G-h","sessionId":"xkeY6eQi4","readyCount":0,"players":2}
{"ts":"2026-03-22T03:01:17.584Z","level":"info","event":"room_leave","room":"battle_room","roomId":"0XRJ6_G-h","sessionId":"Wy-9vGX0O","players":1}
[battle_room] leave sessionId=Wy-9vGX0O players=1
{"ts":"2026-03-22T03:01:17.610Z","level":"info","event":"room_leave","room":"battle_room","roomId":"0XRJ6_G-h","sessionId":"xkeY6eQi4","players":0}
[battle_room] leave sessionId=xkeY6eQi4 players=0
[battle_room] created roomId=VKTh2Dzr1 gameType=deathmatch scoreLimit=5 maxClients=12 patchRateMs=33
{"ts":"2026-03-22T03:01:19.047Z","level":"info","event":"room_create","room":"battle_room","roomId":"VKTh2Dzr1","gameType":"deathmatch","scoreLimit":5,"maxClients":12,"patchRateMs":33.333333333333336,"staleInputMs":500,"authoritative":true}
[battle_room] join sessionId=DixBattr1 name=Player_2737 team=red players=1
{"ts":"2026-03-22T03:01:24.229Z","level":"info","event":"room_join","room":"battle_room","roomId":"VKTh2Dzr1","sessionId":"DixBattr1","name":"Player_2737","players":1}
[battle_room] join sessionId=Sgl9O3Yi3 name=Player_6319 team=blue players=2
{"ts":"2026-03-22T03:01:28.371Z","level":"info","event":"room_join","room":"battle_room","roomId":"VKTh2Dzr1","sessionId":"Sgl9O3Yi3","name":"Player_6319","players":2}
{"ts":"2026-03-22T03:01:28.461Z","level":"info","event":"battle_ready","room":"battle_room","roomId":"VKTh2Dzr1","sessionId":"DixBattr1","readyCount":0,"players":2}
{"ts":"2026-03-22T03:01:28.636Z","level":"info","event":"battle_ready","room":"battle_room","roomId":"VKTh2Dzr1","sessionId":"Sgl9O3Yi3","readyCount":1,"players":2}
{"ts":"2026-03-22T03:01:33.359Z","level":"info","event":"room_leave","room":"battle_room","roomId":"VKTh2Dzr1","sessionId":"DixBattr1","players":1}
[battle_room] leave sessionId=DixBattr1 players=1
{"ts":"2026-03-22T03:01:33.455Z","level":"info","event":"room_leave","room":"battle_room","roomId":"VKTh2Dzr1","sessionId":"Sgl9O3Yi3","players":0}
[battle_room] leave sessionId=Sgl9O3Yi3 players=0
[battle_room] created roomId=nSSi2GHQ9 gameType=deathmatch scoreLimit=5 maxClients=12 patchRateMs=33
{"ts":"2026-03-22T03:01:35.573Z","level":"info","event":"room_create","room":"battle_room","roomId":"nSSi2GHQ9","gameType":"deathmatch","scoreLimit":5,"maxClients":12,"patchRateMs":33.333333333333336,"staleInputMs":500,"authoritative":true}
[battle_room] join sessionId=Cu_hJllF8 name=Player_2737 team=red players=1
{"ts":"2026-03-22T03:01:45.718Z","level":"info","event":"room_join","room":"battle_room","roomId":"nSSi2GHQ9","sessionId":"Cu_hJllF8","name":"Player_2737","players":1}
[battle_room] join sessionId=XNkMqdrNW name=Player_6319 team=blue players=2
{"ts":"2026-03-22T03:01:45.748Z","level":"info","event":"room_join","room":"battle_room","roomId":"nSSi2GHQ9","sessionId":"XNkMqdrNW","name":"Player_6319","players":2}
{"ts":"2026-03-22T03:01:45.942Z","level":"info","event":"battle_ready","room":"battle_room","roomId":"nSSi2GHQ9","sessionId":"Cu_hJllF8","readyCount":0,"players":2}
{"ts":"2026-03-22T03:01:45.964Z","level":"info","event":"battle_ready","room":"battle_room","roomId":"nSSi2GHQ9","sessionId":"XNkMqdrNW","readyCount":1,"players":2}
{"ts":"2026-03-22T03:03:16.029Z","level":"info","event":"room_leave","room":"battle_room","roomId":"nSSi2GHQ9","sessionId":"Cu_hJllF8","players":1}
[battle_room] leave sessionId=Cu_hJllF8 players=1
[battle_room] join sessionId=RRpedt5tD name=Player_2737 team=blue players=2
{"ts":"2026-03-22T03:03:17.017Z","level":"info","event":"room_join","room":"battle_room","roomId":"nSSi2GHQ9","sessionId":"RRpedt5tD","name":"Player_2737","players":2}
{"ts":"2026-03-22T03:03:19.564Z","level":"info","event":"room_leave","room":"battle_room","roomId":"nSSi2GHQ9","sessionId":"XNkMqdrNW","players":1}
[battle_room] leave sessionId=XNkMqdrNW players=1
[battle_room] join sessionId=MQnzqfkj5 name=Player_6319 team=blue players=2
{"ts":"2026-03-22T03:03:25.454Z","level":"info","event":"room_join","room":"battle_room","roomId":"nSSi2GHQ9","sessionId":"MQnzqfkj5","name":"Player_6319","players":2}
[battle_room] created roomId=IWyTeRLg2 gameType=deathmatch scoreLimit=5 maxClients=2 patchRateMs=17
{"ts":"2026-03-22T03:05:57.650Z","level":"info","event":"room_create","room":"battle_room","roomId":"IWyTeRLg2","gameType":"deathmatch","scoreLimit":5,"maxClients":2,"patchRateMs":16.666666666666668,"staleInputMs":500,"authoritative":true}
[battle_room] join sessionId=4mQxT8CSn name=Player team=red players=1
{"ts":"2026-03-22T03:05:58.321Z","level":"info","event":"room_join","room":"battle_room","roomId":"IWyTeRLg2","sessionId":"4mQxT8CSn","name":"Player","players":1}
{"ts":"2026-03-22T03:06:04.598Z","level":"info","event":"battle_ready","room":"battle_room","roomId":"IWyTeRLg2","sessionId":"4mQxT8CSn","readyCount":0,"players":1}
[battle_room] join sessionId=gxqkn7Zs5 name=Player team=blue players=2
{"ts":"2026-03-22T03:06:10.781Z","level":"info","event":"room_join","room":"battle_room","roomId":"IWyTeRLg2","sessionId":"gxqkn7Zs5","name":"Player","players":2}
{"ts":"2026-03-22T03:06:16.956Z","level":"info","event":"room_leave","room":"battle_room","roomId":"IWyTeRLg2","sessionId":"gxqkn7Zs5","players":1}
[battle_room] leave sessionId=gxqkn7Zs5 players=1
{"ts":"2026-03-22T03:07:48.358Z","level":"info","event":"room_leave","room":"battle_room","roomId":"IWyTeRLg2","sessionId":"4mQxT8CSn","players":0}
[battle_room] leave sessionId=4mQxT8CSn players=0
[battle_room] created roomId=qWotVBLC8 gameType=deathmatch scoreLimit=5 maxClients=2 patchRateMs=17
{"ts":"2026-03-22T03:07:54.470Z","level":"info","event":"room_create","room":"battle_room","roomId":"qWotVBLC8","gameType":"deathmatch","scoreLimit":5,"maxClients":2,"patchRateMs":16.666666666666668,"staleInputMs":500,"authoritative":true}
[battle_room] join sessionId=ndStdVIJP name=Player team=red players=1
{"ts":"2026-03-22T03:07:55.007Z","level":"info","event":"room_join","room":"battle_room","roomId":"qWotVBLC8","sessionId":"ndStdVIJP","name":"Player","players":1}
{"ts":"2026-03-22T03:08:00.827Z","level":"info","event":"battle_ready","room":"battle_room","roomId":"qWotVBLC8","sessionId":"ndStdVIJP","readyCount":0,"players":1}
[battle_room] join sessionId=XKH9kY4Oe name=Player team=blue players=2
{"ts":"2026-03-22T03:08:06.833Z","level":"info","event":"room_join","room":"battle_room","roomId":"qWotVBLC8","sessionId":"XKH9kY4Oe","name":"Player","players":2}
{"ts":"2026-03-22T03:08:14.306Z","level":"info","event":"room_leave","room":"battle_room","roomId":"qWotVBLC8","sessionId":"XKH9kY4Oe","players":1}
[battle_room] leave sessionId=XKH9kY4Oe players=1
{"ts":"2026-03-22T03:09:44.582Z","level":"info","event":"room_leave","room":"battle_room","roomId":"qWotVBLC8","sessionId":"ndStdVIJP","players":0}
[battle_room] leave sessionId=ndStdVIJP players=0
[battle_room] created roomId=bEMuV2zO9 gameType=deathmatch scoreLimit=5 maxClients=2 patchRateMs=17
{"ts":"2026-03-22T03:10:39.076Z","level":"info","event":"room_create","room":"battle_room","roomId":"bEMuV2zO9","gameType":"deathmatch","scoreLimit":5,"maxClients":2,"patchRateMs":16.666666666666668,"staleInputMs":500,"authoritative":true}
[battle_room] join sessionId=3PQuB5NZg name=Player team=red players=1
{"ts":"2026-03-22T03:10:39.541Z","level":"info","event":"room_join","room":"battle_room","roomId":"bEMuV2zO9","sessionId":"3PQuB5NZg","name":"Player","players":1}
{"ts":"2026-03-22T03:10:44.890Z","level":"info","event":"battle_ready","room":"battle_room","roomId":"bEMuV2zO9","sessionId":"3PQuB5NZg","readyCount":0,"players":1}
{"ts":"2026-03-22T03:10:46.158Z","level":"info","event":"room_leave","room":"battle_room","roomId":"bEMuV2zO9","sessionId":"3PQuB5NZg","players":0}
[battle_room] leave sessionId=3PQuB5NZg players=0
[battle_room] created roomId=lU1h8ajN7 gameType=deathmatch scoreLimit=5 maxClients=2 patchRateMs=17
{"ts":"2026-03-22T03:11:04.347Z","level":"info","event":"room_create","room":"battle_room","roomId":"lU1h8ajN7","gameType":"deathmatch","scoreLimit":5,"maxClients":2,"patchRateMs":16.666666666666668,"staleInputMs":500,"authoritative":true}
[battle_room] join sessionId=itqXx7Kl4 name=Player team=red players=1
{"ts":"2026-03-22T03:11:04.800Z","level":"info","event":"room_join","room":"battle_room","roomId":"lU1h8ajN7","sessionId":"itqXx7Kl4","name":"Player","players":1}
{"ts":"2026-03-22T03:11:09.983Z","level":"info","event":"battle_ready","room":"battle_room","roomId":"lU1h8ajN7","sessionId":"itqXx7Kl4","readyCount":0,"players":1}
{"ts":"2026-03-22T03:11:10.861Z","level":"info","event":"room_leave","room":"battle_room","roomId":"lU1h8ajN7","sessionId":"itqXx7Kl4","players":0}
[battle_room] leave sessionId=itqXx7Kl4 players=0
{"ts":"2026-03-22T03:11:40.149Z","level":"info","event":"room_leave","room":"battle_room","roomId":"nSSi2GHQ9","sessionId":"RRpedt5tD","players":1}
[battle_room] leave sessionId=RRpedt5tD players=1
{"ts":"2026-03-22T03:11:40.719Z","level":"info","event":"room_leave","room":"battle_room","roomId":"nSSi2GHQ9","sessionId":"MQnzqfkj5","players":0}
[battle_room] leave sessionId=MQnzqfkj5 players=0
[battle_room] created roomId=7KWMV0gv8 gameType=deathmatch scoreLimit=5 maxClients=12 patchRateMs=33
{"ts":"2026-03-22T03:11:45.541Z","level":"info","event":"room_create","room":"battle_room","roomId":"7KWMV0gv8","gameType":"deathmatch","scoreLimit":5,"maxClients":12,"patchRateMs":33.333333333333336,"staleInputMs":500,"authoritative":true}
[battle_room] join sessionId=DdY-EDv5n name=Player_2737 team=red players=1
{"ts":"2026-03-22T03:11:45.909Z","level":"info","event":"room_join","room":"battle_room","roomId":"7KWMV0gv8","sessionId":"DdY-EDv5n","name":"Player_2737","players":1}
[battle_room] join sessionId=IPJ0MGitc name=Player_6319 team=blue players=2
{"ts":"2026-03-22T03:11:52.772Z","level":"info","event":"room_join","room":"battle_room","roomId":"7KWMV0gv8","sessionId":"IPJ0MGitc","name":"Player_6319","players":2}
{"ts":"2026-03-22T03:11:52.867Z","level":"info","event":"battle_ready","room":"battle_room","roomId":"7KWMV0gv8","sessionId":"DdY-EDv5n","readyCount":0,"players":2}
{"ts":"2026-03-22T03:11:52.920Z","level":"info","event":"room_leave","room":"battle_room","roomId":"7KWMV0gv8","sessionId":"IPJ0MGitc","players":1}
[battle_room] leave sessionId=IPJ0MGitc players=1
{"ts":"2026-03-22T03:11:53.585Z","level":"info","event":"room_leave","room":"battle_room","roomId":"7KWMV0gv8","sessionId":"DdY-EDv5n","players":0}
[battle_room] leave sessionId=DdY-EDv5n players=0
[battle_room] created roomId=9ejBTaCC0 gameType=deathmatch scoreLimit=5 maxClients=12 patchRateMs=33
{"ts":"2026-03-22T03:11:55.666Z","level":"info","event":"room_create","room":"battle_room","roomId":"9ejBTaCC0","gameType":"deathmatch","scoreLimit":5,"maxClients":12,"patchRateMs":33.333333333333336,"staleInputMs":500,"authoritative":true}
[battle_room] join sessionId=ExLxOVQOk name=Player_6319 team=red players=1
{"ts":"2026-03-22T03:11:55.905Z","level":"info","event":"room_join","room":"battle_room","roomId":"9ejBTaCC0","sessionId":"ExLxOVQOk","name":"Player_6319","players":1}
[battle_room] join sessionId=Dr5EOdwm1 name=Player_2737 team=blue players=2
{"ts":"2026-03-22T03:11:58.647Z","level":"info","event":"room_join","room":"battle_room","roomId":"9ejBTaCC0","sessionId":"Dr5EOdwm1","name":"Player_2737","players":2}
{"ts":"2026-03-22T03:12:01.703Z","level":"info","event":"battle_ready","room":"battle_room","roomId":"9ejBTaCC0","sessionId":"ExLxOVQOk","readyCount":0,"players":2}
[battle_room] created roomId=d8fOYnrmP gameType=deathmatch scoreLimit=5 maxClients=2 patchRateMs=17
{"ts":"2026-03-22T03:12:02.705Z","level":"info","event":"room_create","room":"battle_room","roomId":"d8fOYnrmP","gameType":"deathmatch","scoreLimit":5,"maxClients":2,"patchRateMs":16.666666666666668,"staleInputMs":500,"authoritative":true}
[battle_room] join sessionId=5LfKOjQbc name=Player team=red players=1
{"ts":"2026-03-22T03:12:03.114Z","level":"info","event":"room_join","room":"battle_room","roomId":"d8fOYnrmP","sessionId":"5LfKOjQbc","name":"Player","players":1}
{"ts":"2026-03-22T03:12:03.629Z","level":"info","event":"battle_ready","room":"battle_room","roomId":"9ejBTaCC0","sessionId":"Dr5EOdwm1","readyCount":1,"players":2}
{"ts":"2026-03-22T03:12:08.770Z","level":"info","event":"battle_ready","room":"battle_room","roomId":"d8fOYnrmP","sessionId":"5LfKOjQbc","readyCount":0,"players":1}
{"ts":"2026-03-22T03:12:09.401Z","level":"info","event":"room_leave","room":"battle_room","roomId":"d8fOYnrmP","sessionId":"5LfKOjQbc","players":0}
[battle_room] leave sessionId=5LfKOjQbc players=0
[battle_room] created roomId=uliKNRnZ8 gameType=deathmatch scoreLimit=5 maxClients=2 patchRateMs=17
{"ts":"2026-03-22T03:12:24.901Z","level":"info","event":"room_create","room":"battle_room","roomId":"uliKNRnZ8","gameType":"deathmatch","scoreLimit":5,"maxClients":2,"patchRateMs":16.666666666666668,"staleInputMs":500,"authoritative":true}
[battle_room] join sessionId=BtsZBlrkB name=Player team=red players=1
{"ts":"2026-03-22T03:12:25.543Z","level":"info","event":"room_join","room":"battle_room","roomId":"uliKNRnZ8","sessionId":"BtsZBlrkB","name":"Player","players":1}
{"ts":"2026-03-22T03:12:31.598Z","level":"info","event":"battle_ready","room":"battle_room","roomId":"uliKNRnZ8","sessionId":"BtsZBlrkB","readyCount":0,"players":1}
{"ts":"2026-03-22T03:12:32.439Z","level":"info","event":"room_leave","room":"battle_room","roomId":"uliKNRnZ8","sessionId":"BtsZBlrkB","players":0}
[battle_room] leave sessionId=BtsZBlrkB players=0
[battle_room] created roomId=UnZgnedrm gameType=deathmatch scoreLimit=5 maxClients=2 patchRateMs=17
{"ts":"2026-03-22T03:12:50.491Z","level":"info","event":"room_create","room":"battle_room","roomId":"UnZgnedrm","gameType":"deathmatch","scoreLimit":5,"maxClients":2,"patchRateMs":16.666666666666668,"staleInputMs":500,"authoritative":true}
[battle_room] join sessionId=buQHOdrN_ name=Player team=red players=1
{"ts":"2026-03-22T03:12:50.970Z","level":"info","event":"room_join","room":"battle_room","roomId":"UnZgnedrm","sessionId":"buQHOdrN_","name":"Player","players":1}
{"ts":"2026-03-22T03:12:56.696Z","level":"info","event":"battle_ready","room":"battle_room","roomId":"UnZgnedrm","sessionId":"buQHOdrN_","readyCount":0,"players":1}
{"ts":"2026-03-22T03:12:57.200Z","level":"info","event":"room_leave","room":"battle_room","roomId":"UnZgnedrm","sessionId":"buQHOdrN_","players":0}
[battle_room] leave sessionId=buQHOdrN_ players=0
[battle_room] created roomId=BOj-9uRmc gameType=deathmatch scoreLimit=5 maxClients=2 patchRateMs=17
{"ts":"2026-03-22T03:13:16.152Z","level":"info","event":"room_create","room":"battle_room","roomId":"BOj-9uRmc","gameType":"deathmatch","scoreLimit":5,"maxClients":2,"patchRateMs":16.666666666666668,"staleInputMs":500,"authoritative":true}
[battle_room] join sessionId=zr9bGC5e3 name=Player team=red players=1
{"ts":"2026-03-22T03:13:16.626Z","level":"info","event":"room_join","room":"battle_room","roomId":"BOj-9uRmc","sessionId":"zr9bGC5e3","name":"Player","players":1}
{"ts":"2026-03-22T03:13:22.457Z","level":"info","event":"battle_ready","room":"battle_room","roomId":"BOj-9uRmc","sessionId":"zr9bGC5e3","readyCount":0,"players":1}
{"ts":"2026-03-22T03:13:23.387Z","level":"info","event":"room_leave","room":"battle_room","roomId":"BOj-9uRmc","sessionId":"zr9bGC5e3","players":0}
[battle_room] leave sessionId=zr9bGC5e3 players=0
{"ts":"2026-03-22T03:13:44.873Z","level":"info","event":"room_leave","room":"battle_room","roomId":"9ejBTaCC0","sessionId":"ExLxOVQOk","players":1}
[battle_room] leave sessionId=ExLxOVQOk players=1
{"ts":"2026-03-22T03:13:45.133Z","level":"info","event":"room_leave","room":"battle_room","roomId":"9ejBTaCC0","sessionId":"Dr5EOdwm1","players":0}
[battle_room] leave sessionId=Dr5EOdwm1 players=0
[battle_room] created roomId=pj9H4Xw6x gameType=deathmatch scoreLimit=5 maxClients=12 patchRateMs=33
{"ts":"2026-03-22T03:13:49.180Z","level":"info","event":"room_create","room":"battle_room","roomId":"pj9H4Xw6x","gameType":"deathmatch","scoreLimit":5,"maxClients":12,"patchRateMs":33.333333333333336,"staleInputMs":500,"authoritative":true}
[battle_room] join sessionId=mtM3IF8J3 name=Player_6319 team=red players=1
{"ts":"2026-03-22T03:13:49.424Z","level":"info","event":"room_join","room":"battle_room","roomId":"pj9H4Xw6x","sessionId":"mtM3IF8J3","name":"Player_6319","players":1}
[battle_room] join sessionId=uHC6WDTyb name=Player_2737 team=blue players=2
{"ts":"2026-03-22T03:13:54.585Z","level":"info","event":"room_join","room":"battle_room","roomId":"pj9H4Xw6x","sessionId":"uHC6WDTyb","name":"Player_2737","players":2}
{"ts":"2026-03-22T03:13:54.666Z","level":"info","event":"battle_ready","room":"battle_room","roomId":"pj9H4Xw6x","sessionId":"mtM3IF8J3","readyCount":0,"players":2}
{"ts":"2026-03-22T03:13:55.490Z","level":"info","event":"battle_ready","room":"battle_room","roomId":"pj9H4Xw6x","sessionId":"uHC6WDTyb","readyCount":1,"players":2}
[battle_room] created roomId=Qlox5tgUy gameType=deathmatch scoreLimit=5 maxClients=2 patchRateMs=17
{"ts":"2026-03-22T03:14:00.590Z","level":"info","event":"room_create","room":"battle_room","roomId":"Qlox5tgUy","gameType":"deathmatch","scoreLimit":5,"maxClients":2,"patchRateMs":16.666666666666668,"staleInputMs":500,"authoritative":true}
[battle_room] join sessionId=0PysUwN5e name=Player team=red players=1
{"ts":"2026-03-22T03:14:01.078Z","level":"info","event":"room_join","room":"battle_room","roomId":"Qlox5tgUy","sessionId":"0PysUwN5e","name":"Player","players":1}
{"ts":"2026-03-22T03:14:07.710Z","level":"info","event":"battle_ready","room":"battle_room","roomId":"Qlox5tgUy","sessionId":"0PysUwN5e","readyCount":0,"players":1}
{"ts":"2026-03-22T03:14:08.289Z","level":"info","event":"room_leave","room":"battle_room","roomId":"Qlox5tgUy","sessionId":"0PysUwN5e","players":0}
[battle_room] leave sessionId=0PysUwN5e players=0
[battle_room] created roomId=R-1HdUf2q gameType=deathmatch scoreLimit=5 maxClients=2 patchRateMs=17
{"ts":"2026-03-22T03:14:50.242Z","level":"info","event":"room_create","room":"battle_room","roomId":"R-1HdUf2q","gameType":"deathmatch","scoreLimit":5,"maxClients":2,"patchRateMs":16.666666666666668,"staleInputMs":500,"authoritative":true}
[battle_room] join sessionId=WnmHK0bPk name=Player team=red players=1
{"ts":"2026-03-22T03:14:51.069Z","level":"info","event":"room_join","room":"battle_room","roomId":"R-1HdUf2q","sessionId":"WnmHK0bPk","name":"Player","players":1}
{"ts":"2026-03-22T03:14:57.233Z","level":"info","event":"room_leave","room":"battle_room","roomId":"R-1HdUf2q","sessionId":"WnmHK0bPk","players":0}
[battle_room] leave sessionId=WnmHK0bPk players=0
[battle_room] created roomId=rvIzEK-3O gameType=deathmatch scoreLimit=5 maxClients=2 patchRateMs=17
{"ts":"2026-03-22T03:15:14.667Z","level":"info","event":"room_create","room":"battle_room","roomId":"rvIzEK-3O","gameType":"deathmatch","scoreLimit":5,"maxClients":2,"patchRateMs":16.666666666666668,"staleInputMs":500,"authoritative":true}
[battle_room] join sessionId=bMgHVP6N3 name=Player team=red players=1
{"ts":"2026-03-22T03:15:15.391Z","level":"info","event":"room_join","room":"battle_room","roomId":"rvIzEK-3O","sessionId":"bMgHVP6N3","name":"Player","players":1}
{"ts":"2026-03-22T03:15:22.646Z","level":"info","event":"battle_ready","room":"battle_room","roomId":"rvIzEK-3O","sessionId":"bMgHVP6N3","readyCount":0,"players":1}
{"ts":"2026-03-22T03:15:42.372Z","level":"info","event":"room_leave","room":"battle_room","roomId":"rvIzEK-3O","sessionId":"bMgHVP6N3","players":0}
[battle_room] leave sessionId=bMgHVP6N3 players=0
[battle_room] created roomId=Jc_Yl-zKx gameType=deathmatch scoreLimit=5 maxClients=2 patchRateMs=17
{"ts":"2026-03-22T03:16:29.912Z","level":"info","event":"room_create","room":"battle_room","roomId":"Jc_Yl-zKx","gameType":"deathmatch","scoreLimit":5,"maxClients":2,"patchRateMs":16.666666666666668,"staleInputMs":500,"authoritative":true}
[battle_room] join sessionId=-1bHvX8nx name=Player team=red players=1
{"ts":"2026-03-22T03:16:30.362Z","level":"info","event":"room_join","room":"battle_room","roomId":"Jc_Yl-zKx","sessionId":"-1bHvX8nx","name":"Player","players":1}
{"ts":"2026-03-22T03:16:36.159Z","level":"info","event":"battle_ready","room":"battle_room","roomId":"Jc_Yl-zKx","sessionId":"-1bHvX8nx","readyCount":0,"players":1}
{"ts":"2026-03-22T03:16:47.124Z","level":"info","event":"room_leave","room":"battle_room","roomId":"Jc_Yl-zKx","sessionId":"-1bHvX8nx","players":0}
[battle_room] leave sessionId=-1bHvX8nx players=0
[battle_room] created roomId=mOA13VFw4 gameType=deathmatch scoreLimit=5 maxClients=2 patchRateMs=17
{"ts":"2026-03-22T03:16:52.297Z","level":"info","event":"room_create","room":"battle_room","roomId":"mOA13VFw4","gameType":"deathmatch","scoreLimit":5,"maxClients":2,"patchRateMs":16.666666666666668,"staleInputMs":500,"authoritative":true}
[battle_room] join sessionId=47EngBbIK name=Player team=red players=1
{"ts":"2026-03-22T03:16:52.798Z","level":"info","event":"room_join","room":"battle_room","roomId":"mOA13VFw4","sessionId":"47EngBbIK","name":"Player","players":1}
{"ts":"2026-03-22T03:16:58.582Z","level":"info","event":"battle_ready","room":"battle_room","roomId":"mOA13VFw4","sessionId":"47EngBbIK","readyCount":0,"players":1}
{"ts":"2026-03-22T03:17:11.379Z","level":"info","event":"room_leave","room":"battle_room","roomId":"mOA13VFw4","sessionId":"47EngBbIK","players":0}
[battle_room] leave sessionId=47EngBbIK players=0
[battle_room] created roomId=Q5LDqVRvV gameType=deathmatch scoreLimit=5 maxClients=2 patchRateMs=17
{"ts":"2026-03-22T03:17:36.159Z","level":"info","event":"room_create","room":"battle_room","roomId":"Q5LDqVRvV","gameType":"deathmatch","scoreLimit":5,"maxClients":2,"patchRateMs":16.666666666666668,"staleInputMs":500,"authoritative":true}
[battle_room] join sessionId=ZLrz8dgoF name=Player team=red players=1
{"ts":"2026-03-22T03:17:36.658Z","level":"info","event":"room_join","room":"battle_room","roomId":"Q5LDqVRvV","sessionId":"ZLrz8dgoF","name":"Player","players":1}
{"ts":"2026-03-22T03:17:42.824Z","level":"info","event":"battle_ready","room":"battle_room","roomId":"Q5LDqVRvV","sessionId":"ZLrz8dgoF","readyCount":0,"players":1}
{"ts":"2026-03-22T03:17:43.324Z","level":"info","event":"room_leave","room":"battle_room","roomId":"Q5LDqVRvV","sessionId":"ZLrz8dgoF","players":0}
[battle_room] leave sessionId=ZLrz8dgoF players=0
[battle_room] created roomId=37QMrIfj9 gameType=deathmatch scoreLimit=5 maxClients=2 patchRateMs=17
{"ts":"2026-03-22T03:18:31.587Z","level":"info","event":"room_create","room":"battle_room","roomId":"37QMrIfj9","gameType":"deathmatch","scoreLimit":5,"maxClients":2,"patchRateMs":16.666666666666668,"staleInputMs":500,"authoritative":true}
[battle_room] join sessionId=ROiHzYbcc name=Player team=red players=1
{"ts":"2026-03-22T03:18:32.212Z","level":"info","event":"room_join","room":"battle_room","roomId":"37QMrIfj9","sessionId":"ROiHzYbcc","name":"Player","players":1}
{"ts":"2026-03-22T03:18:38.790Z","level":"info","event":"battle_ready","room":"battle_room","roomId":"37QMrIfj9","sessionId":"ROiHzYbcc","readyCount":0,"players":1}
{"ts":"2026-03-22T03:18:53.470Z","level":"info","event":"room_leave","room":"battle_room","roomId":"37QMrIfj9","sessionId":"ROiHzYbcc","players":0}
[battle_room] leave sessionId=ROiHzYbcc players=0
[battle_room] created roomId=aSgaGmHLI gameType=deathmatch scoreLimit=5 maxClients=2 patchRateMs=17
{"ts":"2026-03-22T03:18:59.330Z","level":"info","event":"room_create","room":"battle_room","roomId":"aSgaGmHLI","gameType":"deathmatch","scoreLimit":5,"maxClients":2,"patchRateMs":16.666666666666668,"staleInputMs":500,"authoritative":true}
[battle_room] join sessionId=rQDi7a_UR name=Player team=red players=1
{"ts":"2026-03-22T03:18:59.985Z","level":"info","event":"room_join","room":"battle_room","roomId":"aSgaGmHLI","sessionId":"rQDi7a_UR","name":"Player","players":1}
{"ts":"2026-03-22T03:19:06.686Z","level":"info","event":"battle_ready","room":"battle_room","roomId":"aSgaGmHLI","sessionId":"rQDi7a_UR","readyCount":0,"players":1}
{"ts":"2026-03-22T03:19:17.836Z","level":"info","event":"room_leave","room":"battle_room","roomId":"aSgaGmHLI","sessionId":"rQDi7a_UR","players":0}
[battle_room] leave sessionId=rQDi7a_UR players=0
[battle_room] created roomId=zsrMA06jq gameType=deathmatch scoreLimit=5 maxClients=2 patchRateMs=17
{"ts":"2026-03-22T03:19:50.945Z","level":"info","event":"room_create","room":"battle_room","roomId":"zsrMA06jq","gameType":"deathmatch","scoreLimit":5,"maxClients":2,"patchRateMs":16.666666666666668,"staleInputMs":500,"authoritative":true}
[battle_room] join sessionId=HZo4zmzL_ name=Player team=red players=1
{"ts":"2026-03-22T03:19:51.444Z","level":"info","event":"room_join","room":"battle_room","roomId":"zsrMA06jq","sessionId":"HZo4zmzL_","name":"Player","players":1}
{"ts":"2026-03-22T03:19:57.707Z","level":"info","event":"battle_ready","room":"battle_room","roomId":"zsrMA06jq","sessionId":"HZo4zmzL_","readyCount":0,"players":1}
{"ts":"2026-03-22T03:20:09.224Z","level":"info","event":"room_leave","room":"battle_room","roomId":"zsrMA06jq","sessionId":"HZo4zmzL_","players":0}
[battle_room] leave sessionId=HZo4zmzL_ players=0
[battle_room] created roomId=TJ9ky4F8B gameType=deathmatch scoreLimit=5 maxClients=2 patchRateMs=17
{"ts":"2026-03-22T03:20:14.481Z","level":"info","event":"room_create","room":"battle_room","roomId":"TJ9ky4F8B","gameType":"deathmatch","scoreLimit":5,"maxClients":2,"patchRateMs":16.666666666666668,"staleInputMs":500,"authoritative":true}
[battle_room] join sessionId=-kTEIraMF name=Player team=red players=1
{"ts":"2026-03-22T03:20:15.109Z","level":"info","event":"room_join","room":"battle_room","roomId":"TJ9ky4F8B","sessionId":"-kTEIraMF","name":"Player","players":1}
{"ts":"2026-03-22T03:20:20.356Z","level":"info","event":"battle_ready","room":"battle_room","roomId":"TJ9ky4F8B","sessionId":"-kTEIraMF","readyCount":0,"players":1}
{"ts":"2026-03-22T03:20:32.896Z","level":"info","event":"room_leave","room":"battle_room","roomId":"TJ9ky4F8B","sessionId":"-kTEIraMF","players":0}
[battle_room] leave sessionId=-kTEIraMF players=0
{"ts":"2026-03-22T03:20:39.457Z","level":"info","event":"room_leave","room":"battle_room","roomId":"pj9H4Xw6x","sessionId":"uHC6WDTyb","players":1}
[battle_room] leave sessionId=uHC6WDTyb players=1
{"ts":"2026-03-22T03:20:41.647Z","level":"info","event":"room_leave","room":"battle_room","roomId":"pj9H4Xw6x","sessionId":"mtM3IF8J3","players":0}
[battle_room] leave sessionId=mtM3IF8J3 players=0
[battle_room] created roomId=Da4LYK-Dz gameType=deathmatch scoreLimit=5 maxClients=12 patchRateMs=33
{"ts":"2026-03-22T03:20:46.138Z","level":"info","event":"room_create","room":"battle_room","roomId":"Da4LYK-Dz","gameType":"deathmatch","scoreLimit":5,"maxClients":12,"patchRateMs":33.333333333333336,"staleInputMs":500,"authoritative":true}
[battle_room] join sessionId=k-rAnm0NW name=Player_2737 team=red players=1
{"ts":"2026-03-22T03:20:46.563Z","level":"info","event":"room_join","room":"battle_room","roomId":"Da4LYK-Dz","sessionId":"k-rAnm0NW","name":"Player_2737","players":1}
[battle_room] created roomId=AQ78OhxKo gameType=deathmatch scoreLimit=5 maxClients=2 patchRateMs=17
{"ts":"2026-03-22T03:20:50.227Z","level":"info","event":"room_create","room":"battle_room","roomId":"AQ78OhxKo","gameType":"deathmatch","scoreLimit":5,"maxClients":2,"patchRateMs":16.666666666666668,"staleInputMs":500,"authoritative":true}
[battle_room] join sessionId=eCsf2jIJT name=Player team=red players=1
{"ts":"2026-03-22T03:20:50.677Z","level":"info","event":"room_join","room":"battle_room","roomId":"AQ78OhxKo","sessionId":"eCsf2jIJT","name":"Player","players":1}
[battle_room] join sessionId=_tur00QFL name=Player_6319 team=blue players=2
{"ts":"2026-03-22T03:20:54.225Z","level":"info","event":"room_join","room":"battle_room","roomId":"Da4LYK-Dz","sessionId":"_tur00QFL","name":"Player_6319","players":2}
{"ts":"2026-03-22T03:20:54.283Z","level":"info","event":"battle_ready","room":"battle_room","roomId":"Da4LYK-Dz","sessionId":"k-rAnm0NW","readyCount":0,"players":2}
{"ts":"2026-03-22T03:20:54.426Z","level":"info","event":"battle_ready","room":"battle_room","roomId":"Da4LYK-Dz","sessionId":"_tur00QFL","readyCount":1,"players":2}
{"ts":"2026-03-22T03:20:55.670Z","level":"info","event":"battle_ready","room":"battle_room","roomId":"AQ78OhxKo","sessionId":"eCsf2jIJT","readyCount":0,"players":1}
{"ts":"2026-03-22T03:20:56.673Z","level":"info","event":"room_leave","room":"battle_room","roomId":"AQ78OhxKo","sessionId":"eCsf2jIJT","players":0}
[battle_room] leave sessionId=eCsf2jIJT players=0
[battle_room] created roomId=U_K0oV6Yt gameType=deathmatch scoreLimit=5 maxClients=2 patchRateMs=17
{"ts":"2026-03-22T03:21:26.160Z","level":"info","event":"room_create","room":"battle_room","roomId":"U_K0oV6Yt","gameType":"deathmatch","scoreLimit":5,"maxClients":2,"patchRateMs":16.666666666666668,"staleInputMs":500,"authoritative":true}
[battle_room] join sessionId=NdoUJ6Yw2 name=Player team=red players=1
{"ts":"2026-03-22T03:21:26.752Z","level":"info","event":"room_join","room":"battle_room","roomId":"U_K0oV6Yt","sessionId":"NdoUJ6Yw2","name":"Player","players":1}
{"ts":"2026-03-22T03:21:33.272Z","level":"info","event":"battle_ready","room":"battle_room","roomId":"U_K0oV6Yt","sessionId":"NdoUJ6Yw2","readyCount":0,"players":1}
{"ts":"2026-03-22T03:21:43.178Z","level":"info","event":"room_leave","room":"battle_room","roomId":"U_K0oV6Yt","sessionId":"NdoUJ6Yw2","players":0}
[battle_room] leave sessionId=NdoUJ6Yw2 players=0
{"ts":"2026-03-22T03:23:56.455Z","level":"info","event":"room_leave","room":"battle_room","roomId":"Da4LYK-Dz","sessionId":"k-rAnm0NW","players":1}
[battle_room] leave sessionId=k-rAnm0NW players=1
[battle_room] join sessionId=S-P0LQbts name=Player_2737 team=blue players=2
{"ts":"2026-03-22T03:23:58.867Z","level":"info","event":"room_join","room":"battle_room","roomId":"Da4LYK-Dz","sessionId":"S-P0LQbts","name":"Player_2737","players":2}
{"ts":"2026-03-22T03:24:02.125Z","level":"info","event":"room_leave","room":"battle_room","roomId":"Da4LYK-Dz","sessionId":"_tur00QFL","players":1}
[battle_room] leave sessionId=_tur00QFL players=1
[battle_room] join sessionId=KS7Z-eGB7 name=Player_6319 team=blue players=2
{"ts":"2026-03-22T03:24:09.208Z","level":"info","event":"room_join","room":"battle_room","roomId":"Da4LYK-Dz","sessionId":"KS7Z-eGB7","name":"Player_6319","players":2}
{"ts":"2026-03-22T03:27:16.585Z","level":"info","event":"room_leave","room":"battle_room","roomId":"Da4LYK-Dz","sessionId":"S-P0LQbts","players":1}
[battle_room] leave sessionId=S-P0LQbts players=1
{"ts":"2026-03-22T03:27:17.924Z","level":"info","event":"room_leave","room":"battle_room","roomId":"Da4LYK-Dz","sessionId":"KS7Z-eGB7","players":0}
[battle_room] leave sessionId=KS7Z-eGB7 players=0
[battle_room] created roomId=g3jixUXu7 gameType=deathmatch scoreLimit=5 maxClients=12 patchRateMs=33
{"ts":"2026-03-22T03:27:21.239Z","level":"info","event":"room_create","room":"battle_room","roomId":"g3jixUXu7","gameType":"deathmatch","scoreLimit":5,"maxClients":12,"patchRateMs":33.333333333333336,"staleInputMs":500,"authoritative":true}
[battle_room] join sessionId=rwWCZowd1 name=Player_2737 team=red players=1
{"ts":"2026-03-22T03:27:25.048Z","level":"info","event":"room_join","room":"battle_room","roomId":"g3jixUXu7","sessionId":"rwWCZowd1","name":"Player_2737","players":1}
{"ts":"2026-03-22T03:27:25.403Z","level":"info","event":"room_leave","room":"battle_room","roomId":"g3jixUXu7","sessionId":"rwWCZowd1","players":0}
[battle_room] leave sessionId=rwWCZowd1 players=0
[battle_room] join sessionId=zRayMFAhh name=Player_2737 team=red players=1
{"ts":"2026-03-22T03:27:43.260Z","level":"info","event":"room_join","room":"battle_room","roomId":"g3jixUXu7","sessionId":"zRayMFAhh","name":"Player_2737","players":1}
[battle_room] join sessionId=CrObfAG3d name=Player_6319 team=blue players=2
{"ts":"2026-03-22T03:27:43.274Z","level":"info","event":"room_join","room":"battle_room","roomId":"g3jixUXu7","sessionId":"CrObfAG3d","name":"Player_6319","players":2}
{"ts":"2026-03-22T03:27:43.443Z","level":"info","event":"battle_ready","room":"battle_room","roomId":"g3jixUXu7","sessionId":"zRayMFAhh","readyCount":0,"players":2}
{"ts":"2026-03-22T03:27:43.503Z","level":"info","event":"battle_ready","room":"battle_room","roomId":"g3jixUXu7","sessionId":"CrObfAG3d","readyCount":1,"players":2}
{"ts":"2026-03-22T03:33:25.313Z","level":"info","event":"room_leave","room":"battle_room","roomId":"g3jixUXu7","sessionId":"zRayMFAhh","players":1}
[battle_room] leave sessionId=zRayMFAhh players=1
{"ts":"2026-03-22T03:33:25.754Z","level":"info","event":"room_leave","room":"battle_room","roomId":"g3jixUXu7","sessionId":"CrObfAG3d","players":0}
[battle_room] leave sessionId=CrObfAG3d players=0
[battle_room] created roomId=Y62TKQFHI gameType=deathmatch scoreLimit=5 maxClients=12 patchRateMs=33
{"ts":"2026-03-22T03:33:28.298Z","level":"info","event":"room_create","room":"battle_room","roomId":"Y62TKQFHI","gameType":"deathmatch","scoreLimit":5,"maxClients":12,"patchRateMs":33.333333333333336,"staleInputMs":500,"authoritative":true}
[battle_room] join sessionId=sJQALz4Vo name=Player_2737 team=red players=1
{"ts":"2026-03-22T03:33:31.006Z","level":"info","event":"room_join","room":"battle_room","roomId":"Y62TKQFHI","sessionId":"sJQALz4Vo","name":"Player_2737","players":1}
[battle_room] join sessionId=0PUEU_YRV name=Player_6319 team=blue players=2
{"ts":"2026-03-22T03:33:33.856Z","level":"info","event":"room_join","room":"battle_room","roomId":"Y62TKQFHI","sessionId":"0PUEU_YRV","name":"Player_6319","players":2}
{"ts":"2026-03-22T03:33:33.951Z","level":"info","event":"battle_ready","room":"battle_room","roomId":"Y62TKQFHI","sessionId":"sJQALz4Vo","readyCount":0,"players":2}
{"ts":"2026-03-22T03:33:33.983Z","level":"info","event":"battle_ready","room":"battle_room","roomId":"Y62TKQFHI","sessionId":"0PUEU_YRV","readyCount":1,"players":2}
{"ts":"2026-03-22T03:33:52.733Z","level":"info","event":"room_leave","room":"battle_room","roomId":"Y62TKQFHI","sessionId":"sJQALz4Vo","players":1}
[battle_room] leave sessionId=sJQALz4Vo players=1
{"ts":"2026-03-22T03:33:52.939Z","level":"info","event":"room_leave","room":"battle_room","roomId":"Y62TKQFHI","sessionId":"0PUEU_YRV","players":0}
[battle_room] leave sessionId=0PUEU_YRV players=0
[battle_room] created roomId=nbPAC_MLr gameType=deathmatch scoreLimit=5 maxClients=12 patchRateMs=33
{"ts":"2026-03-22T03:33:55.878Z","level":"info","event":"room_create","room":"battle_room","roomId":"nbPAC_MLr","gameType":"deathmatch","scoreLimit":5,"maxClients":12,"patchRateMs":33.333333333333336,"staleInputMs":500,"authoritative":true}
[battle_room] join sessionId=fCB2AXMnC name=Player_2737 team=red players=1
{"ts":"2026-03-22T03:33:58.567Z","level":"info","event":"room_join","room":"battle_room","roomId":"nbPAC_MLr","sessionId":"fCB2AXMnC","name":"Player_2737","players":1}
[battle_room] join sessionId=KrdI9n1Xe name=Player_6319 team=blue players=2
{"ts":"2026-03-22T03:34:01.474Z","level":"info","event":"room_join","room":"battle_room","roomId":"nbPAC_MLr","sessionId":"KrdI9n1Xe","name":"Player_6319","players":2}
{"ts":"2026-03-22T03:34:01.542Z","level":"info","event":"battle_ready","room":"battle_room","roomId":"nbPAC_MLr","sessionId":"fCB2AXMnC","readyCount":0,"players":2}
{"ts":"2026-03-22T03:34:01.580Z","level":"info","event":"battle_ready","room":"battle_room","roomId":"nbPAC_MLr","sessionId":"KrdI9n1Xe","readyCount":1,"players":2}
{"ts":"2026-03-22T03:34:01.732Z","level":"info","event":"room_leave","room":"battle_room","roomId":"nbPAC_MLr","sessionId":"fCB2AXMnC","players":1}
[battle_room] leave sessionId=fCB2AXMnC players=1
{"ts":"2026-03-22T03:34:01.795Z","level":"info","event":"room_leave","room":"battle_room","roomId":"nbPAC_MLr","sessionId":"KrdI9n1Xe","players":0}
[battle_room] leave sessionId=KrdI9n1Xe players=0
[battle_room] created roomId=YYqvyXb8d gameType=deathmatch scoreLimit=5 maxClients=12 patchRateMs=33
{"ts":"2026-03-22T03:34:04.040Z","level":"info","event":"room_create","room":"battle_room","roomId":"YYqvyXb8d","gameType":"deathmatch","scoreLimit":5,"maxClients":12,"patchRateMs":33.333333333333336,"staleInputMs":500,"authoritative":true}
[battle_room] join sessionId=34PDjipBu name=Player_2737 team=red players=1
{"ts":"2026-03-22T03:34:04.112Z","level":"info","event":"room_join","room":"battle_room","roomId":"YYqvyXb8d","sessionId":"34PDjipBu","name":"Player_2737","players":1}
[battle_room] join sessionId=ArkuxhRmt name=Player_6319 team=blue players=2
{"ts":"2026-03-22T03:34:09.175Z","level":"info","event":"room_join","room":"battle_room","roomId":"YYqvyXb8d","sessionId":"ArkuxhRmt","name":"Player_6319","players":2}
{"ts":"2026-03-22T03:34:09.222Z","level":"info","event":"battle_ready","room":"battle_room","roomId":"YYqvyXb8d","sessionId":"34PDjipBu","readyCount":0,"players":2}
{"ts":"2026-03-22T03:34:10.152Z","level":"info","event":"battle_ready","room":"battle_room","roomId":"YYqvyXb8d","sessionId":"ArkuxhRmt","readyCount":1,"players":2}
{"ts":"2026-03-22T03:34:17.449Z","level":"info","event":"room_leave","room":"battle_room","roomId":"YYqvyXb8d","sessionId":"34PDjipBu","players":1}
[battle_room] leave sessionId=34PDjipBu players=1
{"ts":"2026-03-22T03:34:17.535Z","level":"info","event":"room_leave","room":"battle_room","roomId":"YYqvyXb8d","sessionId":"ArkuxhRmt","players":0}
[battle_room] leave sessionId=ArkuxhRmt players=0
[battle_room] created roomId=suiDmiNTz gameType=deathmatch scoreLimit=5 maxClients=12 patchRateMs=33
{"ts":"2026-03-22T03:34:20.059Z","level":"info","event":"room_create","room":"battle_room","roomId":"suiDmiNTz","gameType":"deathmatch","scoreLimit":5,"maxClients":12,"patchRateMs":33.333333333333336,"staleInputMs":500,"authoritative":true}
[battle_room] join sessionId=hvrSVIceB name=Player_2737 team=red players=1
{"ts":"2026-03-22T03:34:20.254Z","level":"info","event":"room_join","room":"battle_room","roomId":"suiDmiNTz","sessionId":"hvrSVIceB","name":"Player_2737","players":1}
[battle_room] join sessionId=2rg9kgvoI name=Player_6319 team=blue players=2
{"ts":"2026-03-22T03:34:25.087Z","level":"info","event":"room_join","room":"battle_room","roomId":"suiDmiNTz","sessionId":"2rg9kgvoI","name":"Player_6319","players":2}
{"ts":"2026-03-22T03:34:25.179Z","level":"info","event":"battle_ready","room":"battle_room","roomId":"suiDmiNTz","sessionId":"hvrSVIceB","readyCount":0,"players":2}
{"ts":"2026-03-22T03:34:26.073Z","level":"info","event":"battle_ready","room":"battle_room","roomId":"suiDmiNTz","sessionId":"2rg9kgvoI","readyCount":1,"players":2}
Restarting 'src/index.js'
{"ts":"2026-03-22T03:36:59.502Z","level":"info","event":"server_start","port":2567,"env":"development"}

       ___      _
      / __\___ | |_   _ ___  ___ _   _ ___
     / /  / _ \| | | | / __|/ _ \ | | / __|
    / /__| (_) | | |_| \__ \  __/ |_| \__ \
    \____/\___/|_|\__, |___/\___|\__,_|___/
                  |___/

     · Multiplayer Framework for Node.js ·

💖 Consider becoming a Sponsor on GitHub → https://github.com/sponsors/endel
🌟 Give us a star on GitHub → https://github.com/colyseus/colyseus
☁️  Deploy and scale your project on Colyseus Cloud → https://cloud.colyseus.io


Restarting 'src/index.js'
{"ts":"2026-03-22T03:37:00.446Z","level":"info","event":"server_start","port":2567,"env":"development"}

       ___      _
      / __\___ | |_   _ ___  ___ _   _ ___
     / /  / _ \| | | | / __|/ _ \ | | / __|
    / /__| (_) | | |_| \__ \  __/ |_| \__ \
    \____/\___/|_|\__, |___/\___|\__,_|___/
                  |___/

     · Multiplayer Framework for Node.js ·

💖 Consider becoming a Sponsor on GitHub → https://github.com/sponsors/endel
🌟 Give us a star on GitHub → https://github.com/colyseus/colyseus
☁️  Deploy and scale your project on Colyseus Cloud → https://cloud.colyseus.io


Restarting 'src/index.js'
{"ts":"2026-03-22T03:38:58.719Z","level":"info","event":"server_start","port":2567,"env":"development"}

       ___      _
      / __\___ | |_   _ ___  ___ _   _ ___
     / /  / _ \| | | | / __|/ _ \ | | / __|
    / /__| (_) | | |_| \__ \  __/ |_| \__ \
    \____/\___/|_|\__, |___/\___|\__,_|___/
                  |___/

     · Multiplayer Framework for Node.js ·

💖 Consider becoming a Sponsor on GitHub → https://github.com/sponsors/endel
🌟 Give us a star on GitHub → https://github.com/colyseus/colyseus
☁️  Deploy and scale your project on Colyseus Cloud → https://cloud.colyseus.io


Restarting 'src/index.js'
{"ts":"2026-03-22T03:47:03.476Z","level":"info","event":"server_start","port":2567,"env":"development"}

       ___      _
      / __\___ | |_   _ ___  ___ _   _ ___
     / /  / _ \| | | | / __|/ _ \ | | / __|
    / /__| (_) | | |_| \__ \  __/ |_| \__ \
    \____/\___/|_|\__, |___/\___|\__,_|___/
                  |___/

     · Multiplayer Framework for Node.js ·

💖 Consider becoming a Sponsor on GitHub → https://github.com/sponsors/endel
🌟 Give us a star on GitHub → https://github.com/colyseus/colyseus
☁️  Deploy and scale your project on Colyseus Cloud → https://cloud.colyseus.io


[battle_room] created roomId=DsW2r70hq gameType=deathmatch scoreLimit=10 maxClients=2 patchRateMs=17
{"ts":"2026-03-22T03:47:30.156Z","level":"info","event":"room_create","room":"battle_room","roomId":"DsW2r70hq","gameType":"deathmatch","scoreLimit":10,"maxClients":2,"patchRateMs":16.666666666666668,"staleInputMs":500,"authoritative":true}
[battle_room] join sessionId=qhQZWhRZs name=Player team=red players=1
{"ts":"2026-03-22T03:47:30.618Z","level":"info","event":"room_join","room":"battle_room","roomId":"DsW2r70hq","sessionId":"qhQZWhRZs","name":"Player","players":1}
{"ts":"2026-03-22T03:47:34.514Z","level":"info","event":"battle_ready","room":"battle_room","roomId":"DsW2r70hq","sessionId":"qhQZWhRZs","readyCount":0,"players":1}
[battle_room] join sessionId=6IRkbLdsr name=Player team=blue players=2
{"ts":"2026-03-22T03:47:38.670Z","level":"info","event":"room_join","room":"battle_room","roomId":"DsW2r70hq","sessionId":"6IRkbLdsr","name":"Player","players":2}
{"ts":"2026-03-22T03:47:45.823Z","level":"info","event":"battle_ready","room":"battle_room","roomId":"DsW2r70hq","sessionId":"6IRkbLdsr","readyCount":1,"players":2}
{"ts":"2026-03-22T03:52:43.365Z","level":"info","event":"room_leave","room":"battle_room","roomId":"DsW2r70hq","sessionId":"6IRkbLdsr","players":1}
[battle_room] leave sessionId=6IRkbLdsr players=1
{"ts":"2026-03-22T03:52:43.378Z","level":"info","event":"room_leave","room":"battle_room","roomId":"DsW2r70hq","sessionId":"qhQZWhRZs","players":0}
[battle_room] leave sessionId=qhQZWhRZs players=0
[battle_room] created roomId=V4cNEJqWY gameType=deathmatch scoreLimit=10 maxClients=2 patchRateMs=17
{"ts":"2026-03-22T03:54:18.640Z","level":"info","event":"room_create","room":"battle_room","roomId":"V4cNEJqWY","gameType":"deathmatch","scoreLimit":10,"maxClients":2,"patchRateMs":16.666666666666668,"staleInputMs":500,"authoritative":true}
[battle_room] join sessionId=sLSDeB6DZ name=Player team=red players=1
{"ts":"2026-03-22T03:54:19.204Z","level":"info","event":"room_join","room":"battle_room","roomId":"V4cNEJqWY","sessionId":"sLSDeB6DZ","name":"Player","players":1}
{"ts":"2026-03-22T03:54:23.091Z","level":"info","event":"battle_ready","room":"battle_room","roomId":"V4cNEJqWY","sessionId":"sLSDeB6DZ","readyCount":0,"players":1}
[battle_room] join sessionId=15P9uaV7T name=Player team=blue players=2
{"ts":"2026-03-22T03:54:27.582Z","level":"info","event":"room_join","room":"battle_room","roomId":"V4cNEJqWY","sessionId":"15P9uaV7T","name":"Player","players":2}
{"ts":"2026-03-22T03:54:34.384Z","level":"info","event":"battle_ready","room":"battle_room","roomId":"V4cNEJqWY","sessionId":"15P9uaV7T","readyCount":1,"players":2}
{"ts":"2026-03-22T03:56:25.251Z","level":"info","event":"room_leave","room":"battle_room","roomId":"V4cNEJqWY","sessionId":"15P9uaV7T","players":1}
[battle_room] leave sessionId=15P9uaV7T players=1
{"ts":"2026-03-22T03:56:25.280Z","level":"info","event":"room_leave","room":"battle_room","roomId":"V4cNEJqWY","sessionId":"sLSDeB6DZ","players":0}
[battle_room] leave sessionId=sLSDeB6DZ players=0
[battle_room] created roomId=D0s4EFR4l gameType=deathmatch scoreLimit=10 maxClients=2 patchRateMs=17
{"ts":"2026-03-22T03:56:31.424Z","level":"info","event":"room_create","room":"battle_room","roomId":"D0s4EFR4l","gameType":"deathmatch","scoreLimit":10,"maxClients":2,"patchRateMs":16.666666666666668,"staleInputMs":500,"authoritative":true}
[battle_room] join sessionId=JdCqQDLPr name=Player team=red players=1
{"ts":"2026-03-22T03:56:31.890Z","level":"info","event":"room_join","room":"battle_room","roomId":"D0s4EFR4l","sessionId":"JdCqQDLPr","name":"Player","players":1}
{"ts":"2026-03-22T03:56:35.684Z","level":"info","event":"battle_ready","room":"battle_room","roomId":"D0s4EFR4l","sessionId":"JdCqQDLPr","readyCount":0,"players":1}
[battle_room] join sessionId=0UwUlVZqy name=Player team=blue players=2
{"ts":"2026-03-22T03:56:40.081Z","level":"info","event":"room_join","room":"battle_room","roomId":"D0s4EFR4l","sessionId":"0UwUlVZqy","name":"Player","players":2}
{"ts":"2026-03-22T03:56:46.627Z","level":"info","event":"battle_ready","room":"battle_room","roomId":"D0s4EFR4l","sessionId":"0UwUlVZqy","readyCount":1,"players":2}
{"ts":"2026-03-22T03:59:21.287Z","level":"info","event":"room_leave","room":"battle_room","roomId":"D0s4EFR4l","sessionId":"0UwUlVZqy","players":1}
[battle_room] leave sessionId=0UwUlVZqy players=1
{"ts":"2026-03-22T03:59:21.307Z","level":"info","event":"room_leave","room":"battle_room","roomId":"D0s4EFR4l","sessionId":"JdCqQDLPr","players":0}
[battle_room] leave sessionId=JdCqQDLPr players=0
[battle_room] created roomId=Oir414LCh gameType=deathmatch scoreLimit=10 maxClients=2 patchRateMs=17
{"ts":"2026-03-22T04:00:48.817Z","level":"info","event":"room_create","room":"battle_room","roomId":"Oir414LCh","gameType":"deathmatch","scoreLimit":10,"maxClients":2,"patchRateMs":16.666666666666668,"staleInputMs":500,"authoritative":true}
[battle_room] join sessionId=DNQzILCRP name=Player team=red players=1
{"ts":"2026-03-22T04:00:49.279Z","level":"info","event":"room_join","room":"battle_room","roomId":"Oir414LCh","sessionId":"DNQzILCRP","name":"Player","players":1}
{"ts":"2026-03-22T04:00:53.172Z","level":"info","event":"battle_ready","room":"battle_room","roomId":"Oir414LCh","sessionId":"DNQzILCRP","readyCount":0,"players":1}
[battle_room] join sessionId=393FtVhbN name=Player team=blue players=2
{"ts":"2026-03-22T04:00:57.220Z","level":"info","event":"room_join","room":"battle_room","roomId":"Oir414LCh","sessionId":"393FtVhbN","name":"Player","players":2}
{"ts":"2026-03-22T04:01:03.761Z","level":"info","event":"room_leave","room":"battle_room","roomId":"Oir414LCh","sessionId":"393FtVhbN","players":1}
[battle_room] leave sessionId=393FtVhbN players=1
{"ts":"2026-03-22T04:01:59.219Z","level":"info","event":"room_leave","room":"battle_room","roomId":"Oir414LCh","sessionId":"DNQzILCRP","players":0}
[battle_room] leave sessionId=DNQzILCRP players=0
[battle_room] created roomId=RNviYTCya gameType=deathmatch scoreLimit=10 maxClients=2 patchRateMs=17
{"ts":"2026-03-22T04:02:04.445Z","level":"info","event":"room_create","room":"battle_room","roomId":"RNviYTCya","gameType":"deathmatch","scoreLimit":10,"maxClients":2,"patchRateMs":16.666666666666668,"staleInputMs":500,"authoritative":true}
[battle_room] join sessionId=FVa57bXXQ name=Player team=red players=1
{"ts":"2026-03-22T04:02:04.888Z","level":"info","event":"room_join","room":"battle_room","roomId":"RNviYTCya","sessionId":"FVa57bXXQ","name":"Player","players":1}
{"ts":"2026-03-22T04:02:08.679Z","level":"info","event":"battle_ready","room":"battle_room","roomId":"RNviYTCya","sessionId":"FVa57bXXQ","readyCount":0,"players":1}
[battle_room] join sessionId=DPT7kHadT name=Player team=blue players=2
{"ts":"2026-03-22T04:02:12.784Z","level":"info","event":"room_join","room":"battle_room","roomId":"RNviYTCya","sessionId":"DPT7kHadT","name":"Player","players":2}
{"ts":"2026-03-22T04:02:19.081Z","level":"info","event":"room_leave","room":"battle_room","roomId":"RNviYTCya","sessionId":"DPT7kHadT","players":1}
[battle_room] leave sessionId=DPT7kHadT players=1
{"ts":"2026-03-22T04:03:14.064Z","level":"info","event":"room_leave","room":"battle_room","roomId":"RNviYTCya","sessionId":"FVa57bXXQ","players":0}
[battle_room] leave sessionId=FVa57bXXQ players=0
[battle_room] created roomId=jF0HBRnxc gameType=deathmatch scoreLimit=10 maxClients=2 patchRateMs=17
{"ts":"2026-03-22T04:04:01.377Z","level":"info","event":"room_create","room":"battle_room","roomId":"jF0HBRnxc","gameType":"deathmatch","scoreLimit":10,"maxClients":2,"patchRateMs":16.666666666666668,"staleInputMs":500,"authoritative":true}
[battle_room] join sessionId=YJRzEsFqw name=Player team=red players=1
{"ts":"2026-03-22T04:04:01.852Z","level":"info","event":"room_join","room":"battle_room","roomId":"jF0HBRnxc","sessionId":"YJRzEsFqw","name":"Player","players":1}
{"ts":"2026-03-22T04:04:06.107Z","level":"info","event":"battle_ready","room":"battle_room","roomId":"jF0HBRnxc","sessionId":"YJRzEsFqw","readyCount":0,"players":1}
[battle_room] join sessionId=LPiSOLjar name=Player team=blue players=2
{"ts":"2026-03-22T04:04:10.832Z","level":"info","event":"room_join","room":"battle_room","roomId":"jF0HBRnxc","sessionId":"LPiSOLjar","name":"Player","players":2}
{"ts":"2026-03-22T04:04:19.371Z","level":"info","event":"battle_ready","room":"battle_room","roomId":"jF0HBRnxc","sessionId":"LPiSOLjar","readyCount":1,"players":2}
{"ts":"2026-03-22T04:09:14.205Z","level":"info","event":"room_leave","room":"battle_room","roomId":"jF0HBRnxc","sessionId":"LPiSOLjar","players":1}
[battle_room] leave sessionId=LPiSOLjar players=1
{"ts":"2026-03-22T04:09:14.242Z","level":"info","event":"room_leave","room":"battle_room","roomId":"jF0HBRnxc","sessionId":"YJRzEsFqw","players":0}
[battle_room] leave sessionId=YJRzEsFqw players=0
[battle_room] created roomId=eOlrLbzXE gameType=deathmatch scoreLimit=10 maxClients=2 patchRateMs=17
{"ts":"2026-03-22T04:09:23.744Z","level":"info","event":"room_create","room":"battle_room","roomId":"eOlrLbzXE","gameType":"deathmatch","scoreLimit":10,"maxClients":2,"patchRateMs":16.666666666666668,"staleInputMs":500,"authoritative":true}
[battle_room] join sessionId=Dajler7ca name=Player team=red players=1
{"ts":"2026-03-22T04:09:24.353Z","level":"info","event":"room_join","room":"battle_room","roomId":"eOlrLbzXE","sessionId":"Dajler7ca","name":"Player","players":1}
{"ts":"2026-03-22T04:09:28.888Z","level":"info","event":"battle_ready","room":"battle_room","roomId":"eOlrLbzXE","sessionId":"Dajler7ca","readyCount":0,"players":1}
[battle_room] join sessionId=l4akJtJPa name=Player team=blue players=2
{"ts":"2026-03-22T04:09:33.394Z","level":"info","event":"room_join","room":"battle_room","roomId":"eOlrLbzXE","sessionId":"l4akJtJPa","name":"Player","players":2}
{"ts":"2026-03-22T04:09:40.855Z","level":"info","event":"battle_ready","room":"battle_room","roomId":"eOlrLbzXE","sessionId":"l4akJtJPa","readyCount":1,"players":2}
[battle_room] created roomId=w844v3DUY gameType=deathmatch scoreLimit=5 maxClients=2 patchRateMs=17
{"ts":"2026-03-22T04:12:57.676Z","level":"info","event":"room_create","room":"battle_room","roomId":"w844v3DUY","gameType":"deathmatch","scoreLimit":5,"maxClients":2,"patchRateMs":16.666666666666668,"staleInputMs":500,"authoritative":true}
[battle_room] join sessionId=UHVfgTlrM name=Player team=red players=1
{"ts":"2026-03-22T04:12:58.117Z","level":"info","event":"room_join","room":"battle_room","roomId":"w844v3DUY","sessionId":"UHVfgTlrM","name":"Player","players":1}
[battle_room] join sessionId=AINJfyCvy name=Player team=blue players=2
{"ts":"2026-03-22T04:13:04.998Z","level":"info","event":"room_join","room":"battle_room","roomId":"w844v3DUY","sessionId":"AINJfyCvy","name":"Player","players":2}
{"ts":"2026-03-22T04:13:06.888Z","level":"info","event":"room_leave","room":"battle_room","roomId":"w844v3DUY","sessionId":"UHVfgTlrM","players":1}
[battle_room] leave sessionId=UHVfgTlrM players=1
{"ts":"2026-03-22T04:13:12.870Z","level":"info","event":"room_leave","room":"battle_room","roomId":"w844v3DUY","sessionId":"AINJfyCvy","players":0}
[battle_room] leave sessionId=AINJfyCvy players=0
{"ts":"2026-03-22T04:14:26.786Z","level":"info","event":"room_leave","room":"battle_room","roomId":"eOlrLbzXE","sessionId":"l4akJtJPa","players":1}
[battle_room] leave sessionId=l4akJtJPa players=1
{"ts":"2026-03-22T04:14:26.820Z","level":"info","event":"room_leave","room":"battle_room","roomId":"eOlrLbzXE","sessionId":"Dajler7ca","players":0}
[battle_room] leave sessionId=Dajler7ca players=0
[battle_room] created roomId=kNfoQMYu0 gameType=deathmatch scoreLimit=5 maxClients=2 patchRateMs=17
{"ts":"2026-03-22T04:14:31.834Z","level":"info","event":"room_create","room":"battle_room","roomId":"kNfoQMYu0","gameType":"deathmatch","scoreLimit":5,"maxClients":2,"patchRateMs":16.666666666666668,"staleInputMs":500,"authoritative":true}
[battle_room] join sessionId=_hm1UpNFY name=Player team=red players=1
{"ts":"2026-03-22T04:14:32.388Z","level":"info","event":"room_join","room":"battle_room","roomId":"kNfoQMYu0","sessionId":"_hm1UpNFY","name":"Player","players":1}
{"ts":"2026-03-22T04:14:36.994Z","level":"info","event":"battle_ready","room":"battle_room","roomId":"kNfoQMYu0","sessionId":"_hm1UpNFY","readyCount":0,"players":1}
[battle_room] join sessionId=2CItxJOwE name=Player team=blue players=2
{"ts":"2026-03-22T04:14:40.912Z","level":"info","event":"room_join","room":"battle_room","roomId":"kNfoQMYu0","sessionId":"2CItxJOwE","name":"Player","players":2}
{"ts":"2026-03-22T04:14:48.836Z","level":"info","event":"battle_ready","room":"battle_room","roomId":"kNfoQMYu0","sessionId":"2CItxJOwE","readyCount":1,"players":2}
{"ts":"2026-03-22T04:16:11.771Z","level":"info","event":"room_leave","room":"battle_room","roomId":"kNfoQMYu0","sessionId":"_hm1UpNFY","players":1}
[battle_room] leave sessionId=_hm1UpNFY players=1
{"ts":"2026-03-22T04:16:11.779Z","level":"info","event":"room_leave","room":"battle_room","roomId":"kNfoQMYu0","sessionId":"2CItxJOwE","players":0}
[battle_room] leave sessionId=2CItxJOwE players=0
[battle_room] created roomId=tDcU1IY6m gameType=deathmatch scoreLimit=5 maxClients=2 patchRateMs=17
{"ts":"2026-03-22T04:17:30.111Z","level":"info","event":"room_create","room":"battle_room","roomId":"tDcU1IY6m","gameType":"deathmatch","scoreLimit":5,"maxClients":2,"patchRateMs":16.666666666666668,"staleInputMs":500,"authoritative":true}
[battle_room] created roomId=Fpq76PCtC gameType=deathmatch scoreLimit=5 maxClients=12 patchRateMs=33
{"ts":"2026-03-22T04:17:30.494Z","level":"info","event":"room_create","room":"battle_room","roomId":"Fpq76PCtC","gameType":"deathmatch","scoreLimit":5,"maxClients":12,"patchRateMs":33.333333333333336,"staleInputMs":500,"authoritative":true}
[battle_room] join sessionId=_2p7MCTdH name=Player team=red players=1
{"ts":"2026-03-22T04:17:30.577Z","level":"info","event":"room_join","room":"battle_room","roomId":"tDcU1IY6m","sessionId":"_2p7MCTdH","name":"Player","players":1}
{"ts":"2026-03-22T04:17:35.216Z","level":"info","event":"battle_ready","room":"battle_room","roomId":"tDcU1IY6m","sessionId":"_2p7MCTdH","readyCount":0,"players":1}
[battle_room] join sessionId=gkjZ45X_w name=Player team=blue players=2
{"ts":"2026-03-22T04:17:38.749Z","level":"info","event":"room_join","room":"battle_room","roomId":"tDcU1IY6m","sessionId":"gkjZ45X_w","name":"Player","players":2}
[battle_room] join sessionId=A695bzxPx name=Player_2737 team=red players=1
{"ts":"2026-03-22T04:17:44.024Z","level":"info","event":"room_join","room":"battle_room","roomId":"Fpq76PCtC","sessionId":"A695bzxPx","name":"Player_2737","players":1}
[battle_room] join sessionId=Jv2jCh4-4 name=Player_6319 team=blue players=2
{"ts":"2026-03-22T04:17:44.043Z","level":"info","event":"room_join","room":"battle_room","roomId":"Fpq76PCtC","sessionId":"Jv2jCh4-4","name":"Player_6319","players":2}
{"ts":"2026-03-22T04:17:44.187Z","level":"info","event":"battle_ready","room":"battle_room","roomId":"Fpq76PCtC","sessionId":"A695bzxPx","readyCount":0,"players":2}
{"ts":"2026-03-22T04:17:44.201Z","level":"info","event":"battle_ready","room":"battle_room","roomId":"Fpq76PCtC","sessionId":"Jv2jCh4-4","readyCount":1,"players":2}
{"ts":"2026-03-22T04:17:46.923Z","level":"info","event":"battle_ready","room":"battle_room","roomId":"tDcU1IY6m","sessionId":"gkjZ45X_w","readyCount":1,"players":2}
{"ts":"2026-03-22T04:19:09.908Z","level":"info","event":"room_leave","room":"battle_room","roomId":"tDcU1IY6m","sessionId":"_2p7MCTdH","players":1}
[battle_room] leave sessionId=_2p7MCTdH players=1
{"ts":"2026-03-22T04:19:09.965Z","level":"info","event":"room_leave","room":"battle_room","roomId":"tDcU1IY6m","sessionId":"gkjZ45X_w","players":0}
[battle_room] leave sessionId=gkjZ45X_w players=0
[battle_room] created roomId=Lo5e2d5jZ gameType=deathmatch scoreLimit=5 maxClients=2 patchRateMs=17
{"ts":"2026-03-22T04:19:15.461Z","level":"info","event":"room_create","room":"battle_room","roomId":"Lo5e2d5jZ","gameType":"deathmatch","scoreLimit":5,"maxClients":2,"patchRateMs":16.666666666666668,"staleInputMs":500,"authoritative":true}
[battle_room] join sessionId=yLo9sG-Th name=Player team=red players=1
{"ts":"2026-03-22T04:19:15.842Z","level":"info","event":"room_join","room":"battle_room","roomId":"Lo5e2d5jZ","sessionId":"yLo9sG-Th","name":"Player","players":1}
{"ts":"2026-03-22T04:19:19.993Z","level":"info","event":"battle_ready","room":"battle_room","roomId":"Lo5e2d5jZ","sessionId":"yLo9sG-Th","readyCount":0,"players":1}
[battle_room] join sessionId=Qgh85XVHM name=Player team=blue players=2
{"ts":"2026-03-22T04:19:24.235Z","level":"info","event":"room_join","room":"battle_room","roomId":"Lo5e2d5jZ","sessionId":"Qgh85XVHM","name":"Player","players":2}
{"ts":"2026-03-22T04:19:31.938Z","level":"info","event":"battle_ready","room":"battle_room","roomId":"Lo5e2d5jZ","sessionId":"Qgh85XVHM","readyCount":1,"players":2}
{"ts":"2026-03-22T04:20:55.302Z","level":"info","event":"room_leave","room":"battle_room","roomId":"Lo5e2d5jZ","sessionId":"yLo9sG-Th","players":1}
[battle_room] leave sessionId=yLo9sG-Th players=1
{"ts":"2026-03-22T04:20:55.314Z","level":"info","event":"room_leave","room":"battle_room","roomId":"Lo5e2d5jZ","sessionId":"Qgh85XVHM","players":0}
[battle_room] leave sessionId=Qgh85XVHM players=0
[battle_room] created roomId=gJ5i66XPx gameType=deathmatch scoreLimit=5 maxClients=2 patchRateMs=17
{"ts":"2026-03-22T04:21:33.549Z","level":"info","event":"room_create","room":"battle_room","roomId":"gJ5i66XPx","gameType":"deathmatch","scoreLimit":5,"maxClients":2,"patchRateMs":16.666666666666668,"staleInputMs":500,"authoritative":true}
[battle_room] join sessionId=JVAHQ5L7J name=Player team=red players=1
{"ts":"2026-03-22T04:21:33.935Z","level":"info","event":"room_join","room":"battle_room","roomId":"gJ5i66XPx","sessionId":"JVAHQ5L7J","name":"Player","players":1}
[battle_room] join sessionId=fgQcjF-Bw name=Player team=blue players=2
{"ts":"2026-03-22T04:21:37.225Z","level":"info","event":"room_join","room":"battle_room","roomId":"gJ5i66XPx","sessionId":"fgQcjF-Bw","name":"Player","players":2}
{"ts":"2026-03-22T04:21:38.130Z","level":"info","event":"battle_ready","room":"battle_room","roomId":"gJ5i66XPx","sessionId":"JVAHQ5L7J","readyCount":0,"players":2}
{"ts":"2026-03-22T04:21:42.919Z","level":"info","event":"battle_ready","room":"battle_room","roomId":"gJ5i66XPx","sessionId":"fgQcjF-Bw","readyCount":1,"players":2}
{"ts":"2026-03-22T04:23:32.804Z","level":"info","event":"room_leave","room":"battle_room","roomId":"Fpq76PCtC","sessionId":"A695bzxPx","players":1}
[battle_room] leave sessionId=A695bzxPx players=1
{"ts":"2026-03-22T04:23:32.808Z","level":"info","event":"room_leave","room":"battle_room","roomId":"Fpq76PCtC","sessionId":"Jv2jCh4-4","players":0}
[battle_room] leave sessionId=Jv2jCh4-4 players=0
[battle_room] created roomId=2ajXgn0UT gameType=deathmatch scoreLimit=5 maxClients=2 patchRateMs=17
{"ts":"2026-03-22T04:24:55.040Z","level":"info","event":"room_create","room":"battle_room","roomId":"2ajXgn0UT","gameType":"deathmatch","scoreLimit":5,"maxClients":2,"patchRateMs":16.666666666666668,"staleInputMs":500,"authoritative":true}
[battle_room] join sessionId=e2AfCIqCa name=Player team=red players=1
{"ts":"2026-03-22T04:24:55.704Z","level":"info","event":"room_join","room":"battle_room","roomId":"2ajXgn0UT","sessionId":"e2AfCIqCa","name":"Player","players":1}
[battle_room] join sessionId=TDVHmJdyo name=Player team=blue players=2
{"ts":"2026-03-22T04:24:59.414Z","level":"info","event":"room_join","room":"battle_room","roomId":"2ajXgn0UT","sessionId":"TDVHmJdyo","name":"Player","players":2}
{"ts":"2026-03-22T04:25:02.325Z","level":"info","event":"battle_ready","room":"battle_room","roomId":"2ajXgn0UT","sessionId":"e2AfCIqCa","readyCount":0,"players":2}
{"ts":"2026-03-22T04:25:07.248Z","level":"info","event":"battle_ready","room":"battle_room","roomId":"2ajXgn0UT","sessionId":"TDVHmJdyo","readyCount":1,"players":2}
[battle_room] created roomId=G1hb9NmY_ gameType=deathmatch scoreLimit=5 maxClients=2 patchRateMs=17
{"ts":"2026-03-22T04:27:26.739Z","level":"info","event":"room_create","room":"battle_room","roomId":"G1hb9NmY_","gameType":"deathmatch","scoreLimit":5,"maxClients":2,"patchRateMs":16.666666666666668,"staleInputMs":500,"authoritative":true}
[battle_room] join sessionId=4pWU13rzW name=Player team=red players=1
{"ts":"2026-03-22T04:27:27.841Z","level":"info","event":"room_join","room":"battle_room","roomId":"G1hb9NmY_","sessionId":"4pWU13rzW","name":"Player","players":1}
[battle_room] join sessionId=Ab8T9pNwQ name=Player team=blue players=2
{"ts":"2026-03-22T04:27:33.443Z","level":"info","event":"room_join","room":"battle_room","roomId":"G1hb9NmY_","sessionId":"Ab8T9pNwQ","name":"Player","players":2}
{"ts":"2026-03-22T04:27:34.971Z","level":"info","event":"room_leave","room":"battle_room","roomId":"G1hb9NmY_","sessionId":"4pWU13rzW","players":1}
[battle_room] leave sessionId=4pWU13rzW players=1
{"ts":"2026-03-22T04:27:41.007Z","level":"info","event":"room_leave","room":"battle_room","roomId":"G1hb9NmY_","sessionId":"Ab8T9pNwQ","players":0}
[battle_room] leave sessionId=Ab8T9pNwQ players=0
{"ts":"2026-03-22T04:28:55.031Z","level":"info","event":"room_leave","room":"battle_room","roomId":"2ajXgn0UT","sessionId":"e2AfCIqCa","players":1}
[battle_room] leave sessionId=e2AfCIqCa players=1
{"ts":"2026-03-22T04:28:55.050Z","level":"info","event":"room_leave","room":"battle_room","roomId":"2ajXgn0UT","sessionId":"TDVHmJdyo","players":0}
[battle_room] leave sessionId=TDVHmJdyo players=0
